unique_id,spill_2023,spill_2024,yoy_change,yoy_pct_change
6NW000001,36.0,,,
6NW000002,17.0,,,
6NW000003,5.0,,,
6NW000004,10.0,,,
6NW000005,41.0,,,
6NW000006,12.0,,,
6NW000007,24.0,,,
6NW000008,1.0,,,
6NW000009,68.0,,,
6NW000010,0.0,,,
6NW000011,4.0,,,
6NW000012,0.0,,,
6NW000013,48.0,,,
6NW000014,6.0,,,
6NW000015,1.0,,,
6NW000016,6.0,,,
6NW000017,29.0,,,
6NW000019,26.0,,,
6NW000021,3.0,,,
6NW000022,25.0,,,
6NW000023,60.0,,,
6NW000024,17.0,,,
6NW000025,65.0,,,
6NW000027,1.0,,,
6NW000028,1.0,,,
6NW000029,85.0,,,
6NW000030,0.0,,,
6NW000032,84.0,,,
6NW000034,0.0,,,
6NW000036,4.0,,,
6NW000037,4.0,,,
6NW000038,23.0,,,
6NW000039,5.0,,,
6NW000040,21.0,,,
6NW000043,0.0,,,
6NW000044,5.0,,,
6NW000045,1.0,,,
6NW000046M2,5.0,,,
6NW000046M3,25.0,,,
6NW000046M4,0.0,,,
6NW000046M5,34.0,,,
6NW000048,0.0,,,
6NW000051,1.0,,,
6NW000052,1.0,,,
6NW000053,1.0,,,
6NW000054,4.0,,,
6NW000055,11.0,,,
6NW000056,67.0,,,
6NW000057,10.0,,,
6NW000058,1.0,,,
6NW000059,3.0,,,
6NW000062,33.0,,,
6NW450106,40.0,,,
6NW540106M2,1.0,,,
6NW540106M4,0.0,,,
6NW800101,51.0,,,
6NW800103,14.0,,,
6NW800104,114.0,,,
6NW800106,9.0,,,
6NW800107,101.0,,,
6NW800108,37.0,,,
6NW800110,13.0,,,
6NW800111,19.0,,,
6NW800112,116.0,,,
6NW800114,5.0,,,
6NW800115,93.0,,,
6NW800116,21.0,,,
6NW800117,30.0,,,
6NW800118,80.0,,,
6NW800119,20.0,,,
6NW800120,77.0,,,
6NW800121,0.0,,,
6NW800122,166.0,,,
6NW800123,11.0,,,
6NW800124,0.0,,,
6NW800125,96.0,,,
6NW800128,64.0,,,
6NW800129,0.0,,,
6NW800133(1),66.0,,,
6NW800133(2),3.0,,,
6NW800134,82.0,,,
6NW800135,0.0,,,
6NW800136,47.0,,,
6NW800137,37.0,,,
6NW800138,136.0,,,
6NW800139,14.0,,,
6NW800141,21.0,,,
6NW800142,7.0,,,
6NW800143,223.0,,,
6NW800144,264.0,,,
6NW800145,95.0,,,
6NW800146,13.0,,,
6NW800147,18.0,,,
6NW800148,114.0,,,
6NW800150,85.0,,,
6NW800151,4.0,,,
6NW800152,1.0,,,
6NW800153,54.0,,,
6NW800154,2.0,,,
6NW800155,56.0,,,
6NW800157,0.0,,,
6NW800158,0.0,,,
6NW800160,12.0,,,
6NW800162,2.0,,,
6NW800164,55.0,,,
6NW800165,51.0,,,
6NW800166,55.0,,,
6NW800167,66.0,,,
6NW800168,0.0,,,
6NW800169,39.0,,,
6NW800170,102.0,,,
6NW800171,50.0,,,
6NW800172,58.0,,,
6NW800173,22.0,,,
6NW800174,26.0,,,
6NW800176,5.0,,,
6NW800177,25.0,,,
6NW800178,87.0,,,
6NW800179,156.0,,,
6NW800180,46.0,,,
6NW800181,37.0,,,
6NW800182,21.0,,,
6NW800183,0.0,,,
6NW800184,5.0,,,
6NW800185,119.0,,,
6NW800186,6.0,,,
6NW800187,0.0,,,
6NW800188,64.0,,,
6NW800189,94.0,,,
6NW800190,63.0,,,
6NW800191,9.0,,,
6NW800192,55.0,,,
6NW800193,7.0,,,
6NW800194,105.0,,,
6NW800195,153.0,,,
6NW800196,91.0,,,
6NW800197,146.0,,,
6NW800198,11.0,,,
6NW800199,170.0,,,
6NW800200,11.0,,,
6NW800203(1),10.0,,,
6NW800203(2),136.0,,,
6NW800204,29.0,,,
6NW800205,59.0,,,
6NW800206,23.0,,,
6NW800207,15.0,,,
6NW800208,19.0,,,
6NW800209,34.0,,,
6NW800210,61.0,,,
6NW800211,25.0,,,
6NW800212,26.0,,,
6NW800214,12.0,,,
6NW800215,20.0,,,
6NW800216,4.0,,,
6NW800217,0.0,,,
6NW800218,1.0,,,
6NW800219,5.0,,,
6NW800222,1.0,,,
6NW800223,30.0,,,
6NW800224,40.0,,,
6NW800225,0.0,,,
6NW800226,31.0,,,
6NW800227,4.0,,,
6NW800229,14.0,,,
6NW800230,22.0,,,
6NW800231,11.0,,,
6NW800232,24.0,,,
6NW800233,33.0,,,
6NW800234,4.0,,,
6NW800235,5.0,,,
6NW800236,24.0,,,
6NW800237,24.0,,,
6NW800238,31.0,,,
6NW800239,36.0,,,
6NW800240,65.0,,,
6NW800241,12.0,,,
6NW800243,54.0,,,
6NW800244,10.0,,,
6NW800245,16.0,,,
6NW800246,23.0,,,
6NW800247,0.0,,,
6NW800248,0.0,,,
6NW800249,75.0,,,
6NW800250,19.0,,,
6NW800251,10.0,,,
6NW800253,0.0,,,
6NW800254,3.0,,,
6NW800255,49.0,,,
6NW800256,8.0,,,
6NW800257,0.0,,,
6NW800259,2.0,,,
6NW800260,31.0,,,
6NW800261,18.0,,,
6NW800262,1.0,,,
6NW800263,15.0,,,
6NW800264,0.0,,,
6NW800265,64.0,,,
6NW800266,108.0,,,
6NW800267,87.0,,,
6NW800268,1.0,,,
6NW800269,55.0,,,
6NW800270,59.0,,,
6NW800271,93.0,,,
6NW800272,0.0,,,
6NW800274,22.0,,,
6NW800275,1.0,,,
6NW800276,0.0,,,
6NW800277,0.0,,,
6NW800278,85.0,,,
6NW800279,144.0,,,
6NW800280,57.0,,,
6NW800282,0.0,,,
6NW800283,42.0,,,
6NW800284,37.0,,,
6NW800286,70.0,,,
6NW800287,10.0,,,
6NW800288,2.0,,,
6NW800289,14.0,,,
6NW800290,34.0,,,
6NW800291,56.0,,,
6NW800292,0.0,,,
6NW800293,0.0,,,
6NW800294,26.0,,,
6NW800295,12.0,,,
6NW800296,0.0,,,
6NW800297,63.0,,,
6NW800298,74.0,,,
6NW800299,31.0,,,
6NW800301,0.0,,,
6NW800302,0.0,,,
6NW800303,1.0,,,
6NW800304,8.0,,,
6NW800305M2,75.0,,,
6NW800305M5,0.0,,,
6NW800307,51.0,,,
6NW800309,12.0,,,
6NW800310,35.0,,,
6NW800311,17.0,,,
6NW800312,53.0,,,
6NW800313,2.0,,,
6NW800314,86.0,,,
6NW800315,0.0,,,
6NW800316,116.0,,,
6NW800317,92.0,,,
6NW800318,37.0,,,
6NW800319,102.0,,,
6NW800320,63.0,,,
6NW800321,57.0,,,
6NW800323,0.0,,,
6NW800324,10.0,,,
6NW800325,2.0,,,
6NW800326,6.0,,,
6NW800327,0.0,,,
6NW800329,6.0,,,
6NW800330,0.0,,,
6NW800331,16.0,,,
6NW800332,30.0,,,
6NW800333,33.0,,,
6NW800335,1.0,,,
6NW800336,0.0,,,
6NW800337,51.0,,,
6NW800338,3.0,,,
6NW800339,35.0,,,
6NW800340,36.0,,,
6NW800341,34.0,,,
6NW800344,51.0,,,
6NW800345,2.0,,,
6NW800346,10.0,,,
6NW800347,24.0,,,
6NW800349,43.0,,,
6NW800352,47.0,,,
6NW800353,19.0,,,
6NW800355,12.0,,,
6NW800356,88.0,,,
6NW800357,0.0,,,
6NW800360,34.0,,,
6NW800361,11.0,,,
6NW800362,43.0,,,
6NW800363,52.0,,,
6NW800365,53.0,,,
6NW800366,2.0,,,
6NW800367,50.0,,,
6NW800368,128.0,,,
6NW800369,111.0,,,
6NW800370,134.0,,,
6NW800371,1.0,,,
6NW800372,0.0,,,
6NW800373,0.0,,,
6NW800374,68.0,,,
6NW800375,0.0,,,
6NW800376,11.0,,,
6NW800377,4.0,,,
6NW800378,48.0,,,
6NW800379,32.0,,,
6NW800380,4.0,,,
6NW800381,68.0,,,
6NW800382,13.0,,,
6NW800383,0.0,,,
6NW800384,0.0,,,
6NW800385,0.0,,,
6NW800387,0.0,,,
6NW800388,0.0,,,
6NW800389,83.0,,,
6NW800390,44.0,,,
6NW800391,9.0,,,
6NW800392,30.0,,,
6NW800393,0.0,,,
6NW800394,1.0,,,
6NW800395,18.0,,,
6NW800396,67.0,,,
6NW800397,37.0,,,
6NW800398,23.0,,,
6NW800400,30.0,,,
6NW800401,40.0,,,
6NW800402,18.0,,,
6NW800403,64.0,,,
6NW800404,36.0,,,
6NW800405,3.0,,,
6NW800406,3.0,,,
6NW800407,50.0,,,
6NW800408,63.0,,,
6NW800409,0.0,,,
6NW800410,19.0,,,
6NW800411,52.0,,,
6NW800412,42.0,,,
6NW800413,29.0,,,
6NW800414,114.0,,,
6NW800415,6.0,,,
6NW800417,1.0,,,
6NW800418,57.0,,,
6NW800419M2,36.0,,,
6NW800419M3,46.0,,,
6NW800420,55.0,,,
6NW800421,67.0,,,
6NW800422,14.0,,,
6NW800423,0.0,,,
6NW800424M2,1.0,,,
6NW800424M3,35.0,,,
6NW800424M4,37.0,,,
6NW800425,84.0,,,
6NW800427,48.0,,,
6NW800428,0.0,,,
6NW800429,7.0,,,
6NW800430,20.0,,,
6NW800431,1.0,,,
6NW800433,0.0,,,
6NW800434,1.0,,,
6NW800436,2.0,,,
6NW800437,51.0,,,
6NW800438,0.0,,,
6NW800439,26.0,,,
6NW800440,20.0,,,
6NW800441,19.0,,,
6NW800442,0.0,,,
6NW800443,25.0,,,
6NW800444,0.0,,,
6NW800445,1.0,,,
6NW800446,0.0,,,
6NW800453,20.0,,,
6NW800454,4.0,,,
6NW800455,8.0,,,
6NW800456,21.0,,,
6NW800457,0.0,,,
6NW800458,0.0,,,
6NW800459,87.0,,,
6NW800460,0.0,,,
6NW800461,95.0,,,
6NW800462,57.0,,,
6NW800463,0.0,,,
6NW800464,23.0,,,
6NW800465,2.0,,,
6NW800466,0.0,,,
6NW800467,58.0,,,
6NW800468,0.0,,,
6NW800469,6.0,,,
6NW800470,31.0,,,
6NW800471,17.0,,,
6NW800472,0.0,,,
6NW800473,11.0,,,
6NW800474,21.0,,,
6NW800475,4.0,,,
6NW800476,11.0,,,
6NW800477(1),35.0,,,
6NW800477(2),46.0,,,
6NW800478,78.0,,,
6NW800479,0.0,,,
6NW800480,49.0,,,
6NW800481,12.0,,,
6NW800482,24.0,,,
6NW800483,2.0,,,
6NW800484,15.0,,,
6NW800485,26.0,,,
6NW800486,7.0,,,
6NW800487,94.0,,,
6NW800488,2.0,,,
6NW800489,16.0,,,
6NW800490,55.0,,,
6NW800491,22.0,,,
6NW800492,28.0,,,
6NW800493,6.0,,,
6NW800494,34.0,,,
6NW800495,37.0,,,
6NW800496,31.0,,,
6NW800497,31.0,,,
6NW800498,27.0,,,
6NW800499,37.0,,,
6NW800500,39.0,,,
6NW800501,3.0,,,
6NW800502,62.0,,,
6NW800504,30.0,,,
6NW800506,68.0,,,
6NW800507,24.0,,,
6NW800508,42.0,,,
6NW800509,0.0,,,
6NW800510,15.0,,,
6NW800511,49.0,,,
6NW800512,75.0,,,
6NW800513,62.0,,,
6NW800514,0.0,,,
6NW800515,76.0,,,
6NW800516,3.0,,,
6NW800517,28.0,,,
6NW800518,31.0,,,
6NW800519,0.0,,,
6NW800520,3.0,,,
6NW800521,36.0,,,
6NW800522,0.0,,,
6NW800523,6.0,,,
6NW800524,80.0,,,
6NW800525,60.0,,,
6NW800526,63.0,,,
6NW800529,52.0,,,
6NW800530,1.0,,,
6NW800531,50.0,,,
6NW800533,20.0,,,
6NW800534,11.0,,,
6NW800535,9.0,,,
6NW800536,4.0,,,
6NW800538,0.0,,,
6NW800539,100.0,,,
6NW800540,1.0,,,
6NW800541,28.0,,,
6NW800542,25.0,,,
6NW800543,0.0,,,
6NW800544,2.0,,,
6NW800545,123.0,,,
6NW800546,187.0,,,
6NW800547,20.0,,,
6NW800548,37.0,,,
6NW800549,8.0,,,
6NW800550,7.0,,,
6NW800551,40.0,,,
6NW800552,7.0,,,
6NW800553,11.0,,,
6NW800554,67.0,,,
6NW800555,48.0,,,
6NW800556,0.0,,,
6NW800557,3.0,,,
6NW800558,3.0,,,
6NW800559,16.0,,,
6NW800560,9.0,,,
6NW800561,33.0,,,
6NW800562,21.0,,,
6NW800563,2.0,,,
6NW800564,37.0,,,
6NW800565,13.0,,,
6NW800566,18.0,,,
6NW800567,44.0,,,
6NW800568,26.0,,,
6NW800569,1.0,,,
6NW800570,41.0,,,
6NW800571,20.0,,,
6NW800572,3.0,,,
6NW800573,50.0,,,
6NW800574,57.0,,,
6NW800575,61.0,,,
6NW800576,148.0,,,
6NW800577,3.0,,,
6NW800578,167.0,,,
6NW800579,25.0,,,
6NW800581,136.0,,,
6NW800582,3.0,,,
6NW800583,0.0,,,
6NW800584,5.0,,,
6NW800585,0.0,,,
6NW800586,24.0,,,
6NW800587,6.0,,,
6NW800588,52.0,,,
6NW800589,2.0,,,
6NW800590,129.0,,,
6NW800591,30.0,,,
6NW800592,4.0,,,
6NW800593,69.0,,,
6NW800594,2.0,,,
6NW800595,1.0,,,
6NW800596,33.0,,,
6NW800597,18.0,,,
6NW800598,5.0,,,
6NW800599,59.0,,,
6NW800600,5.0,,,
6NW800601,21.0,,,
6NW800602,31.0,,,
6NW800603,71.0,,,
6NW800604,58.0,,,
6NW800605,6.0,,,
6NW800606,59.0,,,
6NW800607,59.0,,,
6NW800608,74.0,,,
6NW800609,24.0,,,
6NW800610,54.0,,,
6NW800611,24.0,,,
6NW800612,0.0,,,
6NW800613,27.0,,,
6NW800614,33.0,,,
6NW800615,11.0,,,
6NW800616,53.0,,,
6NW800617,25.0,,,
6NW800618,14.0,,,
6NW800619,32.0,,,
6NW800620,12.0,,,
6NW800621,58.0,,,
6NW800622,72.0,,,
6NW800623,0.0,,,
6NW800624,5.0,,,
6NW800625,47.0,,,
6NW800626,3.0,,,
6NW800627,64.0,,,
6NW800628,47.0,,,
6NW800629,6.0,,,
6NW800630,21.0,,,
6NW800632,25.0,,,
6NW800633,33.0,,,
6NW800634(1),13.0,,,
6NW800635,56.0,,,
6NW800637,32.0,,,
6NW800638,26.0,,,
6NW800639,0.0,,,
6NW800640,19.0,,,
6NW800641,1.0,,,
6NW800642,108.0,,,
6NW800643,28.0,,,
6NW800644,25.0,,,
6NW800645,18.0,,,
6NW800646,22.0,,,
6NW800647,0.0,,,
6NW800648,60.0,,,
6NW800649,7.0,,,
6NW800650,37.0,,,
6NW800651,3.0,,,
6NW800652,66.0,,,
6NW800653,5.0,,,
6NW800654,27.0,,,
6NW800655,0.0,,,
6NW800656,125.0,,,
6NW800657,75.0,,,
6NW800658,5.0,,,
6NW800660,27.0,,,
6NW800661,32.0,,,
6NW800662,25.0,,,
6NW800663,27.0,,,
6NW800664,0.0,,,
6NW800665,2.0,,,
6NW800666,8.0,,,
6NW800667,4.0,,,
6NW800668,37.0,,,
6NW800669,0.0,,,
6NW800670,0.0,,,
6NW800671,35.0,,,
6NW800672,6.0,,,
6NW800673,27.0,,,
6NW800674,12.0,,,
6NW800675,36.0,,,
6NW800676,70.0,,,
6NW800677(1),3.0,,,
6NW800677(2),4.0,,,
6NW800679,123.0,,,
6NW800680,22.0,,,
6NW800681,79.0,,,
6NW800682,11.0,,,
6NW800684,43.0,,,
6NW800685,55.0,,,
6NW800686,130.0,,,
6NW800687,45.0,,,
6NW800688,63.0,,,
6NW800689,105.0,,,
6NW800690,29.0,,,
6NW800691,108.0,,,
6NW800692,53.0,,,
6NW800693,28.0,,,
6NW800694,146.0,,,
6NW800695,55.0,,,
6NW800696,112.0,,,
6NW800697,59.0,,,
6NW800698,76.0,,,
6NW800699,130.0,,,
6NW800700,123.0,,,
6NW800701,144.0,,,
6NW800702,53.0,,,
6NW800703,26.0,,,
6NW800704,26.0,,,
6NW800705,109.0,,,
6NW800706,67.0,,,
6NW800707,142.0,,,
6NW800708,24.0,,,
6NW800709,37.0,,,
6NW800710,63.0,,,
6NW800711,47.0,,,
6NW800712,69.0,,,
6NW800713,49.0,,,
6NW800714,128.0,,,
6NW800715,57.0,,,
6NW800716,19.0,,,
6NW800717,74.0,,,
6NW800718,9.0,,,
6NW800719,97.0,,,
6NW800720,9.0,,,
6NW800721,49.0,,,
6NW800722,32.0,,,
6NW800724,45.0,,,
6NW800725,57.0,,,
6NW800726,47.0,,,
6NW800727,118.0,,,
6NW800728,63.0,,,
6NW800729,23.0,,,
6NW800730,85.0,,,
6NW800732,65.0,,,
6NW800733,74.0,,,
6NW800734,115.0,,,
6NW800735,56.0,,,
6NW800736,147.0,,,
6NW800737,90.0,,,
6NW800738,56.0,,,
6NW800739,209.0,,,
6NW800740,110.0,,,
6NW800741,49.0,,,
6NW800742,0.0,,,
6NW800743,72.0,,,
6NW800744,44.0,,,
6NW800745,63.0,,,
6NW800746,68.0,,,
6NW800747,103.0,,,
6NW800748,0.0,,,
6NW800749,74.0,,,
6NW800751,34.0,,,
6NW800752,75.0,,,
6NW800754,57.0,,,
6NW800755,22.0,,,
6NW800756,54.0,,,
6NW800757,69.0,,,
6NW800758,56.0,,,
6NW800759,79.0,,,
6NW800760,28.0,,,
6NW800761,137.0,,,
6NW800762,37.0,,,
6NW800763,105.0,,,
6NW800764,60.0,,,
6NW800765,14.0,,,
6NW800766,36.0,,,
6NW800767,61.0,,,
6NW800768,67.0,,,
6NW800769,87.0,,,
6NW800770(1),27.0,,,
6NW800770(2),28.0,,,
6NW800771,28.0,,,
6NW800772,46.0,,,
6NW800773,75.0,,,
6NW800774,65.0,,,
6NW800775,39.0,,,
6NW800776,4.0,,,
6NW800777,57.0,,,
6NW800778,69.0,,,
6NW800779,46.0,,,
6NW800780,66.0,,,
6NW800781,40.0,,,
6NW800782,126.0,,,
6NW800783,64.0,,,
6NW800784,49.0,,,
6NW800785,51.0,,,
6NW800786,30.0,,,
6NW800787,37.0,,,
6NW800788,51.0,,,
6NW800789,57.0,,,
6NW800790,71.0,,,
6NW800791,55.0,,,
6NW800792,0.0,,,
6NW800794,37.0,,,
6NW800795,12.0,,,
6NW800796,86.0,,,
6NW800797,35.0,,,
6NW800798,87.0,,,
6NW800799,28.0,,,
6NW800800,97.0,,,
6NW800801,77.0,,,
6NW800802,45.0,,,
6NW800804,43.0,,,
6NW800805,57.0,,,
6NW800806,125.0,,,
6NW800807,31.0,,,
6NW800809,43.0,,,
6NW800810,16.0,,,
6NW800811,45.0,,,
6NW800812,36.0,,,
6NW800813,30.0,,,
6NW800814,0.0,,,
6NW800815,1.0,,,
6NW800816,29.0,,,
6NW800818,34.0,,,
6NW800819,30.0,,,
6NW800820,0.0,,,
6NW800821,0.0,,,
6NW800822,44.0,,,
6NW800823,16.0,,,
6NW800824,39.0,,,
6NW800825,37.0,,,
6NW800826,65.0,,,
6NW800827,47.0,,,
6NW800828,0.0,,,
6NW800830,32.0,,,
6NW800831,16.0,,,
6NW800833,7.0,,,
6NW800834,19.0,,,
6NW800835,53.0,,,
6NW800837M2,68.0,,,
6NW800837M3,1.0,,,
6NW800839,3.0,,,
6NW800840,73.0,,,
6NW800841,11.0,,,
6NW800842,60.0,,,
6NW800843,3.0,,,
6NW800844,1.0,,,
6NW800845,14.0,,,
6NW800846,40.0,,,
6NW800847,35.0,,,
6NW800848,12.0,,,
6NW800849,36.0,,,
6NW800850,4.0,,,
6NW800851,37.0,,,
6NW800852,10.0,,,
6NW800853,50.0,,,
6NW800854,1.0,,,
6NW800855,36.0,,,
6NW800856,38.0,,,
6NW800857,60.0,,,
6NW800858,3.0,,,
6NW800859,0.0,,,
6NW800860,29.0,,,
6NW800861,34.0,,,
6NW800862,70.0,,,
6NW800863,1.0,,,
6NW800864,26.0,,,
6NW800865,0.0,,,
6NW800866,1.0,,,
6NW800867,4.0,,,
6NW800868,9.0,,,
6NW800869,61.0,,,
6NW800870,7.0,,,
6NW800871,23.0,,,
6NW800872,18.0,,,
6NW800873,2.0,,,
6NW800874,50.0,,,
6NW800875,1.0,,,
6NW800876,3.0,,,
6NW800877,31.0,,,
6NW800878,100.0,,,
6NW800880,0.0,,,
6NW800881,1.0,,,
6NW800882,0.0,,,
6NW800883,2.0,,,
6NW800884,0.0,,,
6NW800885,0.0,,,
6NW800886,91.0,,,
6NW800887,0.0,,,
6NW800888,65.0,,,
6NW800889,3.0,,,
6NW800890,41.0,,,
6NW800891,1.0,,,
6NW800892,7.0,,,
6NW800893,104.0,,,
6NW800894,2.0,,,
6NW800895,1.0,,,
6NW800896,9.0,,,
6NW800897,11.0,,,
6NW800898,1.0,,,
6NW800899,0.0,,,
6NW800900,2.0,,,
6NW800901,20.0,,,
6NW800902,19.0,,,
6NW800903,1.0,,,
6NW800904,0.0,,,
6NW800905,12.0,,,
6NW800906,49.0,,,
6NW800907,29.0,,,
6NW800908,11.0,,,
6NW800909,1.0,,,
6NW800910,23.0,,,
6NW800911,18.0,,,
6NW800912,55.0,,,
6NW800913,49.0,,,
6NW800914,3.0,,,
6NW800915,1.0,,,
6NW800916,22.0,,,
6NW800917,1.0,,,
6NW800918,24.0,,,
6NW800919,0.0,,,
6NW800920,60.0,,,
6NW800921,37.0,,,
6NW800922,7.0,,,
6NW800923,20.0,,,
6NW800924,2.0,,,
6NW800925,33.0,,,
6NW800926,1.0,,,
6NW800927,28.0,,,
6NW800928,33.0,,,
6NW800929,19.0,,,
6NW800930,59.0,,,
6NW800931,17.0,,,
6NW800932,42.0,,,
6NW800933,60.0,,,
6NW800934,3.0,,,
6NW800935,37.0,,,
6NW800936,11.0,,,
6NW800937,2.0,,,
6NW800938,41.0,,,
6NW800939,27.0,,,
6NW800940,16.0,,,
6NW800941,35.0,,,
6NW800942,7.0,,,
6NW800943,2.0,,,
6NW800944,23.0,,,
6NW800945,1.0,,,
6NW800946,1.0,,,
6NW800947,57.0,,,
6NW800948,3.0,,,
6NW800949,1.0,,,
6NW800950,0.0,,,
6NW800951,3.0,,,
6NW800952,27.0,,,
6NW800953,64.0,,,
6NW800954,29.0,,,
6NW800955,13.0,,,
6NW800956,0.0,,,
6NW800957,13.0,,,
6NW800958,37.0,,,
6NW800959,23.0,,,
6NW800960,17.0,,,
6NW800961,78.0,,,
6NW800962,14.0,,,
6NW800963,2.0,,,
6NW800964,12.0,,,
6NW800965,12.0,,,
6NW800966,0.0,,,
6NW800967,2.0,,,
6NW800968,0.0,,,
6NW800969,2.0,,,
6NW800970,55.0,,,
6NW800971,6.0,,,
6NW800972,0.0,,,
6NW800973,0.0,,,
6NW800974,31.0,,,
6NW800975,69.0,,,
6NW800976,51.0,,,
6NW800977,4.0,,,
6NW800978,1.0,,,
6NW800979,52.0,,,
6NW800980,18.0,,,
6NW800981,54.0,,,
6NW800982,11.0,,,
6NW800983,11.0,,,
6NW800984,11.0,,,
6NW800985,82.0,,,
6NW800986,1.0,,,
6NW800987,0.0,,,
6NW800988,11.0,,,
6NW800989,41.0,,,
6NW800990,0.0,,,
6NW800991,1.0,,,
6NW800992,3.0,,,
6NW800993,0.0,,,
6NW800994,60.0,,,
6NW800995,41.0,,,
6NW800996,0.0,,,
6NW800997,4.0,,,
6NW800998,0.0,,,
6NW800999,68.0,,,
6NW801000,10.0,,,
6NW801001,3.0,,,
6NW801002,1.0,,,
6NW801003,30.0,,,
6NW801004,42.0,,,
6NW801005,68.0,,,
6NW801006,4.0,,,
6NW801007,54.0,,,
6NW801008,32.0,,,
6NW801009,14.0,,,
6NW801010,16.0,,,
6NW801011,68.0,,,
6NW801012,7.0,,,
6NW801013,43.0,,,
6NW801014,7.0,,,
6NW801015,29.0,,,
6NW801016,20.0,,,
6NW801017,42.0,,,
6NW801018,55.0,,,
6NW801019,31.0,,,
6NW801020,83.0,,,
6NW801021,61.0,,,
6NW801022,1.0,,,
6NW801023,33.0,,,
6NW801024,47.0,,,
6NW801025,78.0,,,
6NW801026,26.0,,,
6NW801027,26.0,,,
6NW801028,19.0,,,
6NW801029,33.0,,,
6NW801030,30.0,,,
6NW801031,29.0,,,
6NW801032,10.0,,,
6NW801033,47.0,,,
6NW801034,64.0,,,
6NW801035,85.0,,,
6NW801036,2.0,,,
6NW801037,50.0,,,
6NW801038,12.0,,,
6NW801039,19.0,,,
6NW801040,34.0,,,
6NW801041,9.0,,,
6NW801042,13.0,,,
6NW801043,85.0,,,
6NW801044,23.0,,,
6NW801045,33.0,,,
6NW801046,31.0,,,
6NW801047,1.0,,,
6NW801048,51.0,,,
6NW801050,6.0,,,
6NW801051,56.0,,,
6NW801052,6.0,,,
6NW801053,72.0,,,
6NW801054,5.0,,,
6NW801055,19.0,,,
6NW801056,4.0,,,
6NW801057,84.0,,,
6NW801058,27.0,,,
6NW801059,0.0,,,
6NW801060,4.0,,,
6NW801061,38.0,,,
6NW801062,1.0,,,
6NW801063,6.0,,,
6NW801064,16.0,,,
6NW801065,14.0,,,
6NW801066,5.0,,,
6NW801067,78.0,,,
6NW801068,39.0,,,
6NW801069,18.0,,,
6NW801070,22.0,,,
6NW801071,3.0,,,
6NW801072,16.0,,,
6NW801073,91.0,,,
6NW801074,37.0,,,
6NW801075,3.0,,,
6NW801076,33.0,,,
6NW801077,115.0,,,
6NW801078,82.0,,,
6NW801079,4.0,,,
6NW801080,46.0,,,
6NW801081,39.0,,,
6NW801082,54.0,,,
6NW801083,3.0,,,
6NW801084,33.0,,,
6NW801085,3.0,,,
6NW801086,9.0,,,
6NW801087,25.0,,,
6NW801088,52.0,,,
6NW801089,28.0,,,
6NW801090,116.0,,,
6NW801091,7.0,,,
6NW801092,8.0,,,
6NW801093,73.0,,,
6NW801094,9.0,,,
6NW801095,1.0,,,
6NW801096,4.0,,,
6NW801097,39.0,,,
6NW801098,92.0,,,
6NW801099,29.0,,,
6NW801100,12.0,,,
6NW801101,1.0,,,
6NW801102,0.0,,,
6NW801103,39.0,,,
6NW801104,1.0,,,
6NW801105,18.0,,,
6NW801106,6.0,,,
6NW801108,45.0,,,
6NW801109,36.0,,,
6NW801110,6.0,,,
6NW801111,84.0,,,
6NW801112,29.0,,,
6NW801113,11.0,,,
6NW801114,6.0,,,
6NW801115,0.0,,,
6NW801116,1.0,,,
6NW801117,8.0,,,
6NW801118,78.0,,,
6NW801119,2.0,,,
6NW801120,9.0,,,
6NW801121,16.0,,,
6NW801122,95.0,,,
6NW801123,26.0,,,
6NW801124,1.0,,,
6NW801125,4.0,,,
6NW801126,9.0,,,
6NW801127,36.0,,,
6NW801128,2.0,,,
6NW801129,14.0,,,
6NW801130,126.0,,,
6NW801131,15.0,,,
6NW801132,0.0,,,
6NW801133,14.0,,,
6NW801134,9.0,,,
6NW801135,147.0,,,
6NW801136,27.0,,,
6NW801137,21.0,,,
6NW801138,44.0,,,
6NW801139,3.0,,,
6NW801140,3.0,,,
6NW801141,90.0,,,
6NW801142(1),63.0,,,
6NW801142(2),0.0,,,
6NW801143,2.0,,,
6NW801144,34.0,,,
6NW801145,11.0,,,
6NW801146,0.0,,,
6NW801147,23.0,,,
6NW801148,6.0,,,
6NW801149,32.0,,,
6NW801150,65.0,,,
6NW801151,19.0,,,
6NW801152,23.0,,,
6NW801153,21.0,,,
6NW801154,14.0,,,
6NW801155,13.0,,,
6NW801156,0.0,,,
6NW801157,0.0,,,
6NW801158,34.0,,,
6NW801159,76.0,,,
6NW801160,46.0,,,
6NW801161,8.0,,,
6NW801162,30.0,,,
6NW801163,46.0,,,
6NW801164,72.0,,,
6NW801165,56.0,,,
6NW801166,54.0,,,
6NW801167,54.0,,,
6NW801168,35.0,,,
6NW801169,6.0,,,
6NW801170,10.0,,,
6NW801171,18.0,,,
6NW801172,63.0,,,
6NW801173,17.0,,,
6NW801174,0.0,,,
6NW801175,39.0,,,
6NW801176,55.0,,,
6NW801177,59.0,,,
6NW801178,3.0,,,
6NW801179,1.0,,,
6NW801180,43.0,,,
6NW801181,53.0,,,
6NW801182,52.0,,,
6NW801183,31.0,,,
6NW801184,9.0,,,
6NW801185,44.0,,,
6NW801186,43.0,,,
6NW801187,23.0,,,
6NW801188,5.0,,,
6NW801189,37.0,,,
6NW801190,28.0,,,
6NW801191,0.0,,,
6NW801192,2.0,,,
6NW801193,61.0,,,
6NW801194,81.0,,,
6NW801195,57.0,,,
6NW801196,16.0,,,
6NW801197,18.0,,,
6NW801198,36.0,,,
6NW801199,50.0,,,
6NW801200,53.0,,,
6NW801201,4.0,,,
6NW801202,44.0,,,
6NW801203,0.0,,,
6NW801204,42.0,,,
6NW801205,14.0,,,
6NW801206,7.0,,,
6NW801207,6.0,,,
6NW801208,53.0,,,
6NW801209,10.0,,,
6NW801210,45.0,,,
6NW801211,81.0,,,
6NW801212,1.0,,,
6NW801213,1.0,,,
6NW801214,0.0,,,
6NW801215,0.0,,,
6NW801216,0.0,,,
6NW801217,24.0,,,
6NW801218,5.0,,,
6NW801219,37.0,,,
6NW801220,45.0,,,
6NW801221,2.0,,,
6NW801222,1.0,,,
6NW801223,7.0,,,
6NW801224,1.0,,,
6NW801225,6.0,,,
6NW801226,59.0,,,
6NW801227,3.0,,,
6NW801228,0.0,,,
6NW801229,1.0,,,
6NW801230,96.0,,,
6NW801231,30.0,,,
6NW801232,7.0,,,
6NW801233,28.0,,,
6NW801234,2.0,,,
6NW801235,68.0,,,
6NW801236,11.0,,,
6NW801237,6.0,,,
6NW801238,37.0,,,
6NW801239,38.0,,,
6NW801240,27.0,,,
6NW801241,77.0,,,
6NW801242,70.0,,,
6NW801243,47.0,,,
6NW801244,74.0,,,
6NW801245,25.0,,,
6NW801246,49.0,,,
6NW801247,3.0,,,
6NW801248,4.0,,,
6NW801249,22.0,,,
6NW801251,60.0,,,
6NW801252,0.0,,,
6NW801253,0.0,,,
6NW801254,14.0,,,
6NW801255,8.0,,,
6NW801256,12.0,,,
6NW801257,15.0,,,
6NW801258,51.0,,,
6NW801259,3.0,,,
6NW801260,9.0,,,
6NW801261,13.0,,,
6NW801262,4.0,,,
6NW801263,6.0,,,
6NW801264,0.0,,,
6NW801265,6.0,,,
6NW801266,29.0,,,
6NW801267,33.0,,,
6NW801268,47.0,,,
6NW801270,3.0,,,
6NW801271,0.0,,,
6NW801272,4.0,,,
6NW801273,70.0,,,
6NW801274,48.0,,,
6NW801275,28.0,,,
6NW801277,28.0,,,
6NW801278,4.0,,,
6NW801279,3.0,,,
6NW801280,63.0,,,
6NW801281,26.0,,,
6NW801282,53.0,,,
6NW801283,2.0,,,
6NW801284,5.0,,,
6NW801285,2.0,,,
6NW801286,14.0,,,
6NW801287,28.0,,,
6NW801288,0.0,,,
6NW801289,3.0,,,
6NW801291,41.0,,,
6NW801292,46.0,,,
6NW801293,32.0,,,
6NW801294,49.0,,,
6NW801295,28.0,,,
6NW801296,19.0,,,
6NW801297,17.0,,,
6NW801298,3.0,,,
6NW801299,0.0,,,
6NW801300,3.0,,,
6NW801301,69.0,,,
6NW801302,52.0,,,
6NW801303,15.0,,,
6NW801304,39.0,,,
6NW801305,1.0,,,
6NW801306,19.0,,,
6NW801307,7.0,,,
6NW801308,25.0,,,
6NW801309,35.0,,,
6NW801310,0.0,,,
6NW801311,54.0,,,
6NW801312,61.0,,,
6NW801313,40.0,,,
6NW801314,17.0,,,
6NW801315,18.0,,,
6NW801316,40.0,,,
6NW801317,7.0,,,
6NW801318,55.0,,,
6NW801319,24.0,,,
6NW801320,76.0,,,
6NW801321,7.0,,,
6NW801322,22.0,,,
6NW801323,55.0,,,
6NW801324,27.0,,,
6NW801325,45.0,,,
6NW801326,5.0,,,
6NW801327,19.0,,,
6NW801328,5.0,,,
6NW801329,2.0,,,
6NW801330,20.0,,,
6NW801331,2.0,,,
6NW801332,0.0,,,
6NW801333,2.0,,,
6NW801334,11.0,,,
6NW801335,0.0,,,
6NW801336,3.0,,,
6NW801337,17.0,,,
6NW801338,0.0,,,
6NW801339,1.0,,,
6NW801340,14.0,,,
6NW801341,3.0,,,
6NW801342,6.0,,,
6NW801343,8.0,,,
6NW801344,4.0,,,
6NW801345,0.0,,,
6NW801346,80.0,,,
6NW801347,80.0,,,
6NW801348,51.0,,,
6NW801349,47.0,,,
6NW801350,44.0,,,
6NW801351,137.0,,,
6NW801352,2.0,,,
6NW801353,0.0,,,
6NW801354,54.0,,,
6NW801355,5.0,,,
6NW801356(1),6.0,,,
6NW801357,28.0,,,
6NW801358,25.0,,,
6NW801359,7.0,,,
6NW801360,1.0,,,
6NW801361,0.0,,,
6NW801362,3.0,,,
6NW801363,9.0,,,
6NW801364,10.0,,,
6NW801365,1.0,,,
6NW801366,10.0,,,
6NW801367,3.0,,,
6NW801368,30.0,,,
6NW801369,38.0,,,
6NW801370,26.0,,,
6NW801371,70.0,,,
6NW801372,7.0,,,
6NW801373,16.0,,,
6NW801374,95.0,,,
6NW801375,24.0,,,
6NW801377,19.0,,,
6NW801378,16.0,,,
6NW801379,27.0,,,
6NW801380,9.0,,,
6NW801381,29.0,,,
6NW801382,44.0,,,
6NW801383,3.0,,,
6NW801384,22.0,,,
6NW801385,51.0,,,
6NW801386,35.0,,,
6NW801387,70.0,,,
6NW801388,26.0,,,
6NW801389,70.0,,,
6NW801390,1.0,,,
6NW801391,0.0,,,
6NW801392,18.0,,,
6NW801393,3.0,,,
6NW801394,34.0,,,
6NW801395,120.0,,,
6NW801396,37.0,,,
6NW801397,15.0,,,
6NW801398,1.0,,,
6NW801399,45.0,,,
6NW801400,10.0,,,
6NW801401,10.0,,,
6NW801404,74.0,,,
6NW801408,37.0,,,
6NW801409,3.0,,,
6NW801410,4.0,,,
6NW801411,45.0,,,
6NW801412,46.0,,,
6NW801413,83.0,,,
6NW801414,6.0,,,
6NW801415,32.0,,,
6NW801416,16.0,,,
6NW801417,2.0,,,
6NW801418,9.0,,,
6NW801419,9.0,,,
6NW801420,30.0,,,
6NW801421,5.0,,,
6NW801422,0.0,,,
6NW801423,57.0,,,
6NW801424,59.0,,,
6NW801425,8.0,,,
6NW801426,35.0,,,
6NW801427,8.0,,,
6NW801428,3.0,,,
6NW801429,6.0,,,
6NW801430,2.0,,,
6NW801431,36.0,,,
6NW801432,60.0,,,
6NW801433,41.0,,,
6NW801434,43.0,,,
6NW801435,50.0,,,
6NW801436,4.0,,,
6NW801437,1.0,,,
6NW801438,10.0,,,
6NW801439,13.0,,,
6NW801440,2.0,,,
6NW801441,11.0,,,
6NW801442,17.0,,,
6NW801443,46.0,,,
6NW801444,0.0,,,
6NW801445,16.0,,,
6NW801446,62.0,,,
6NW801447,19.0,,,
6NW801448,37.0,,,
6NW801449,0.0,,,
6NW801450,43.0,,,
6NW801451,3.0,,,
6NW801452,5.0,,,
6NW801453,2.0,,,
6NW801454,4.0,,,
6NW801455,1.0,,,
6NW801456,78.0,,,
6NW801457,62.0,,,
6NW801458,16.0,,,
6NW801459,25.0,,,
6NW801460,4.0,,,
6NW801461,62.0,,,
6NW801462,14.0,,,
6NW801463,22.0,,,
6NW801464,40.0,,,
6NW801465,11.0,,,
6NW801466,31.0,,,
6NW801467,0.0,,,
6NW801468,54.0,,,
6NW801469,74.0,,,
6NW801471,0.0,,,
6NW801472,81.0,,,
6NW801473,24.0,,,
6NW801476,2.0,,,
6NW801477,48.0,,,
6NW801478,21.0,,,
6NW801479,32.0,,,
6NW801480,25.0,,,
6NW801481,15.0,,,
6NW801482,48.0,,,
6NW801483,11.0,,,
6NW801484,54.0,,,
6NW801485,1.0,,,
6NW801486,3.0,,,
6NW801487,52.0,,,
6NW801488,4.0,,,
6NW801489,20.0,,,
6NW801490,24.0,,,
6NW801491,38.0,,,
6NW801492,63.0,,,
6NW801493,17.0,,,
6NW801494,2.0,,,
6NW801495,16.0,,,
6NW801496,25.0,,,
6NW801497,28.0,,,
6NW801498,62.0,,,
6NW801499,1.0,,,
6NW801500,6.0,,,
6NW801501,25.0,,,
6NW801502,5.0,,,
6NW801503M2,30.0,,,
6NW801503M3,61.0,,,
6NW801504,27.0,,,
6NW801505,9.0,,,
6NW801506,49.0,,,
6NW801507,16.0,,,
6NW801508,25.0,,,
6NW801510,3.0,,,
6NW801511,3.0,,,
6NW801512,0.0,,,
6NW801513,53.0,,,
6NW801514,2.0,,,
6NW801515,2.0,,,
6NW801516,7.0,,,
6NW801517,5.0,,,
6NW801519,4.0,,,
6NW801520,60.0,,,
6NW801521,5.0,,,
6NW801522,6.0,,,
6NW801524,7.0,,,
6NW801525,104.0,,,
6NW801526,0.0,,,
6NW801527,49.0,,,
6NW801528,41.0,,,
6NW801529,8.0,,,
6NW801530,12.0,,,
6NW801531,53.0,,,
6NW801532,5.0,,,
6NW801533,54.0,,,
6NW801534,2.0,,,
6NW801535,16.0,,,
6NW801536,0.0,,,
6NW801537,0.0,,,
6NW801538,36.0,,,
6NW801539,0.0,,,
6NW801540,48.0,,,
6NW801541,14.0,,,
6NW801542,16.0,,,
6NW801543,57.0,,,
6NW801544,11.0,,,
6NW801545,20.0,,,
6NW801546,49.0,,,
6NW801547,1.0,,,
6NW801548,30.0,,,
6NW801549,66.0,,,
6NW801550,2.0,,,
6NW801551,30.0,,,
6NW801552,1.0,,,
6NW801553,2.0,,,
6NW801554,11.0,,,
6NW801555,12.0,,,
6NW801556,9.0,,,
6NW801557,52.0,,,
6NW801558,31.0,,,
6NW801559,4.0,,,
6NW801560,30.0,,,
6NW801561,63.0,,,
6NW801562,28.0,,,
6NW801563M2,9.0,,,
6NW801563M3,52.0,,,
6NW801564,0.0,,,
6NW801565,4.0,,,
6NW801566,1.0,,,
6NW801567,31.0,,,
6NW801568,9.0,,,
6NW801569,27.0,,,
6NW801570,2.0,,,
6NW801571,23.0,,,
6NW801572,10.0,,,
6NW801573,2.0,,,
6NW801574,3.0,,,
6NW801576,6.0,,,
6NW801577,3.0,,,
6NW801578,4.0,,,
6NW801579,0.0,,,
6NW801580,0.0,,,
6NW801581,0.0,,,
6NW801582(1),4.0,,,
6NW801582(2),0.0,,,
6NW801583,6.0,,,
6NW801584,5.0,,,
6NW801585,1.0,,,
6NW801586,3.0,,,
6NW801587,20.0,,,
6NW801588,6.0,,,
6NW801589,20.0,,,
6NW801590,0.0,,,
6NW801591,4.0,,,
6NW801592,5.0,,,
6NW801593,17.0,,,
6NW801594,2.0,,,
6NW801595,11.0,,,
6NW801596,11.0,,,
6NW801597,33.0,,,
6NW801598,0.0,,,
6NW801599,15.0,,,
6NW801600,15.0,,,
6NW801601,5.0,,,
6NW801602,5.0,,,
6NW801603,21.0,,,
6NW801604,22.0,,,
6NW801605,16.0,,,
6NW801606,0.0,,,
6NW801607,67.0,,,
6NW801608,4.0,,,
6NW801609,9.0,,,
6NW801610,12.0,,,
6NW801611,8.0,,,
6NW801612,0.0,,,
6NW801613,15.0,,,
6NW801614,4.0,,,
6NW801615,21.0,,,
6NW801616,7.0,,,
6NW801617,1.0,,,
6NW801618,5.0,,,
6NW801619,7.0,,,
6NW801620,2.0,,,
6NW801621,60.0,,,
6NW801622,15.0,,,
6NW801623,4.0,,,
6NW801624,18.0,,,
6NW801625,8.0,,,
6NW801626,33.0,,,
6NW801627,1.0,,,
6NW801628,53.0,,,
6NW801629,3.0,,,
6NW801630,59.0,,,
6NW801631,11.0,,,
6NW801632,5.0,,,
6NW801633,5.0,,,
6NW801634,24.0,,,
6NW801635,10.0,,,
6NW801636,24.0,,,
6NW801637,22.0,,,
6NW801638,11.0,,,
6NW801639,63.0,,,
6NW801640,2.0,,,
6NW801642,10.0,,,
6NW801643,94.0,,,
6NW801644,50.0,,,
6NW801645,20.0,,,
6NW801646,47.0,,,
6NW801647,5.0,,,
6NW801648,4.0,,,
6NW801650,14.0,,,
6NW801651,32.0,,,
6NW801652,7.0,,,
6NW801653,1.0,,,
6NW801655,0.0,,,
6NW801656,7.0,,,
6NW801657,40.0,,,
6NW801658,12.0,,,
6NW801659,15.0,,,
6NW801661,14.0,,,
6NW801664,2.0,,,
6NW801665,14.0,,,
6NW801668,26.0,,,
6NW801669,0.0,,,
6NW801670,1.0,,,
6NW801671,45.0,,,
6NW801672,0.0,,,
6NW801673,23.0,,,
6NW801674,0.0,,,
6NW801675,1.0,,,
6NW801676,7.0,,,
6NW801677,3.0,,,
6NW801678,7.0,,,
6NW801679,0.0,,,
6NW801681,104.0,,,
6NW801682,210.0,,,
6NW854101M2,10.0,,,
6NW854101M3,46.0,,,
6NW854101M4,0.0,,,
AWS00001,,9.0,,
AWS00002,,4.0,,
AWS00004,,71.0,,
AWS00005,,5.0,,
AWS00006,,43.0,,
AWS00007,,14.0,,
AWS00008,,19.0,,
AWS00009,,2.0,,
AWS00010,,110.0,,
AWS00011,,6.0,,
AWS00012,,90.0,,
AWS00013,,0.0,,
AWS00014,,16.0,,
AWS00015,,20.0,,
AWS00016,,54.0,,
AWS00017,,1.0,,
AWS00018,,5.0,,
AWS00019,,1.0,,
AWS00020,,29.0,,
AWS00021,,31.0,,
AWS00022,,20.0,,
AWS00023,,77.0,,
AWS00024,,52.0,,
AWS00025,,68.0,,
AWS00026,,23.0,,
AWS00027,,4.0,,
AWS00028,,0.0,,
AWS00029,,0.0,,
AWS00030,,45.0,,
AWS00031,,82.0,,
AWS00033,,0.0,,
AWS00034,,2.0,,
AWS00035,,5.0,,
AWS00036,,77.0,,
AWS00037,,80.0,,
AWS00038,,45.0,,
AWS00040,,31.0,,
AWS00041,,67.0,,
AWS00042,,15.0,,
AWS00043,,50.0,,
AWS00044,,34.0,,
AWS00045,,0.0,,
AWS00046,,27.0,,
AWS00047,,2.0,,
AWS00048,,5.0,,
AWS00049,,0.0,,
AWS00050,,30.0,,
AWS00052,,30.0,,
AWS00053,,33.0,,
AWS00054,,2.0,,
AWS00055,,33.0,,
AWS00056,,60.0,,
AWS00057,,54.0,,
AWS00058,,78.0,,
AWS00059,,31.0,,
AWS00060,,43.0,,
AWS00061,,37.0,,
AWS00062,,25.0,,
AWS00063,,24.0,,
AWS00064,,57.0,,
AWS00065,,12.0,,
AWS00066,,25.0,,
AWS00067,,15.0,,
AWS00068,,38.0,,
AWS00070,,73.0,,
AWS00072,,0.0,,
AWS00073,,92.0,,
AWS00074,,116.0,,
AWS00075,,2.0,,
AWS00076,,56.0,,
AWS00078,,20.0,,
AWS00079,,45.0,,
AWS00080,,6.0,,
AWS00081,,7.0,,
AWS00082,,3.0,,
AWS00083,,10.0,,
AWS00084,,0.0,,
AWS00085,,6.0,,
AWS00086,,0.0,,
AWS00087,,14.0,,
AWS00088,,22.0,,
AWS00089,,27.0,,
AWS00090,,5.0,,
AWS00091,,96.0,,
AWS00092,,13.0,,
AWS00093,,2.0,,
AWS00094,,0.0,,
AWS00095,,34.0,,
AWS00096,,82.0,,
AWS00097,,8.0,,
AWS00098,,8.0,,
AWS00099,,56.0,,
AWS00100,,48.0,,
AWS00101,,45.0,,
AWS00102,,5.0,,
AWS00103,,9.0,,
AWS00104,,19.0,,
AWS00105,,34.0,,
AWS00106,,7.0,,
AWS00107,,64.0,,
AWS00108,,21.0,,
AWS00109,,25.0,,
AWS00110,,98.0,,
AWS00111,,1.0,,
AWS00112,,34.0,,
AWS00113,,111.0,,
AWS00114,,0.0,,
AWS00115,,20.0,,
AWS00116,,0.0,,
AWS00118,,10.0,,
AWS00119,,107.0,,
AWS00120,,160.0,,
AWS00121,,18.0,,
AWS00122,,38.0,,
AWS00123,,105.0,,
AWS00124,,1.0,,
AWS00125,,60.0,,
AWS00126,,0.0,,
AWS00127,,87.0,,
AWS00129,,22.0,,
AWS00130,,8.0,,
AWS00131,,44.0,,
AWS00132,,58.0,,
AWS00133,,28.0,,
AWS00134,,1.0,,
AWS00135,,31.0,,
AWS00136,,13.0,,
AWS00138,,4.0,,
AWS00139,,0.0,,
AWS00140,,2.0,,
AWS00141,,9.0,,
AWS00142,,39.0,,
AWS00143,,1.0,,
AWS00144,,33.0,,
AWS00145,,10.0,,
AWS00146,,3.0,,
AWS00147,,8.0,,
AWS00148,,45.0,,
AWS00150,,65.0,,
AWS00151,,0.0,,
AWS00152,,25.0,,
AWS00153,,1.0,,
AWS00154,,76.0,,
AWS00155,,38.0,,
AWS00156,,35.0,,
AWS00157,,31.0,,
AWS00158,,6.0,,
AWS00159,,32.0,,
AWS00160,,16.0,,
AWS00161,,47.0,,
AWS00162,,5.0,,
AWS00163,,0.0,,
AWS00164,,162.0,,
AWS00165,,18.0,,
AWS00166,,153.0,,
AWS00167,,1.0,,
AWS00168,,1.0,,
AWS00169,,1.0,,
AWS00170,,13.0,,
AWS00171,,18.0,,
AWS00172,,4.0,,
AWS00173,,0.0,,
AWS00175,,4.0,,
AWS00176,,19.0,,
AWS00177,,13.0,,
AWS00178,,1.0,,
AWS00179,,92.0,,
AWS00180,,36.0,,
AWS00181,,44.0,,
AWS00182,,30.0,,
AWS00183,,0.0,,
AWS00184,,0.0,,
AWS00185,,25.0,,
AWS00186,,71.0,,
AWS00187,,10.0,,
AWS00188,,21.0,,
AWS00189,,9.0,,
AWS00190,,63.0,,
AWS00191,,0.0,,
AWS00192,,23.0,,
AWS00194,,0.0,,
AWS00195,,6.0,,
AWS00196,,1.0,,
AWS00197,,2.0,,
AWS00198,,71.0,,
AWS00199,,29.0,,
AWS00200,,9.0,,
AWS00201,,24.0,,
AWS00202,,17.0,,
AWS00203,,22.0,,
AWS00204,,28.0,,
AWS00205,,9.0,,
AWS00206,,10.0,,
AWS00207,,55.0,,
AWS00208,,1.0,,
AWS00209,,0.0,,
AWS00210,,20.0,,
AWS00211,,2.0,,
AWS00212,,0.0,,
AWS00213,,0.0,,
AWS00214,,15.0,,
AWS00215,,96.0,,
AWS00216,,25.0,,
AWS00217,,46.0,,
AWS00218,,2.0,,
AWS00219,,27.0,,
AWS00220,,19.0,,
AWS00221,,0.0,,
AWS00222,,6.0,,
AWS00223,,23.0,,
AWS00224,,124.0,,
AWS00225,,3.0,,
AWS00226,,11.0,,
AWS00228,,136.0,,
AWS00229,,2.0,,
AWS00230,,59.0,,
AWS00231,,58.0,,
AWS00232,,42.0,,
AWS00233,,0.0,,
AWS00234,,95.0,,
AWS00235,,22.0,,
AWS00236,,2.0,,
AWS00237,,7.0,,
AWS00238,,3.0,,
AWS00239,,2.0,,
AWS00240,,18.0,,
AWS00241,,5.0,,
AWS00242,,0.0,,
AWS00243,,57.0,,
AWS00244,,56.0,,
AWS00245,,0.0,,
AWS00246,,22.0,,
AWS00247,,0.0,,
AWS00248,,25.0,,
AWS00249,,23.0,,
AWS00250,,24.0,,
AWS00251,,1.0,,
AWS00252,,6.0,,
AWS00253,,19.0,,
AWS00254,,0.0,,
AWS00255,,9.0,,
AWS00256,,55.0,,
AWS00257,,52.0,,
AWS00258,,18.0,,
AWS00259,,35.0,,
AWS00260,,21.0,,
AWS00261,,8.0,,
AWS00262,,5.0,,
AWS00263,,18.0,,
AWS00264,,4.0,,
AWS00265,,3.0,,
AWS00266,,17.0,,
AWS00267,,25.0,,
AWS00268,,47.0,,
AWS00269,,11.0,,
AWS00270,,19.0,,
AWS00271,,57.0,,
AWS00272,,3.0,,
AWS00273,,10.0,,
AWS00274,,87.0,,
AWS00275,,41.0,,
AWS00276,,18.0,,
AWS00277,,3.0,,
AWS00278,,82.0,,
AWS00279,,3.0,,
AWS00280,,32.0,,
AWS00281,,12.0,,
AWS00282,,118.0,,
AWS00283,,1.0,,
AWS00284,,30.0,,
AWS00285,,29.0,,
AWS00286,,2.0,,
AWS00287,,56.0,,
AWS00288,,8.0,,
AWS00289,,90.0,,
AWS00290,,1.0,,
AWS00291,,12.0,,
AWS00292,,46.0,,
AWS00293,,85.0,,
AWS00295,,5.0,,
AWS00296,,15.0,,
AWS00297,,2.0,,
AWS00299,,91.0,,
AWS00300,,68.0,,
AWS00301,,25.0,,
AWS00302,,0.0,,
AWS00304,,1.0,,
AWS00305,,11.0,,
AWS00307,,48.0,,
AWS00311,,44.0,,
AWS00312,,105.0,,
AWS00313,,25.0,,
AWS00314,,32.0,,
AWS00316,,19.0,,
AWS00319,,45.0,,
AWS00321,,1.0,,
AWS00322,,12.0,,
AWS00323,,3.0,,
AWS00324,,131.0,,
AWS00325,,39.0,,
AWS00326,,5.0,,
AWS00327,,35.0,,
AWS00328,,49.0,,
AWS00329,,8.0,,
AWS00330,,14.0,,
AWS00331,,34.0,,
AWS00332,,31.0,,
AWS00333,,25.0,,
AWS00334,,45.0,,
AWS00335,,2.0,,
AWS00336,,19.0,,
AWS00337,,69.0,,
AWS00338,,27.0,,
AWS00339,,21.0,,
AWS00340,,28.0,,
AWS00341,,20.0,,
AWS00342,,23.0,,
AWS00343,,51.0,,
AWS00344,,47.0,,
AWS00345,,111.0,,
AWS00346,,2.0,,
AWS00347,,39.0,,
AWS00348,,66.0,,
AWS00349,,56.0,,
AWS00350,,3.0,,
AWS00351,,0.0,,
AWS00352,,48.0,,
AWS00353,,122.0,,
AWS00354,,17.0,,
AWS00355,,55.0,,
AWS00356,,26.0,,
AWS00357,,16.0,,
AWS00358,,48.0,,
AWS00359,,55.0,,
AWS00360,,4.0,,
AWS00361,,38.0,,
AWS00362,,24.0,,
AWS00364,,12.0,,
AWS00365,,6.0,,
AWS00366,,2.0,,
AWS00368,,49.0,,
AWS00369,,2.0,,
AWS00370,,39.0,,
AWS00371,,8.0,,
AWS00372,,38.0,,
AWS00373,,2.0,,
AWS00374,,1.0,,
AWS00375,,1.0,,
AWS00376,,0.0,,
AWS00377,,13.0,,
AWS00378,,8.0,,
AWS00379,,7.0,,
AWS00380,,132.0,,
AWS00381,,8.0,,
AWS00382,,5.0,,
AWS00383,,5.0,,
AWS00384,,21.0,,
AWS00386,,5.0,,
AWS00388,,21.0,,
AWS00389,,46.0,,
AWS00390,,64.0,,
AWS00391,,14.0,,
AWS00392,,3.0,,
AWS00393,,45.0,,
AWS00394,,1.0,,
AWS00395,,0.0,,
AWS00396,,0.0,,
AWS00397,,4.0,,
AWS00398,,79.0,,
AWS00399,,15.0,,
AWS00400,,19.0,,
AWS00401,,1.0,,
AWS00402,,32.0,,
AWS00403,,7.0,,
AWS00404,,40.0,,
AWS00405,,34.0,,
AWS00406,,28.0,,
AWS00407,,30.0,,
AWS00408,,45.0,,
AWS00409,,2.0,,
AWS00410,,63.0,,
AWS00411,,1.0,,
AWS00413,,36.0,,
AWS00414,,46.0,,
AWS00415,,38.0,,
AWS00416,,183.0,,
AWS00417,,78.0,,
AWS00419,,1.0,,
AWS00420,,13.0,,
AWS00421,,0.0,,
AWS00423,,39.0,,
AWS00424,,28.0,,
AWS00425,,42.0,,
AWS00426,,10.0,,
AWS00427,,4.0,,
AWS00428,,0.0,,
AWS00429,,192.0,,
AWS00430,,9.0,,
AWS00431,,50.0,,
AWS00432,,0.0,,
AWS00433,,1.0,,
AWS00434,,13.0,,
AWS00435,,18.0,,
AWS00436,,15.0,,
AWS00437,,32.0,,
AWS00438,,0.0,,
AWS00439,,59.0,,
AWS00440,,31.0,,
AWS00441,,1.0,,
AWS00442,,13.0,,
AWS00443,,6.0,,
AWS00444,,55.0,,
AWS00445,,11.0,,
AWS00446,,51.0,,
AWS00447,,7.0,,
AWS00448,,3.0,,
AWS00449,,25.0,,
AWS00450,,84.0,,
AWS00451,,52.0,,
AWS00452,,60.0,,
AWS00453,,4.0,,
AWS00454,,48.0,,
AWS00455,,50.0,,
AWS00456,,95.0,,
AWS00457,,0.0,,
AWS00459,,42.0,,
AWS00460,,64.0,,
AWS00461,,40.0,,
AWS00462,,49.0,,
AWS00463,,203.0,,
AWS00464,,6.0,,
AWS00465,,5.0,,
AWS00466,,0.0,,
AWS00467,,24.0,,
AWS00469,,21.0,,
AWS00470,,1.0,,
AWS00471,,132.0,,
AWS00472,,7.0,,
AWS00473,,22.0,,
AWS00474,,81.0,,
AWS00475,,4.0,,
AWS00477,,2.0,,
AWS00478,,3.0,,
AWS00479,,46.0,,
AWS00480,,37.0,,
AWS00481,,7.0,,
AWS00482,,69.0,,
AWS00483,,6.0,,
AWS00484,,35.0,,
AWS00485,,26.0,,
AWS00486,,53.0,,
AWS00487,,26.0,,
AWS00488,,0.0,,
AWS00489,,0.0,,
AWS00490,,12.0,,
AWS00491,,0.0,,
AWS00492,,27.0,,
AWS00493,,47.0,,
AWS00494,,39.0,,
AWS00495,,10.0,,
AWS00496,,89.0,,
AWS00497,,183.0,,
AWS00498,,73.0,,
AWS00499,,50.0,,
AWS00500,,44.0,,
AWS00501,,22.0,,
AWS00502,,49.0,,
AWS00503,,0.0,,
AWS00504,,24.0,,
AWS00505,,154.0,,
AWS00506,,2.0,,
AWS00507,,0.0,,
AWS00509,,22.0,,
AWS00510,,6.0,,
AWS00511,,0.0,,
AWS00512,,8.0,,
AWS00513,,2.0,,
AWS00514,,80.0,,
AWS00515,,5.0,,
AWS00516,,74.0,,
AWS00517,,16.0,,
AWS00518,,15.0,,
AWS00519,,39.0,,
AWS00520,,0.0,,
AWS00521,,65.0,,
AWS00522,,0.0,,
AWS00523,,8.0,,
AWS00524,,50.0,,
AWS00525,,7.0,,
AWS00526,,0.0,,
AWS00527,,33.0,,
AWS00528,,38.0,,
AWS00529,,198.0,,
AWS00530,,17.0,,
AWS00531,,9.0,,
AWS00532,,89.0,,
AWS00534,,17.0,,
AWS00535,,0.0,,
AWS00536,,16.0,,
AWS00537,,12.0,,
AWS00538,,33.0,,
AWS00539,,17.0,,
AWS00540,,76.0,,
AWS00541,,11.0,,
AWS00542,,57.0,,
AWS00543,,3.0,,
AWS00544,,9.0,,
AWS00545,,1.0,,
AWS00546,,11.0,,
AWS00547,,23.0,,
AWS00549,,38.0,,
AWS00550,,0.0,,
AWS00551,,0.0,,
AWS00552,,220.0,,
AWS00553,,57.0,,
AWS00554,,152.0,,
AWS00555,,74.0,,
AWS00556,,104.0,,
AWS00557,,31.0,,
AWS00558,,5.0,,
AWS00559,,51.0,,
AWS00560,,5.0,,
AWS00561,,12.0,,
AWS00562,,157.0,,
AWS00563,,14.0,,
AWS00564,,66.0,,
AWS00565,,0.0,,
AWS00566,,19.0,,
AWS00567,,10.0,,
AWS00569,,128.0,,
AWS00570,,10.0,,
AWS00571,,9.0,,
AWS00572,,20.0,,
AWS00573,,36.0,,
AWS00574,,15.0,,
AWS00575,,0.0,,
AWS00576,,0.0,,
AWS00579,,32.0,,
AWS00580,,12.0,,
AWS00581,,33.0,,
AWS00582,,8.0,,
AWS00583,,54.0,,
AWS00584,,15.0,,
AWS00585,,26.0,,
AWS00586,,99.0,,
AWS00587,,17.0,,
AWS00588,,42.0,,
AWS00589,,0.0,,
AWS00590,,1.0,,
AWS00591,,3.0,,
AWS00592,,54.0,,
AWS00593,,69.0,,
AWS00594,,12.0,,
AWS00595,,22.0,,
AWS00596,,49.0,,
AWS00599,,2.0,,
AWS00600,,25.0,,
AWS00601,,44.0,,
AWS00602,,21.0,,
AWS00603,,53.0,,
AWS00604,,38.0,,
AWS00605,,0.0,,
AWS00606,,58.0,,
AWS00608,,20.0,,
AWS00609,,5.0,,
AWS00611,,191.0,,
AWS00612,,6.0,,
AWS00613,,50.0,,
AWS00614,,13.0,,
AWS00615,,18.0,,
AWS00616,,40.0,,
AWS00617,,69.0,,
AWS00618,,18.0,,
AWS00619,,203.0,,
AWS00620,,1.0,,
AWS00622,,23.0,,
AWS00623,,0.0,,
AWS00624,,0.0,,
AWS00625,,27.0,,
AWS00626,,44.0,,
AWS00627,,2.0,,
AWS00628,,70.0,,
AWS00629,,19.0,,
AWS00630,,3.0,,
AWS00631,,66.0,,
AWS00632,,34.0,,
AWS00633,,17.0,,
AWS00635,,0.0,,
AWS00636,,82.0,,
AWS00637,,68.0,,
AWS00638,,0.0,,
AWS00639,,6.0,,
AWS00640,,8.0,,
AWS00641,,36.0,,
AWS00642,,16.0,,
AWS00643,,4.0,,
AWS00645,,61.0,,
AWS00646,,59.0,,
AWS00648,,7.0,,
AWS00649,,21.0,,
AWS00650,,1.0,,
AWS00651,,0.0,,
AWS00653,,10.0,,
AWS00654,,20.0,,
AWS00655,,1.0,,
AWS00656,,0.0,,
AWS00657,,2.0,,
AWS00658,,7.0,,
AWS00659,,61.0,,
AWS00660,,135.0,,
AWS00661,,6.0,,
AWS00662,,3.0,,
AWS00663,,13.0,,
AWS00664,,86.0,,
AWS00665,,6.0,,
AWS00666,,7.0,,
AWS00667,,57.0,,
AWS00669,,0.0,,
AWS00670,,20.0,,
AWS00671,,3.0,,
AWS00672,,44.0,,
AWS00673,,3.0,,
AWS00674,,2.0,,
AWS00675,,110.0,,
AWS00676,,54.0,,
AWS00677,,30.0,,
AWS00678,,116.0,,
AWS00679,,57.0,,
AWS00680,,50.0,,
AWS00681,,61.0,,
AWS00683,,21.0,,
AWS00684,,52.0,,
AWS00685,,3.0,,
AWS00686,,21.0,,
AWS00687,,0.0,,
AWS00688,,26.0,,
AWS00689,,3.0,,
AWS00690,,75.0,,
AWS00691,,3.0,,
AWS00692,,0.0,,
AWS00693,,22.0,,
AWS00694,,110.0,,
AWS00695,,55.0,,
AWS00696,,44.0,,
AWS00697,,2.0,,
AWS00698,,11.0,,
AWS00699,,13.0,,
AWS00700,,6.0,,
AWS00701,,15.0,,
AWS00702,,23.0,,
AWS00703,,39.0,,
AWS00704,,53.0,,
AWS00705,,15.0,,
AWS00706,,5.0,,
AWS00707,,113.0,,
AWS00708,,0.0,,
AWS00709,,88.0,,
AWS00710,,7.0,,
AWS00711,,102.0,,
AWS00712,,15.0,,
AWS00713,,19.0,,
AWS00714,,15.0,,
AWS00715,,15.0,,
AWS00716,,24.0,,
AWS00717,,12.0,,
AWS00718,,118.0,,
AWS00719,,0.0,,
AWS00720,,16.0,,
AWS00721,,47.0,,
AWS00723,,4.0,,
AWS00724,,3.0,,
AWS00725,,8.0,,
AWS00726,,31.0,,
AWS00727,,46.0,,
AWS00728,,5.0,,
AWS00729,,9.0,,
AWS00730,,22.0,,
AWS00731,,23.0,,
AWS00732,,28.0,,
AWS00733,,0.0,,
AWS00734,,15.0,,
AWS00735,,7.0,,
AWS00736,,2.0,,
AWS00737,,3.0,,
AWS00738,,0.0,,
AWS00739,,13.0,,
AWS00740,,86.0,,
AWS00742,,80.0,,
AWS00743,,9.0,,
AWS00744,,49.0,,
AWS00745,,147.0,,
AWS00746,,137.0,,
AWS00747,,16.0,,
AWS00748,,11.0,,
AWS00749,,53.0,,
AWS00750,,0.0,,
AWS00751,,1.0,,
AWS00752,,41.0,,
AWS00753,,85.0,,
AWS00754,,17.0,,
AWS00757,,49.0,,
AWS00758,,4.0,,
AWS00759,,43.0,,
AWS00761,,2.0,,
AWS00762,,2.0,,
AWS00763,,17.0,,
AWS00764,,88.0,,
AWS00765,,27.0,,
AWS00766,,41.0,,
AWS00767,,12.0,,
AWS00768,,117.0,,
AWS00769,,30.0,,
AWS00770,,28.0,,
AWS00771,,6.0,,
AWS00772,,53.0,,
AWS00773,,39.0,,
AWS00774,,64.0,,
AWS00775,,32.0,,
AWS00776,,56.0,,
AWS00777,,6.0,,
AWS00778,,0.0,,
AWS00779,,8.0,,
AWS00780,,4.0,,
AWS00781,,6.0,,
AWS00782,,3.0,,
AWS00783,,0.0,,
AWS00786,,64.0,,
AWS00787,,16.0,,
AWS00788,,7.0,,
AWS00789,,62.0,,
AWS00790,,109.0,,
AWS00791,,83.0,,
AWS00792,,1.0,,
AWS00793,,0.0,,
AWS00794,,22.0,,
AWS00795,,1.0,,
AWS00796,,33.0,,
AWS00797,,78.0,,
AWS00798,,15.0,,
AWS00799,,20.0,,
AWS00800,,5.0,,
AWS00801,,22.0,,
AWS00802,,0.0,,
AWS00803,,24.0,,
AWS00804,,108.0,,
AWS00805,,94.0,,
AWS00808,,10.0,,
AWS00809,,61.0,,
AWS00810,,179.0,,
AWS00811,,67.0,,
AWS00812,,8.0,,
AWS00813,,0.0,,
AWS00814,,30.0,,
AWS00815,,21.0,,
AWS00816,,65.0,,
AWS00819,,1.0,,
AWS00820,,2.0,,
AWS00822,,54.0,,
AWS00823,,147.0,,
AWS00824,,6.0,,
AWS00825,,0.0,,
AWS00826,,44.0,,
AWS00827,,50.0,,
AWS00828,,4.0,,
AWS00829,,2.0,,
AWS00830,,55.0,,
AWS00831,,10.0,,
AWS00832,,18.0,,
AWS00833,,119.0,,
AWS00834,,13.0,,
AWS00835,,32.0,,
AWS00836,,25.0,,
AWS00837,,71.0,,
AWS00838,,0.0,,
AWS00839,,93.0,,
AWS00840,,21.0,,
AWS00842,,15.0,,
AWS00843,,5.0,,
AWS00844,,12.0,,
AWS00846,,17.0,,
AWS00848,,22.0,,
AWS00849,,31.0,,
AWS00851,,40.0,,
AWS00852,,147.0,,
AWS00853,,135.0,,
AWS00854,,30.0,,
AWS00855,,4.0,,
AWS00856,,32.0,,
AWS00857,,2.0,,
AWS00858,,87.0,,
AWS00859,,80.0,,
AWS00860,,68.0,,
AWS00861,,5.0,,
AWS00862,,16.0,,
AWS00863,,0.0,,
AWS00864,,39.0,,
AWS00866,,11.0,,
AWS00868,,72.0,,
AWS00869,,8.0,,
AWS00870,,1.0,,
AWS00871,,99.0,,
AWS00872,,24.0,,
AWS00873,,114.0,,
AWS00874,,18.0,,
AWS00875,,89.0,,
AWS00876,,27.0,,
AWS00877,,7.0,,
AWS00878,,137.0,,
AWS00879,,4.0,,
AWS00880,,56.0,,
AWS00881,,34.0,,
AWS00882,,0.0,,
AWS00883,,35.0,,
AWS00884,,24.0,,
AWS00885,,0.0,,
AWS00886,,8.0,,
AWS00887,,2.0,,
AWS00888,,3.0,,
AWS00889,,5.0,,
AWS00890,,28.0,,
AWS00891,,38.0,,
AWS00892,,57.0,,
AWS00893,,66.0,,
AWS00894,,26.0,,
AWS00895,,5.0,,
AWS00896,,0.0,,
AWS00897,,15.0,,
AWS00898,,14.0,,
AWS00899,,10.0,,
AWS00900,,19.0,,
AWS00901,,39.0,,
AWS00902,,6.0,,
AWS00903,,35.0,,
AWS00904,,5.0,,
AWS00905,,9.0,,
AWS00906,,42.0,,
AWS00907,,48.0,,
AWS00908,,22.0,,
AWS00909,,11.0,,
AWS00910,,14.0,,
AWS00912,,7.0,,
AWS00913,,11.0,,
AWS00914,,18.0,,
AWS00915,,9.0,,
AWS00916,,28.0,,
AWS00917,,0.0,,
AWS00918,,28.0,,
AWS00919,,48.0,,
AWS00920,,46.0,,
AWS00921,,5.0,,
AWS00922,,119.0,,
AWS00924,,3.0,,
AWS00925,,0.0,,
AWS00926,,0.0,,
AWS00927,,61.0,,
AWS00928,,14.0,,
AWS00929,,0.0,,
AWS00931,,25.0,,
AWS00932,,2.0,,
AWS00933,,1.0,,
AWS00934,,30.0,,
AWS00935,,0.0,,
AWS00936,,31.0,,
AWS00939,,76.0,,
AWS00940,,0.0,,
AWS00941,,1.0,,
AWS00943,,0.0,,
AWS00944,,109.0,,
AWS00945,,26.0,,
AWS00946,,1.0,,
AWS00947,,42.0,,
AWS00948,,29.0,,
AWS00949,,0.0,,
AWS00950,,165.0,,
AWS00951,,55.0,,
AWS00953,,19.0,,
AWS00954,,106.0,,
AWS00955,,74.0,,
AWS00956,,4.0,,
AWS00957,,4.0,,
AWS00958,,1.0,,
AWS00959,,2.0,,
AWS00960,,28.0,,
AWS00961,,18.0,,
AWS00962,,14.0,,
AWS00963,,34.0,,
AWS00964,,101.0,,
AWS00965,,1.0,,
AWS00966,,67.0,,
AWS00967,,4.0,,
AWS00968,,43.0,,
AWS00969,,0.0,,
AWS00970,,28.0,,
AWS00971,,50.0,,
AWS00972,,2.0,,
AWS00973,,4.0,,
AWS00974,,8.0,,
AWS00975,,49.0,,
AWS00976,,37.0,,
AWS00977,,1.0,,
AWS00979,,31.0,,
AWS00980,,165.0,,
AWS00981,,3.0,,
AWS00982,,185.0,,
AWS00983,,127.0,,
AWS00984,,5.0,,
AWS00986,,48.0,,
AWS00987,,21.0,,
AWS00988,,16.0,,
AWS00989,,5.0,,
AWS00990,,5.0,,
AWS00991,,4.0,,
AWS00992,,35.0,,
AWS00993,,5.0,,
AWS00994,,16.0,,
AWS00995,,8.0,,
AWS00996,,33.0,,
AWS00999,,2.0,,
AWS01000,,1.0,,
AWS01001,,39.0,,
AWS01002,,33.0,,
AWS01003,,3.0,,
AWS01004,,22.0,,
AWS01005,,23.0,,
AWS01006,,24.0,,
AWS01007,,12.0,,
AWS01008,,6.0,,
AWS01009,,0.0,,
AWS01010,,22.0,,
AWS01011,,14.0,,
AWS01012,,14.0,,
AWS01014,,9.0,,
AWS01015,,22.0,,
AWS01016,,131.0,,
AWS01017,,35.0,,
AWS01018,,40.0,,
AWS01019,,78.0,,
AWS01020,,4.0,,
AWS01021,,2.0,,
AWS01022,,7.0,,
AWS01023,,40.0,,
AWS01024,,8.0,,
AWS01026,,1.0,,
AWS01027,,236.0,,
AWS01028,,4.0,,
AWS01029,,2.0,,
AWS01030,,29.0,,
AWS01031,,15.0,,
AWS01032,,92.0,,
AWS01033,,44.0,,
AWS01035,,1.0,,
AWS01036,,10.0,,
AWS01037,,14.0,,
AWS01038,,4.0,,
AWS01039,,1.0,,
AWS01040,,1.0,,
AWS01043,,5.0,,
AWS01044,,0.0,,
AWS01045,,3.0,,
AWS01046,,0.0,,
AWS01047,,13.0,,
AWS01048,,6.0,,
AWS01049,,19.0,,
AWS01050,,18.0,,
AWS01051,,25.0,,
AWS01052,,22.0,,
AWS01053,,19.0,,
AWS01054,,8.0,,
AWS01055,,5.0,,
AWS01056,,0.0,,
AWS01057,,12.0,,
AWS01058,,0.0,,
AWS01061,,1.0,,
AWS01063,,45.0,,
AWS01064,,48.0,,
AWS01065,,20.0,,
AWS01066,,1.0,,
AWS01067,,40.0,,
AWS01068,,2.0,,
AWS01069,,33.0,,
AWS01070,,0.0,,
AWS01072,,2.0,,
AWS01073,,0.0,,
AWS01074,,0.0,,
AWS01075,,8.0,,
AWS01076,,16.0,,
AWS01077,,30.0,,
AWS01079,,27.0,,
AWS01080,,7.0,,
AWS01081,,36.0,,
AWS01082,,0.0,,
AWS01084,,81.0,,
AWS01085,,29.0,,
AWS01086,,10.0,,
AWS01087,,27.0,,
AWS01088,,24.0,,
AWS01089,,1.0,,
AWS01090,,1.0,,
AWS01091,,2.0,,
AWS01092,,33.0,,
AWS01093,,10.0,,
AWS01094,,11.0,,
AWS01095,,6.0,,
AWS01096,,24.0,,
AWS01098,,32.0,,
AWS01099,,67.0,,
AWS01100,,16.0,,
AWS01101,,22.0,,
AWS01102,,42.0,,
AWS01103,,12.0,,
AWS01104,,79.0,,
AWS01105,,4.0,,
AWS01106,,3.0,,
AWS01107,,0.0,,
AWS01108,,17.0,,
AWS01109,,23.0,,
AWS01110,,13.0,,
AWS01111,,4.0,,
AWS01112,,23.0,,
AWS01113,,0.0,,
AWS01116,,10.0,,
AWS01118,,21.0,,
AWS01120,,8.0,,
AWS01121,,52.0,,
AWS01122,,0.0,,
AWS01123,,0.0,,
AWS01124,,68.0,,
AWS01125,,0.0,,
AWS01126,,71.0,,
AWS01127,,33.0,,
AWS01128,,8.0,,
AWS01129,,14.0,,
AWS01130,,121.0,,
AWS01131,,6.0,,
AWS01132,,23.0,,
AWS01133,,38.0,,
AWS01134,,1.0,,
AWS01135,,41.0,,
AWS01136,,152.0,,
AWS01137,,5.0,,
AWS01138,,6.0,,
AWS01139,,8.0,,
AWS01140,,40.0,,
AWS01141,,8.0,,
AWS01142,,36.0,,
AWS01143,,0.0,,
AWS01144,,0.0,,
AWS01145,,94.0,,
AWS01146,,41.0,,
AWS01147,,0.0,,
AWS01148,,71.0,,
AWS01149,,16.0,,
AWS01150,,0.0,,
AWS01152,,68.0,,
AWS01153,,20.0,,
AWS01154,,1.0,,
AWS01155,,26.0,,
AWS01156,,67.0,,
AWS01157,,66.0,,
AWS01158,,15.0,,
AWS01159,,0.0,,
AWS01160,,91.0,,
AWS01161,,2.0,,
AWS01162,,4.0,,
AWS01163,,7.0,,
AWS01164,,7.0,,
AWS01165,,14.0,,
AWS01166,,5.0,,
AWS01167,,2.0,,
AWS01168,,0.0,,
AWS01169,,1.0,,
AWS01173,,6.0,,
AWS01174,,17.0,,
AWS01175,,4.0,,
AWS01176,,18.0,,
AWS01177,,1.0,,
AWS01178,,4.0,,
AWS01179,,5.0,,
AWS01180,,43.0,,
AWS01181,,0.0,,
AWS01182,,165.0,,
AWS01183,,0.0,,
AWS01184,,0.0,,
AWS01185,,5.0,,
AWS01186,,84.0,,
AWS01187,,0.0,,
AWS01188,,2.0,,
AWS01189,,0.0,,
AWS01190,,2.0,,
AWS01191,,7.0,,
AWS01192,,1.0,,
AWS01193,,0.0,,
AWS01194,,43.0,,
AWS01195,,13.0,,
AWS01196,,46.0,,
AWS01197,,1.0,,
AWS01198,,1.0,,
AWS01199,,9.0,,
AWS01200,,101.0,,
AWS01201,,20.0,,
AWS01202,,16.0,,
AWS01203,,147.0,,
AWS01204,,3.0,,
AWS01205,,22.0,,
AWS01206,,35.0,,
AWS01207,,0.0,,
AWS01208,,19.0,,
AWS01209,,85.0,,
AWS01210,,48.0,,
AWS01213,,103.0,,
AWS01214,,14.0,,
AWS01215,,5.0,,
AWS01216,,12.0,,
AWS01217,,23.0,,
AWS01218,,1.0,,
AWS01220,,7.0,,
AWS01221,,1.0,,
AWS01222,,8.0,,
AWS01223,,15.0,,
AWS01224,,6.0,,
AWS01225,,2.0,,
AWS01226,,0.0,,
AWS01227,,0.0,,
AWS01228,,1.0,,
AWS01229,,49.0,,
AWS01230,,71.0,,
AWS01231,,16.0,,
AWS01232,,69.0,,
AWS01233,,35.0,,
AWS01234,,1.0,,
AWS01236,,25.0,,
AWS01237,,0.0,,
AWS01246,,11.0,,
AWS01247,,32.0,,
AWS01248,,1.0,,
AWS01249,,13.0,,
AWS01250,,17.0,,
AWS01251,,31.0,,
AWS01252,,3.0,,
AWS01253,,46.0,,
AWS01254,,4.0,,
AWS01255,,27.0,,
AWS01256,,38.0,,
AWS01257,,0.0,,
AWS01258,,32.0,,
AWS01259,,8.0,,
AWS01260,,16.0,,
AWS01261,,23.0,,
AWS01262,,1.0,,
AWS01263,,22.0,,
AWS01264,,80.0,,
AWS01265,,13.0,,
AWS01266,,44.0,,
AWS01267,,54.0,,
AWS01268,,5.0,,
AWS01269,,34.0,,
AWS01270,,0.0,,
AWS01271,,7.0,,
AWS01272,,15.0,,
AWS01273,,22.0,,
AWS01274,,160.0,,
AWS01275,,32.0,,
AWS01276,,28.0,,
AWS01277,,41.0,,
AWS01278,,5.0,,
AWS01279,,14.0,,
AWS01280,,118.0,,
AWS01281,,11.0,,
AWS01282,,4.0,,
AWS01283,,2.0,,
AWS01284,,43.0,,
AWS01288,,6.0,,
AWS01289,,21.0,,
AWS01290,,16.0,,
AWS01291,,69.0,,
AWS01292,,8.0,,
AWS01293,,4.0,,
AWS01294,,75.0,,
AWS01295,,12.0,,
AWS01298,,0.0,,
AWS01299,,27.0,,
AWS01300,,0.0,,
AWS01301,,63.0,,
AWS01302,,29.0,,
AWS01303,,25.0,,
AWS01304,,179.0,,
AWS01305,,0.0,,
AWS01306,,2.0,,
AWS01307,,62.0,,
AWS01309,,31.0,,
AWS01310,,21.0,,
AWS01311,,86.0,,
AWS01313,,72.0,,
AWS01315,,11.0,,
AWS01316,,8.0,,
AWS01317,,59.0,,
AWS01318,,11.0,,
AWS01319,,17.0,,
AWS01320,,10.0,,
AWS01321,,28.0,,
AWS01322,,23.0,,
AWS01323,,0.0,,
AWS01324,,4.0,,
AWS01325,,0.0,,
AWS01326,,20.0,,
AWS01327,,47.0,,
AWS01328,,20.0,,
AWS01329,,32.0,,
AWS01330,,5.0,,
AWS01331,,29.0,,
AWS01332,,14.0,,
AWS01333,,16.0,,
AWS01334,,1.0,,
AWS01335,,10.0,,
AWS01336,,46.0,,
AWS01337,,40.0,,
AWS01338,,56.0,,
AWS01340,,55.0,,
AWS01341,,73.0,,
AWS01342,,20.0,,
AWS01343,,52.0,,
AWS01344,,4.0,,
AWS01345,,33.0,,
AWS01348,,8.0,,
AWS01349,,58.0,,
AWS01350,,48.0,,
AWS01351,,9.0,,
AWS01352,,25.0,,
AWS01353,,167.0,,
AWS01354,,16.0,,
AWS01355,,7.0,,
AWS01357,,10.0,,
AWS01358,,3.0,,
AWS01359,,73.0,,
AWS01361,,24.0,,
AWS01362,,90.0,,
AWS01363,,0.0,,
AWS01364,,0.0,,
AWS01365,,0.0,,
AWS01367,,23.0,,
AWS01368,,4.0,,
AWS01369,,85.0,,
AWS01370,,27.0,,
AWS01371,,39.0,,
AWS01372,,8.0,,
AWS01373,,192.0,,
AWS01374,,16.0,,
AWS01375,,73.0,,
AWS01376,,0.0,,
AWS01377,,10.0,,
AWS01378,,10.0,,
AWS01379,,5.0,,
AWS01380,,1.0,,
AWS01382,,118.0,,
AWS01383,,56.0,,
AWS01384,,42.0,,
AWS01385,,98.0,,
AWS01386,,35.0,,
AWS01387,,35.0,,
AWS01388,,26.0,,
AWS01389,,124.0,,
AWS01390,,12.0,,
AWS01391,,32.0,,
AWS01392,,50.0,,
AWS01393,,14.0,,
AWS01394,,23.0,,
AWS01395,,78.0,,
AWS01400,,0.0,,
AWS01401,,119.0,,
AWS01402,,28.0,,
AWS01403,,0.0,,
AWS01404,,43.0,,
AWS01406,,54.0,,
AWS01407,,5.0,,
AWS01408,,143.0,,
AWS01409,,43.0,,
AWS01410,,41.0,,
AWS01411,,7.0,,
AWS01412,,8.0,,
AWS01413,,19.0,,
AWS01414,,40.0,,
AWS01415,,82.0,,
AWS01416,,14.0,,
AWS01417,,34.0,,
AWS01418,,0.0,,
AWS01419,,0.0,,
AWS01420,,49.0,,
AWS01421,,31.0,,
AWS01422,,0.0,,
AWS01423,,1.0,,
AWS01424,,75.0,,
AWS01425,,17.0,,
AWS01426,,2.0,,
AWS01427,,4.0,,
AWS01428,,35.0,,
AWS01429,,2.0,,
AWS01430,,34.0,,
AWS01431,,148.0,,
AWS01432,,23.0,,
AWS01433,,19.0,,
AWS01434,,22.0,,
AWS01435,,56.0,,
AWS01436,,12.0,,
AWS01437,,0.0,,
AWS01438,,50.0,,
AWS01439,,7.0,,
AWS01440,,9.0,,
AWS01441,,0.0,,
AWS01442,,9.0,,
AWS01443,,2.0,,
AWS01444,,19.0,,
AWS01445,,23.0,,
AWS01447,,36.0,,
AWS01448,,28.0,,
AWS01449,,14.0,,
AWS01450,,33.0,,
AWS01452,,47.0,,
AWS01453,,67.0,,
AWS01454,,2.0,,
AWS01455,,49.0,,
AWS01456,,11.0,,
AWS01457,,3.0,,
AWS01458,,14.0,,
AWS01459,,11.0,,
AWS01460,,9.0,,
AWS01461,,9.0,,
AWS01462,,31.0,,
AWS01463,,4.0,,
AWS01464,,6.0,,
AWS01465,,7.0,,
AWS01466,,247.0,,
AWS01467,,0.0,,
AWS01468,,48.0,,
AWS01469,,37.0,,
AWS01470,,18.0,,
AWS01471,,45.0,,
AWS01472,,38.0,,
AWS01474,,29.0,,
AWS01475,,32.0,,
AWS01476,,8.0,,
AWS01477,,5.0,,
AWS01478,,28.0,,
AWS01479,,114.0,,
AWS01480,,40.0,,
AWS01481,,80.0,,
AWS01482,,83.0,,
AWS01484,,11.0,,
AWS01485,,0.0,,
AWS01486,,171.0,,
AWS01487,,0.0,,
AWS01488,,10.0,,
AWS01489,,81.0,,
AWS01490,,6.0,,
AWS01491,,38.0,,
AWS01492,,45.0,,
AWS01493,,170.0,,
AWS01494,,21.0,,
AWS01495,,33.0,,
AWS01496,,26.0,,
AWS01497,,22.0,,
AWS01498,,34.0,,
AWS01499,,8.0,,
AWS01500,,0.0,,
AWS01501,,77.0,,
AWS01502,,44.0,,
AWS01503,,46.0,,
AWS01504,,54.0,,
AWS01505,,4.0,,
AWS01506,,2.0,,
AWS01507,,49.0,,
AWS01508,,8.0,,
AWS01509,,35.0,,
AWS01510,,41.0,,
AWS01511,,77.0,,
AWS01512,,141.0,,
AWS01513,,43.0,,
AWS01514,,4.0,,
AWS01515,,22.0,,
AWS01516,,17.0,,
AWS01517,,30.0,,
AWS01518,,17.0,,
AWS01519,,0.0,,
AWS01520,,9.0,,
AWS01521,,29.0,,
AWS01522,,2.0,,
AWS01523,,69.0,,
AWS01524,,9.0,,
AWS01525,,6.0,,
AWS01526,,46.0,,
AWS01527,,16.0,,
AWS01528,,0.0,,
AWS01529,,85.0,,
AWS01530,,54.0,,
AWS01531,,3.0,,
AWS01532,,17.0,,
AWS01534,,40.0,,
AWS01535,,27.0,,
AWS01536,,35.0,,
AWS01537,,14.0,,
AWS01538,,2.0,,
AWS01540,,50.0,,
AWS01541,,14.0,,
AWS01543,,27.0,,
AWS01544,,12.0,,
AWS01545,,0.0,,
AWS01546,,0.0,,
AWS01547,,38.0,,
AWS01548,,55.0,,
AWS01549,,75.0,,
AWS01550,,9.0,,
AWS01551,,7.0,,
AWS01552,,4.0,,
AWS01553,,70.0,,
AWS01554,,9.0,,
AWS01555,,6.0,,
AWS01556,,26.0,,
AWS01557,,188.0,,
AWS01559,,171.0,,
AWS01561,,61.0,,
AWS01562,,0.0,,
AWS01563,,98.0,,
AWS01565,,2.0,,
AWS01567,,38.0,,
AWS01568,,0.0,,
AWS01569,,5.0,,
AWS01570,,48.0,,
AWS01571,,1.0,,
AWS01572,,8.0,,
AWS01573,,23.0,,
AWS01574,,39.0,,
AWS01575,,5.0,,
AWS01576,,0.0,,
AWS01577,,20.0,,
AWS01578,,19.0,,
AWS01579,,7.0,,
AnW0001,0.0,,,
AnW0002,0.0,,,
AnW0003,104.0,,,
AnW0004,9.0,,,
AnW0005,94.0,,,
AnW0006,8.0,,,
AnW0007,37.0,,,
AnW0008,34.0,,,
AnW0009,1.0,,,
AnW0011,5.0,,,
AnW0012,12.0,,,
AnW0013,7.0,,,
AnW0015,17.0,,,
AnW0016,68.0,,,
AnW0017,12.0,,,
AnW0018,38.0,,,
AnW0019,0.0,,,
AnW0020,15.0,,,
AnW0021,0.0,,,
AnW0022,24.0,,,
AnW0023,72.0,,,
AnW0025,71.0,,,
AnW0026,0.0,,,
AnW0027,14.0,,,
AnW0028,1.0,,,
AnW0029,0.0,,,
AnW0030,5.0,,,
AnW0033,85.0,,,
AnW0034,23.0,,,
AnW0035,79.0,,,
AnW0036,10.0,,,
AnW0037,3.0,,,
AnW0038,53.0,,,
AnW0039,13.0,,,
AnW0040,0.0,,,
AnW0041,34.0,,,
AnW0042,2.0,,,
AnW0044,24.0,,,
AnW0045,43.0,,,
AnW0046,15.0,,,
AnW0047,0.0,,,
AnW0048,85.0,,,
AnW0049,32.0,,,
AnW0050,30.0,,,
AnW0051,7.0,,,
AnW0052,13.0,,,
AnW0053,30.0,,,
AnW0054,53.0,,,
AnW0056,36.0,,,
AnW0057,24.0,,,
AnW0058,34.0,,,
AnW0059,14.0,,,
AnW0060,27.0,,,
AnW0062,17.0,,,
AnW0063,36.0,,,
AnW0064,36.0,,,
AnW0065,91.0,,,
AnW0067,105.0,,,
AnW0068,72.0,,,
AnW0069,33.0,,,
AnW0070,1.0,,,
AnW0071,3.0,,,
AnW0072,13.0,,,
AnW0073,9.0,,,
AnW0074,47.0,,,
AnW0075,14.0,,,
AnW0076,0.0,,,
AnW0077,1.0,,,
AnW0078,0.0,,,
AnW0079,4.0,,,
AnW0080,10.0,,,
AnW0081,39.0,,,
AnW0082,1.0,,,
AnW0083,17.0,,,
AnW0084,74.0,,,
AnW0085,0.0,,,
AnW0086,0.0,,,
AnW0087,2.0,,,
AnW0088,2.0,,,
AnW0089,1.0,,,
AnW0090,10.0,,,
AnW0093,0.0,,,
AnW0095,8.0,,,
AnW0096,17.0,,,
AnW0097,14.0,,,
AnW0098,5.0,,,
AnW0099,55.0,,,
AnW0100,0.0,,,
AnW0101,61.0,,,
AnW0102,40.0,,,
AnW0103,13.0,,,
AnW0104,8.0,,,
AnW0105,25.0,,,
AnW0106,1.0,,,
AnW0107,2.0,,,
AnW0108,0.0,,,
AnW0109,18.0,,,
AnW0110,1.0,,,
AnW0111,10.0,,,
AnW0112,0.0,,,
AnW0113,2.0,,,
AnW0114,91.0,,,
AnW0115,4.0,,,
AnW0116,25.0,,,
AnW0117,3.0,,,
AnW0118,1.0,,,
AnW0119,1.0,,,
AnW0120,3.0,,,
AnW0121,21.0,,,
AnW0122,13.0,,,
AnW0123,1.0,,,
AnW0124,14.0,,,
AnW0125,19.0,,,
AnW0128,0.0,,,
AnW0129,0.0,,,
AnW0133,27.0,,,
AnW0134,0.0,,,
AnW0135,0.0,,,
AnW0136,0.0,,,
AnW0137,11.0,,,
AnW0138,0.0,,,
AnW0139,117.0,,,
AnW0140,0.0,,,
AnW0141,17.0,,,
AnW0143,22.0,,,
AnW0144,0.0,,,
AnW0145,55.0,,,
AnW0146,0.0,,,
AnW0147,1.0,,,
AnW0148,4.0,,,
AnW0149,4.0,,,
AnW0150,18.0,,,
AnW0151,3.0,,,
AnW0152,3.0,,,
AnW0153,25.0,,,
AnW0154,14.0,,,
AnW0155,6.0,,,
AnW0156,22.0,,,
AnW0157,7.0,,,
AnW0158,21.0,,,
AnW0159,60.0,,,
AnW0160,0.0,,,
AnW0161,29.0,,,
AnW0162,46.0,,,
AnW0163,2.0,,,
AnW0164,1.0,,,
AnW0165,21.0,,,
AnW0166,0.0,,,
AnW0167,120.0,,,
AnW0168,1.0,,,
AnW0169,57.0,,,
AnW0170,0.0,,,
AnW0171,0.0,,,
AnW0172,4.0,,,
AnW0173,2.0,,,
AnW0174,4.0,,,
AnW0175,1.0,,,
AnW0176,20.0,,,
AnW0177,22.0,,,
AnW0178,2.0,,,
AnW0179,36.0,,,
AnW0180,48.0,,,
AnW0181,1.0,,,
AnW0182,5.0,,,
AnW0183,5.0,,,
AnW0184,10.0,,,
AnW0185,18.0,,,
AnW0186,47.0,,,
AnW0188,0.0,,,
AnW0189,0.0,,,
AnW0190,0.0,,,
AnW0193,4.0,,,
AnW0194,1.0,,,
AnW0195,0.0,,,
AnW0196,0.0,,,
AnW0197,39.0,,,
AnW0198,3.0,,,
AnW0199,0.0,,,
AnW0200,9.0,,,
AnW0201,18.0,,,
AnW0202,106.0,,,
AnW0203,3.0,,,
AnW0204,24.0,,,
AnW0205,9.0,,,
AnW0206,74.0,,,
AnW0207,0.0,,,
AnW0208,136.0,,,
AnW0209,23.0,,,
AnW0210,0.0,,,
AnW0211,4.0,,,
AnW0212,3.0,,,
AnW0213,9.0,,,
AnW0214,1.0,,,
AnW0215,1.0,,,
AnW0216,12.0,,,
AnW0217,16.0,,,
AnW0218,8.0,,,
AnW0219,4.0,,,
AnW0220,0.0,,,
AnW0221,7.0,,,
AnW0222,31.0,,,
AnW0223,84.0,,,
AnW0224,0.0,,,
AnW0225,75.0,,,
AnW0226,24.0,,,
AnW0227,10.0,,,
AnW0228,14.0,,,
AnW0229,0.0,,,
AnW0230,6.0,,,
AnW0231,4.0,,,
AnW0232,8.0,,,
AnW0233,82.0,,,
AnW0234,2.0,,,
AnW0235,63.0,,,
AnW0236,15.0,,,
AnW0237,2.0,,,
AnW0238,0.0,,,
AnW0239,2.0,,,
AnW0240,22.0,,,
AnW0241,4.0,,,
AnW0242,106.0,,,
AnW0243,25.0,,,
AnW0244,0.0,,,
AnW0245,22.0,,,
AnW0246,6.0,,,
AnW0247,11.0,,,
AnW0248,1.0,,,
AnW0249,36.0,,,
AnW0250,51.0,,,
AnW0251,2.0,,,
AnW0252,7.0,,,
AnW0253,0.0,,,
AnW0254,20.0,,,
AnW0255,9.0,,,
AnW0256,15.0,,,
AnW0257,2.0,,,
AnW0258,0.0,,,
AnW0260,0.0,,,
AnW0261,11.0,,,
AnW0262,11.0,,,
AnW0263,33.0,,,
AnW0264,1.0,,,
AnW0266,2.0,,,
AnW0267,1.0,,,
AnW0268,3.0,,,
AnW0269,8.0,,,
AnW0270,0.0,,,
AnW0271,6.0,,,
AnW0272,27.0,,,
AnW0273,26.0,,,
AnW0274,16.0,,,
AnW0275,0.0,,,
AnW0276,0.0,,,
AnW0277,3.0,,,
AnW0278,0.0,,,
AnW0279,0.0,,,
AnW0283,1.0,,,
AnW0284,0.0,,,
AnW0285,6.0,,,
AnW0286,37.0,,,
AnW0287,10.0,,,
AnW0288,27.0,,,
AnW0289,1.0,,,
AnW0290,9.0,,,
AnW0291,2.0,,,
AnW0292,2.0,,,
AnW0293,67.0,,,
AnW0294,15.0,,,
AnW0295,19.0,,,
AnW0296,76.0,,,
AnW0297,1.0,,,
AnW0298,43.0,,,
AnW0299,2.0,,,
AnW0300,85.0,,,
AnW0301,3.0,,,
AnW0302,4.0,,,
AnW0303,26.0,,,
AnW0304,23.0,,,
AnW0305,8.0,,,
AnW0306,44.0,,,
AnW0307,2.0,,,
AnW0308,11.0,,,
AnW0309,7.0,,,
AnW0310,52.0,,,
AnW0311,21.0,,,
AnW0312,1.0,,,
AnW0313,83.0,,,
AnW0314,0.0,,,
AnW0315,5.0,,,
AnW0316,35.0,,,
AnW0317,46.0,,,
AnW0318,59.0,,,
AnW0319,0.0,,,
AnW0320,62.0,,,
AnW0322,22.0,,,
AnW0326,3.0,,,
AnW0328,0.0,,,
AnW0329,7.0,,,
AnW0330,1.0,,,
AnW0331,39.0,,,
AnW0332,10.0,,,
AnW0333,14.0,,,
AnW0334,30.0,,,
AnW0335,12.0,,,
AnW0336,2.0,,,
AnW0337,32.0,,,
AnW0338,12.0,,,
AnW0339,27.0,,,
AnW0340,39.0,,,
AnW0341,0.0,,,
AnW0342,84.0,,,
AnW0343,0.0,,,
AnW0344,20.0,,,
AnW0345,9.0,,,
AnW0347,4.0,,,
AnW0348,0.0,,,
AnW0349,62.0,,,
AnW0350,22.0,,,
AnW0351,45.0,,,
AnW0352,122.0,,,
AnW0354,4.0,,,
AnW0355,62.0,,,
AnW0356,8.0,,,
AnW0357,9.0,,,
AnW0358,36.0,,,
AnW0359,35.0,,,
AnW0360,3.0,,,
AnW0361,12.0,,,
AnW0362,7.0,,,
AnW0363,73.0,,,
AnW0364,46.0,,,
AnW0365,1.0,,,
AnW0366,61.0,,,
AnW0367,61.0,,,
AnW0368,0.0,,,
AnW0369,2.0,,,
AnW0370,0.0,,,
AnW0371,0.0,,,
AnW0372,10.0,,,
AnW0373,6.0,,,
AnW0374,4.0,,,
AnW0376,35.0,,,
AnW0377,2.0,,,
AnW0378,37.0,,,
AnW0379,19.0,,,
AnW0380,0.0,,,
AnW0381,5.0,,,
AnW0382,7.0,,,
AnW0383,4.0,,,
AnW0384,0.0,,,
AnW0385,0.0,,,
AnW0386,133.0,,,
AnW0387,0.0,,,
AnW0388,33.0,,,
AnW0389,33.0,,,
AnW0390,80.0,,,
AnW0391,4.0,,,
AnW0392,49.0,,,
AnW0393,0.0,,,
AnW0394,38.0,,,
AnW0395,0.0,,,
AnW0396,85.0,,,
AnW0397,2.0,,,
AnW0398,28.0,,,
AnW0399,0.0,,,
AnW0400,46.0,,,
AnW0401,22.0,,,
AnW0402,5.0,,,
AnW0403,9.0,,,
AnW0404,10.0,,,
AnW0405,4.0,,,
AnW0407,32.0,,,
AnW0408,46.0,,,
AnW0409,21.0,,,
AnW0410,89.0,,,
AnW0411,1.0,,,
AnW0412,30.0,,,
AnW0413,0.0,,,
AnW0414,6.0,,,
AnW0415,12.0,,,
AnW0416,2.0,,,
AnW0417,0.0,,,
AnW0418,15.0,,,
AnW0419,0.0,,,
AnW0420,2.0,,,
AnW0422,30.0,,,
AnW0423,0.0,,,
AnW0424,0.0,,,
AnW0425,72.0,,,
AnW0426,6.0,,,
AnW0427,5.0,,,
AnW0428,0.0,,,
AnW0430,0.0,,,
AnW0431,66.0,,,
AnW0432,10.0,,,
AnW0433,8.0,,,
AnW0434,0.0,,,
AnW0435,8.0,,,
AnW0436,79.0,,,
AnW0437,69.0,,,
AnW0438,45.0,,,
AnW0439,32.0,,,
AnW0441,69.0,,,
AnW0442,12.0,,,
AnW0443,4.0,,,
AnW0444,2.0,,,
AnW0445,25.0,,,
AnW0446,51.0,,,
AnW0447,46.0,,,
AnW0448,114.0,,,
AnW0449,0.0,,,
AnW0450,0.0,,,
AnW0452,3.0,,,
AnW0453,15.0,,,
AnW0454,46.0,,,
AnW0455,42.0,,,
AnW0456,20.0,,,
AnW0457,2.0,,,
AnW0459,31.0,,,
AnW0460,8.0,,,
AnW0461,0.0,,,
AnW0462,14.0,,,
AnW0463,2.0,,,
AnW0464,21.0,,,
AnW0465,41.0,,,
AnW0466,27.0,,,
AnW0467,26.0,,,
AnW0468,1.0,,,
AnW0469,2.0,,,
AnW0471,62.0,,,
AnW0472,1.0,,,
AnW0473,48.0,,,
AnW0474,13.0,,,
AnW0475,0.0,,,
AnW0476,0.0,,,
AnW0477,1.0,,,
AnW0478,1.0,,,
AnW0479,0.0,,,
AnW0480,52.0,,,
AnW0481,0.0,,,
AnW0482,42.0,,,
AnW0483,106.0,,,
AnW0484,99.0,,,
AnW0485,0.0,,,
AnW0486,20.0,,,
AnW0487,0.0,,,
AnW0488,0.0,,,
AnW0489,36.0,,,
AnW0490,44.0,,,
AnW0491,129.0,,,
AnW0492,2.0,,,
AnW0493,60.0,,,
AnW0494,0.0,,,
AnW0496,2.0,,,
AnW0497,3.0,,,
AnW0498,2.0,,,
AnW0499,87.0,,,
AnW0500,5.0,,,
AnW0501,35.0,,,
AnW0502,0.0,,,
AnW0503,0.0,,,
AnW0504,20.0,,,
AnW0505,0.0,,,
AnW0506,31.0,,,
AnW0507,56.0,,,
AnW0508,211.0,,,
AnW0509,20.0,,,
AnW0510,18.0,,,
AnW0511,86.0,,,
AnW0512,8.0,,,
AnW0513,0.0,,,
AnW0514,11.0,,,
AnW0515,3.0,,,
AnW0517,47.0,,,
AnW0518,73.0,,,
AnW0519,6.0,,,
AnW0520,29.0,,,
AnW0521,5.0,,,
AnW0522,1.0,,,
AnW0523,0.0,,,
AnW0524,0.0,,,
AnW0525,4.0,,,
AnW0526,1.0,,,
AnW0527,2.0,,,
AnW0528,21.0,,,
AnW0529,2.0,,,
AnW0530,9.0,,,
AnW0531,69.0,,,
AnW0532,20.0,,,
AnW0533,14.0,,,
AnW0534,121.0,,,
AnW0535,78.0,,,
AnW0536,68.0,,,
AnW0537,42.0,,,
AnW0538,40.0,,,
AnW0539,31.0,,,
AnW0540,19.0,,,
AnW0541,5.0,,,
AnW0542,0.0,,,
AnW0543,0.0,,,
AnW0544,2.0,,,
AnW0545,46.0,,,
AnW0546,0.0,,,
AnW0547,6.0,,,
AnW0548,29.0,,,
AnW0549,0.0,,,
AnW0550,0.0,,,
AnW0551,45.0,,,
AnW0552,0.0,,,
AnW0553,0.0,,,
AnW0555,36.0,,,
AnW0556,0.0,,,
AnW0558,162.0,,,
AnW0559,59.0,,,
AnW0563,2.0,,,
AnW0564,1.0,,,
AnW0565,88.0,,,
AnW0566,76.0,,,
AnW0567,4.0,,,
AnW0568,46.0,,,
AnW0569,125.0,,,
AnW0570,43.0,,,
AnW0571,8.0,,,
AnW0572,18.0,,,
AnW0573,2.0,,,
AnW0574,8.0,,,
AnW0575,42.0,,,
AnW0576,13.0,,,
AnW0577,1.0,,,
AnW0578,25.0,,,
AnW0579,11.0,,,
AnW0581,172.0,,,
AnW0582,3.0,,,
AnW0583,6.0,,,
AnW0584,21.0,,,
AnW0585,36.0,,,
AnW0586,0.0,,,
AnW0587,8.0,,,
AnW0590,0.0,,,
AnW0592,26.0,,,
AnW0593,10.0,,,
AnW0595,54.0,,,
AnW0596,0.0,,,
AnW0598,35.0,,,
AnW0599,7.0,,,
AnW0600,17.0,,,
AnW0601,47.0,,,
AnW0602,1.0,,,
AnW0603,14.0,,,
AnW0604,0.0,,,
AnW0605,52.0,,,
AnW0606,9.0,,,
AnW0607,0.0,,,
AnW0608,0.0,,,
AnW0609,1.0,,,
AnW0610,15.0,,,
AnW0611,80.0,,,
AnW0612,15.0,,,
AnW0613,1.0,,,
AnW0614,0.0,,,
AnW0617,41.0,,,
AnW0618,4.0,,,
AnW0619,2.0,,,
AnW0620,47.0,,,
AnW0622,121.0,,,
AnW0623,4.0,,,
AnW0624,46.0,,,
AnW0625,1.0,,,
AnW0627,22.0,,,
AnW0628,53.0,,,
AnW0629,7.0,,,
AnW0630,74.0,,,
AnW0631,12.0,,,
AnW0632,91.0,,,
AnW0633,0.0,,,
AnW0634,3.0,,,
AnW0635,12.0,,,
AnW0636,22.0,,,
AnW0637,0.0,,,
AnW0638,21.0,,,
AnW0639,11.0,,,
AnW0640,57.0,,,
AnW0641,0.0,,,
AnW0642,85.0,,,
AnW0643,23.0,,,
AnW0644,36.0,,,
AnW0645,16.0,,,
AnW0646,44.0,,,
AnW0648,0.0,,,
AnW0649,99.0,,,
AnW0650,73.0,,,
AnW0652,4.0,,,
AnW0653,4.0,,,
AnW0654,4.0,,,
AnW0655,50.0,,,
AnW0656,6.0,,,
AnW0657,12.0,,,
AnW0658,80.0,,,
AnW0659,3.0,,,
AnW0660,0.0,,,
AnW0662,7.0,,,
AnW0663,4.0,,,
AnW0664,71.0,,,
AnW0666,12.0,,,
AnW0667,0.0,,,
AnW0668,11.0,,,
AnW0669,10.0,,,
AnW0670,0.0,,,
AnW0671,26.0,,,
AnW0672,44.0,,,
AnW0673,37.0,,,
AnW0675,18.0,,,
AnW0676,0.0,,,
AnW0677,1.0,,,
AnW0678,0.0,,,
AnW0679,21.0,,,
AnW0680,3.0,,,
AnW0681,9.0,,,
AnW0682,1.0,,,
AnW0683,49.0,,,
AnW0684,10.0,,,
AnW0685,92.0,,,
AnW0686,69.0,,,
AnW0687,2.0,,,
AnW0688,46.0,,,
AnW0690,0.0,,,
AnW0691,0.0,,,
AnW0694,0.0,,,
AnW0695,38.0,,,
AnW0696,7.0,,,
AnW0697,2.0,,,
AnW0698,1.0,,,
AnW0699,37.0,,,
AnW0700,1.0,,,
AnW0701,7.0,,,
AnW0702,0.0,,,
AnW0704,101.0,,,
AnW0705,2.0,,,
AnW0706,1.0,,,
AnW0708,0.0,,,
AnW0709,33.0,,,
AnW0710,72.0,,,
AnW0711,80.0,,,
AnW0712,3.0,,,
AnW0713,15.0,,,
AnW0715,1.0,,,
AnW0716,5.0,,,
AnW0717,8.0,,,
AnW0718,5.0,,,
AnW0719,5.0,,,
AnW0720,46.0,,,
AnW0721,45.0,,,
AnW0722,11.0,,,
AnW0723,78.0,,,
AnW0724,108.0,,,
AnW0725,70.0,,,
AnW0726,56.0,,,
AnW0727,14.0,,,
AnW0728,91.0,,,
AnW0729,31.0,,,
AnW0730,3.0,,,
AnW0731,6.0,,,
AnW0732,67.0,,,
AnW0733,0.0,,,
AnW0734,12.0,,,
AnW0735,16.0,,,
AnW0736,2.0,,,
AnW0737,30.0,,,
AnW0738,4.0,,,
AnW0739,38.0,,,
AnW0741,108.0,,,
AnW0742,34.0,,,
AnW0743,41.0,,,
AnW0744,34.0,,,
AnW0745,67.0,,,
AnW0746,0.0,,,
AnW0747,45.0,,,
AnW0748,14.0,,,
AnW0749,14.0,,,
AnW0750,18.0,,,
AnW0751,11.0,,,
AnW0752,76.0,,,
AnW0753,0.0,,,
AnW0754,0.0,,,
AnW0755,5.0,,,
AnW0756,30.0,,,
AnW0758,28.0,,,
AnW0760,43.0,,,
AnW0761,67.0,,,
AnW0762,12.0,,,
AnW0763,11.0,,,
AnW0764,15.0,,,
AnW0765,13.0,,,
AnW0766,36.0,,,
AnW0767,65.0,,,
AnW0768,11.0,,,
AnW0769,12.0,,,
AnW0770,22.0,,,
AnW0771,0.0,,,
AnW0772,6.0,,,
AnW0773,8.0,,,
AnW0774,6.0,,,
AnW0775,2.0,,,
AnW0776,8.0,,,
AnW0777,2.0,,,
AnW0778,59.0,,,
AnW0780,40.0,,,
AnW0781,11.0,,,
AnW0782,2.0,,,
AnW0783,90.0,,,
AnW0784,31.0,,,
AnW0785,3.0,,,
AnW0787,35.0,,,
AnW0788,6.0,,,
AnW0789,1.0,,,
AnW0790,6.0,,,
AnW0791,0.0,,,
AnW0792,51.0,,,
AnW0793,11.0,,,
AnW0794,44.0,,,
AnW0797,3.0,,,
AnW0798,36.0,,,
AnW0800,4.0,,,
AnW0802,104.0,,,
AnW0803,4.0,,,
AnW0804,4.0,,,
AnW0805,0.0,,,
AnW0806,2.0,,,
AnW0808,71.0,,,
AnW0810,30.0,,,
AnW0811,28.0,,,
AnW0812,117.0,,,
AnW0813,85.0,,,
AnW0814,3.0,,,
AnW0815,23.0,,,
AnW0816,53.0,,,
AnW0817,53.0,,,
AnW0818,45.0,,,
AnW0819,39.0,,,
AnW0820,35.0,,,
AnW0821,4.0,,,
AnW0822,3.0,,,
AnW0823,95.0,,,
AnW0824,10.0,,,
AnW0825,9.0,,,
AnW0826,9.0,,,
AnW0827,79.0,,,
AnW0828,13.0,,,
AnW0829,49.0,,,
AnW0830,6.0,,,
AnW0831,66.0,,,
AnW0832,7.0,,,
AnW0833,28.0,,,
AnW0835,90.0,,,
AnW0836,9.0,,,
AnW0837,2.0,,,
AnW0838,3.0,,,
AnW0839,4.0,,,
AnW0842,3.0,,,
AnW0843,6.0,,,
AnW0844,42.0,,,
AnW0845,3.0,,,
AnW0846,10.0,,,
AnW0847,5.0,,,
AnW0848,9.0,,,
AnW0850,1.0,,,
AnW0852,72.0,,,
AnW0853,7.0,,,
AnW0854,42.0,,,
AnW0855,40.0,,,
AnW0856,0.0,,,
AnW0857,138.0,,,
AnW0859,98.0,,,
AnW0860,40.0,,,
AnW0861,50.0,,,
AnW0862,60.0,,,
AnW0863,71.0,,,
AnW0864,14.0,,,
AnW0866,7.0,,,
AnW0867,2.0,,,
AnW0868,24.0,,,
AnW0869,24.0,,,
AnW0870,19.0,,,
AnW0871,2.0,,,
AnW0872,0.0,,,
AnW0874,31.0,,,
AnW0875,76.0,,,
AnW0876,10.0,,,
AnW0877,0.0,,,
AnW0878,31.0,,,
AnW0879,0.0,,,
AnW0880,103.0,,,
AnW0881,58.0,,,
AnW0882,1.0,,,
AnW0883,0.0,,,
AnW0884,2.0,,,
AnW0885,36.0,,,
AnW0886,74.0,,,
AnW0887,26.0,,,
AnW0888,4.0,,,
AnW0889,3.0,,,
AnW0890,52.0,,,
AnW0891,6.0,,,
AnW0892,36.0,,,
AnW0893,12.0,,,
AnW0894,74.0,,,
AnW0895,114.0,,,
AnW0897,14.0,,,
AnW0898,0.0,,,
AnW0899,27.0,,,
AnW0900,1.0,,,
AnW0901,31.0,,,
AnW0902,185.0,,,
AnW0903,2.0,,,
AnW0904,4.0,,,
AnW0905,3.0,,,
AnW0906,8.0,,,
AnW0907,63.0,,,
AnW0908,3.0,,,
AnW0909,3.0,,,
AnW0910,26.0,,,
AnW0911,45.0,,,
AnW0912,0.0,,,
AnW0913,0.0,,,
AnW0914,0.0,,,
AnW0915,28.0,,,
AnW0916,0.0,,,
AnW0917,51.0,,,
AnW0918,0.0,,,
AnW0919,5.0,,,
AnW0920,14.0,,,
AnW0921,1.0,,,
AnW0923,8.0,,,
AnW0925,17.0,,,
AnW0926,18.0,,,
AnW0927,116.0,,,
AnW0928,0.0,,,
AnW0929,7.0,,,
AnW0930,3.0,,,
AnW0931,48.0,,,
AnW0932,1.0,,,
AnW0933,5.0,,,
AnW0934,69.0,,,
AnW0935,0.0,,,
AnW0936,0.0,,,
AnW0937,3.0,,,
AnW0938,35.0,,,
AnW0939,31.0,,,
AnW0940,49.0,,,
AnW0941,36.0,,,
AnW0942,4.0,,,
AnW0943,6.0,,,
AnW0944,1.0,,,
AnW0945,18.0,,,
AnW0946,3.0,,,
AnW0947,51.0,,,
AnW0948,3.0,,,
AnW0949,51.0,,,
AnW0952,51.0,,,
AnW0953,8.0,,,
AnW0954,11.0,,,
AnW0955,8.0,,,
AnW0959,30.0,,,
AnW0960,0.0,,,
AnW0961,10.0,,,
AnW0962,3.0,,,
AnW0963,11.0,,,
AnW0964,1.0,,,
AnW0965,14.0,,,
AnW0966,9.0,,,
AnW0967,0.0,,,
AnW0968,43.0,,,
AnW0969,30.0,,,
AnW0970,4.0,,,
AnW0971,5.0,,,
AnW0972,0.0,,,
AnW0973,0.0,,,
AnW0974,5.0,,,
AnW0975,8.0,,,
AnW0976,0.0,,,
AnW0977,20.0,,,
AnW0978,75.0,,,
AnW0980,0.0,,,
AnW0981,0.0,,,
AnW0983,63.0,,,
AnW0984,0.0,,,
AnW0985,4.0,,,
AnW0986,5.0,,,
AnW0987,0.0,,,
AnW0988,66.0,,,
AnW0989,13.0,,,
AnW0990,12.0,,,
AnW0991,14.0,,,
AnW0994,62.0,,,
AnW0995,2.0,,,
AnW0996,3.0,,,
AnW0997,0.0,,,
AnW0998,7.0,,,
AnW0999,2.0,,,
AnW1000,46.0,,,
AnW1001,13.0,,,
AnW1002,16.0,,,
AnW1003,8.0,,,
AnW1004,1.0,,,
AnW1006,57.0,,,
AnW1007,52.0,,,
AnW1008,52.0,,,
AnW1009,72.0,,,
AnW1010,0.0,,,
AnW1011,2.0,,,
AnW1012,79.0,,,
AnW1013,4.0,,,
AnW1014,24.0,,,
AnW1015,14.0,,,
AnW1016,104.0,,,
AnW1017,36.0,,,
AnW1018,0.0,,,
AnW1019,2.0,,,
AnW1020,37.0,,,
AnW1021,49.0,,,
AnW1022,8.0,,,
AnW1023,13.0,,,
AnW1024,1.0,,,
AnW1026,6.0,,,
AnW1027,11.0,,,
AnW1028,0.0,,,
AnW1029,1.0,,,
AnW1030,101.0,,,
AnW1031,19.0,,,
AnW1032,24.0,,,
AnW1033,0.0,,,
AnW1034,84.0,,,
AnW1035,1.0,,,
AnW1036,26.0,,,
AnW1037,34.0,,,
AnW1038,41.0,,,
AnW1039,0.0,,,
AnW1040,24.0,,,
AnW1041,1.0,,,
AnW1042,0.0,,,
AnW1044,17.0,,,
AnW1045,9.0,,,
AnW1046,99.0,,,
AnW1048,11.0,,,
AnW1049,0.0,,,
AnW1050,1.0,,,
AnW1051,132.0,,,
AnW1052,104.0,,,
AnW1053,3.0,,,
AnW1054,1.0,,,
AnW1055,42.0,,,
AnW1056,20.0,,,
AnW1057,0.0,,,
AnW1058,4.0,,,
AnW1060,7.0,,,
AnW1061,10.0,,,
AnW1062,5.0,,,
AnW1063,2.0,,,
AnW1065,4.0,,,
AnW1066,39.0,,,
AnW1067,14.0,,,
AnW1068,4.0,,,
AnW1069,4.0,,,
AnW1070,8.0,,,
AnW1071,0.0,,,
AnW1072,1.0,,,
AnW1073,23.0,,,
AnW1074,54.0,,,
AnW1075,5.0,,,
AnW1076,0.0,,,
AnW1077,2.0,,,
AnW1078,5.0,,,
AnW1079,19.0,,,
AnW1080,25.0,,,
AnW1081,144.0,,,
AnW1082,4.0,,,
AnW1083,0.0,,,
AnW1084,6.0,,,
AnW1085,48.0,,,
AnW1086,22.0,,,
AnW1087,9.0,,,
AnW1088,19.0,,,
AnW1089,13.0,,,
AnW1091,2.0,,,
AnW1092,0.0,,,
AnW1093,14.0,,,
AnW1094,19.0,,,
AnW1095,3.0,,,
AnW1096,1.0,,,
AnW1097,7.0,,,
AnW1098,6.0,,,
AnW1101,3.0,,,
AnW1102,6.0,,,
AnW1103,35.0,,,
AnW1104,29.0,,,
AnW1105,0.0,,,
AnW1106,1.0,,,
AnW1107,1.0,,,
AnW1108,13.0,,,
AnW1109,5.0,,,
AnW1110,61.0,,,
AnW1111,2.0,,,
AnW1112,1.0,,,
AnW1113,4.0,,,
AnW1114,2.0,,,
AnW1115,46.0,,,
AnW1116,4.0,,,
AnW1117,6.0,,,
AnW1118,26.0,,,
AnW1119,0.0,,,
AnW1120,0.0,,,
AnW1121,16.0,,,
AnW1122,5.0,,,
AnW1123,15.0,,,
AnW1124,33.0,,,
AnW1125,6.0,,,
AnW1126,0.0,,,
AnW1127,1.0,,,
AnW1128,32.0,,,
AnW1129,0.0,,,
AnW1130,18.0,,,
AnW1131,0.0,,,
AnW1132,65.0,,,
AnW1133,0.0,,,
AnW1134,5.0,,,
AnW1136,13.0,,,
AnW1137,28.0,,,
AnW1138,1.0,,,
AnW1140,38.0,,,
AnW1141,3.0,,,
AnW1142,25.0,,,
AnW1143,29.0,,,
AnW1144,12.0,,,
AnW1145,17.0,,,
AnW1146,1.0,,,
AnW1147,26.0,,,
AnW1149,4.0,,,
AnW1150,2.0,,,
AnW1151,0.0,,,
AnW1152,17.0,,,
AnW1153,23.0,,,
AnW1154,16.0,,,
AnW1155,0.0,,,
AnW1157,37.0,,,
AnW1158,9.0,,,
AnW1160,61.0,,,
AnW1161,34.0,,,
AnW1162,20.0,,,
AnW1163,10.0,,,
AnW1164,42.0,,,
AnW1165,7.0,,,
AnW1166,78.0,,,
AnW1167,3.0,,,
AnW1168,12.0,,,
AnW1169,0.0,,,
AnW1170,2.0,,,
AnW1171,2.0,,,
AnW1172,27.0,,,
AnW1173,5.0,,,
AnW1174,22.0,,,
AnW1175,14.0,,,
AnW1176,0.0,,,
AnW1177,22.0,,,
AnW1178,23.0,,,
AnW1179,9.0,,,
AnW1180,54.0,,,
AnW1181,1.0,,,
AnW1182,101.0,,,
AnW1183,12.0,,,
AnW1184,30.0,,,
AnW1185,50.0,,,
AnW1186,6.0,,,
AnW1187,4.0,,,
AnW1188,0.0,,,
AnW1189,0.0,,,
AnW1190,8.0,,,
AnW1191,0.0,,,
AnW1192,84.0,,,
AnW1193,14.0,,,
AnW1194,6.0,,,
AnW1195,0.0,,,
AnW1196,3.0,,,
AnW1197,8.0,,,
AnW1198,5.0,,,
AnW1199,1.0,,,
AnW1200,45.0,,,
AnW1201,4.0,,,
AnW1202,5.0,,,
AnW1203,7.0,,,
AnW1204,1.0,,,
AnW1205,0.0,,,
AnW1206,1.0,,,
AnW1207,2.0,,,
AnW1208,0.0,,,
AnW1209,2.0,,,
AnW1210,0.0,,,
AnW1211,2.0,,,
AnW1212,2.0,,,
AnW1213,3.0,,,
AnW1214,112.0,,,
AnW1215,0.0,,,
AnW1216,0.0,,,
AnW1217,20.0,,,
AnW1218,2.0,,,
AnW1219,1.0,,,
AnW1220,10.0,,,
AnW1221,13.0,,,
AnW1222,0.0,,,
AnW1223,0.0,,,
AnW1224,0.0,,,
AnW1225,7.0,,,
AnW1226,20.0,,,
AnW1227,4.0,,,
AnW1228,63.0,,,
AnW1229,23.0,,,
AnW1230,0.0,,,
AnW1231,22.0,,,
AnW1232,0.0,,,
AnW1233,9.0,,,
AnW1234,0.0,,,
AnW1235,5.0,,,
AnW1237,0.0,,,
AnW1238,4.0,,,
AnW1239,1.0,,,
AnW1240,91.0,,,
AnW1241,1.0,,,
AnW1242,24.0,,,
AnW1243,44.0,,,
AnW1244,9.0,,,
AnW1245,28.0,,,
AnW1246,23.0,,,
AnW1247,20.0,,,
AnW1248,114.0,,,
AnW1249,4.0,,,
AnW1250,21.0,,,
AnW1251,0.0,,,
AnW1252,4.0,,,
AnW1253,18.0,,,
AnW1254,34.0,,,
AnW1255,2.0,,,
AnW1256,0.0,,,
AnW1257,7.0,,,
AnW1258,2.0,,,
AnW1259,29.0,,,
AnW1260,0.0,,,
AnW1261,23.0,,,
AnW1262,25.0,,,
AnW1263,0.0,,,
AnW1264,35.0,,,
AnW1265,2.0,,,
AnW1266,16.0,,,
AnW1267,50.0,,,
AnW1268,19.0,,,
AnW1269,20.0,,,
AnW1270,7.0,,,
AnW1271,0.0,,,
AnW1272,22.0,,,
AnW1273,0.0,,,
AnW1274,12.0,,,
AnW1275,126.0,,,
AnW1276,30.0,,,
AnW1278,39.0,,,
AnW1279,30.0,,,
AnW1280,5.0,,,
AnW1282,8.0,,,
AnW1283,16.0,,,
AnW1284,18.0,,,
AnW1285,0.0,,,
AnW1286,0.0,,,
AnW1287,14.0,,,
AnW1288,17.0,,,
AnW1289,0.0,,,
AnW1290,46.0,,,
AnW1291,3.0,,,
AnW1292,49.0,,,
AnW1293,21.0,,,
AnW1294,107.0,,,
AnW1295,1.0,,,
AnW1296,0.0,,,
AnW1297,7.0,,,
AnW1299,40.0,,,
AnW1301,131.0,,,
AnW1303,1.0,,,
AnW1305,0.0,,,
AnW1306,3.0,,,
AnW1307,5.0,,,
AnW1308,0.0,,,
AnW1309,25.0,,,
AnW1310,20.0,,,
AnW1311,10.0,,,
AnW1313,2.0,,,
AnW1314,9.0,,,
AnW1315,48.0,,,
AnW1316,0.0,,,
AnW1317,24.0,,,
AnW1318,61.0,,,
AnW1319,23.0,,,
AnW1320,9.0,,,
AnW1321,63.0,,,
AnW1322,15.0,,,
AnW1323,0.0,,,
AnW1324,8.0,,,
AnW1325,27.0,,,
AnW1326,25.0,,,
AnW1327,21.0,,,
AnW1328,0.0,,,
AnW1329,0.0,,,
AnW1330,22.0,,,
AnW1331,60.0,,,
AnW1332,19.0,,,
AnW1333,17.0,,,
AnW1334,9.0,,,
AnW1335,0.0,,,
AnW1336,91.0,,,
AnW1337,0.0,,,
AnW1338,0.0,,,
AnW1339,47.0,,,
AnW1341,0.0,,,
AnW1342,65.0,,,
AnW1343,1.0,,,
AnW1344,33.0,,,
AnW1345,37.0,,,
AnW1346,33.0,,,
AnW1347,38.0,,,
AnW1348,2.0,,,
AnW1349,1.0,,,
AnW1350,2.0,,,
AnW1351,2.0,,,
AnW1352,1.0,,,
AnW1353,5.0,,,
AnW1354,0.0,,,
AnW1355,54.0,,,
AnW1356,15.0,,,
AnW1357,38.0,,,
AnW1358,0.0,,,
AnW1359,129.0,,,
AnW1360,98.0,,,
AnW1361,0.0,,,
AnW1362,2.0,,,
AnW1364,0.0,,,
AnW1365,39.0,,,
AnW1366,0.0,,,
AnW1367,3.0,,,
AnW1368,1.0,,,
AnW1369,1.0,,,
AnW1371,80.0,,,
AnW1372,44.0,,,
AnW1373,59.0,,,
AnW1374,40.0,,,
AnW1375,36.0,,,
AnW1376,1.0,,,
AnW1378,40.0,,,
AnW1379,6.0,,,
AnW1380,101.0,,,
AnW1381,20.0,,,
AnW1382,0.0,,,
AnW1383,8.0,,,
AnW1384,1.0,,,
AnW1385,26.0,,,
AnW1386,18.0,,,
AnW1387,28.0,,,
AnW1388,25.0,,,
AnW1389,36.0,,,
AnW1394,66.0,,,
AnW1395,0.0,,,
AnW1396,0.0,,,
AnW1397,0.0,,,
AnW1398,25.0,,,
AnW1399,66.0,,,
AnW1400,14.0,,,
AnW1401,7.0,,,
AnW1402,4.0,,,
AnW1403,0.0,,,
AnW1404,8.0,,,
AnW1405,3.0,,,
AnW1406,23.0,,,
AnW1407,98.0,,,
AnW1408,2.0,,,
AnW1409,10.0,,,
AnW1410,0.0,,,
AnW1411,30.0,,,
AnW1412,24.0,,,
AnW1413,0.0,,,
AnW1415,0.0,,,
AnW1416,5.0,,,
AnW1417,21.0,,,
AnW1418,30.0,,,
AnW1419,1.0,,,
AnW1420,0.0,,,
AnW1421,41.0,,,
AnW1422,102.0,,,
AnW1423,25.0,,,
AnW1424,39.0,,,
AnW1425,14.0,,,
AnW1426,11.0,,,
AnW1427,0.0,,,
AnW1428,67.0,,,
AnW1429,0.0,,,
AnW1430,10.0,,,
AnW1431,0.0,,,
AnW1432,9.0,,,
AnW1433,6.0,,,
AnW1435,20.0,,,
AnW1436,11.0,,,
AnW1437,6.0,,,
AnW1438,51.0,,,
AnW1439,12.0,,,
AnW1441,0.0,,,
AnW1442,0.0,,,
AnW1443,0.0,,,
AnW1444,8.0,,,
AnW1445,0.0,,,
AnW1446,2.0,,,
AnW1448,0.0,,,
AnW1449,0.0,,,
AnW1450,8.0,,,
AnW1451,6.0,,,
AnW1452,15.0,,,
AnW1453,3.0,,,
AnW1454,0.0,,,
AnW1455,1.0,,,
AnW1456,14.0,,,
AnW1457,12.0,,,
AnW1458,0.0,,,
AnW1459,3.0,,,
AnW1460,12.0,,,
AnW1461,2.0,,,
AnW1462,137.0,,,
AnW1463,15.0,,,
AnW1464,0.0,,,
AnW1465,0.0,,,
AnW1466,31.0,,,
AnW1467,0.0,,,
AnW1470,41.0,,,
AnW1471,2.0,,,
AnW1472,34.0,,,
AnW1473,47.0,,,
AnW1474,21.0,,,
AnW1475,54.0,,,
AnW1476,0.0,,,
AnW1477,2.0,,,
AnW1478,25.0,,,
AnW1479,4.0,,,
AnW1480,2.0,,,
AnW1481,103.0,,,
AnW1482,5.0,,,
AnW1483,0.0,,,
AnW1484,101.0,,,
AnW1485,25.0,,,
AnW1486,42.0,,,
AnW1487,26.0,,,
AnW1488,0.0,,,
AnW1489,0.0,,,
AnW1490,14.0,,,
AnW1491,2.0,,,
AnW1492,19.0,,,
AnW1493,9.0,,,
AnW1495,16.0,,,
AnW1496,10.0,,,
AnW1497,2.0,,,
AnW1498,3.0,,,
AnW1499,3.0,,,
AnW1500,45.0,,,
AnW1501,94.0,,,
AnW1502,0.0,,,
AnW1503,0.0,,,
AnW1504,3.0,,,
AnW1505,5.0,,,
AnW1506,52.0,,,
AnW1507,131.0,,,
AnW1508,93.0,,,
AnW1509,4.0,,,
AnW1510,1.0,,,
AnW1511,75.0,,,
AnW1512,9.0,,,
AnW1513,0.0,,,
AnW1514,71.0,,,
AnW1515,0.0,,,
AnW1516,0.0,,,
AnW1517,85.0,,,
AnW1518,31.0,,,
AnW1519,29.0,,,
AnW1521,0.0,,,
AnW1522,23.0,,,
AnW1523,28.0,,,
AnW1524,72.0,,,
AnW1525,0.0,,,
AnW1526,5.0,,,
AnW1527,37.0,,,
AnW1528,6.0,,,
AnW1529,19.0,,,
AnW1530,11.0,,,
AnW1531,40.0,,,
AnW1532,42.0,,,
AnW1533,20.0,,,
AnW1534,17.0,,,
AnW1535,33.0,,,
AnW1536,68.0,,,
AnW1537,49.0,,,
AnW1538,26.0,,,
AnW1539,15.0,,,
AnW1540,3.0,,,
AnW1541,3.0,,,
AnW1542,2.0,,,
AnW1543,20.0,,,
AnW1544,1.0,,,
AnW1545,4.0,,,
AnW1546,47.0,,,
AnW1547,7.0,,,
AnW1548,0.0,,,
AnW1549,50.0,,,
AnW1550,62.0,,,
AnW1551,79.0,,,
AnW1552,28.0,,,
AnW1553,4.0,,,
AnW1554,0.0,,,
AnW1555,0.0,,,
AnW1556,14.0,,,
AnW1558,7.0,,,
AnW1560,55.0,,,
AnW1561,3.0,,,
AnW1562,12.0,,,
AnW1564,35.0,,,
DCW00001,,68.0,,
DCW00002,,94.0,,
DCW00003,,11.0,,
DCW00004,,23.0,,
DCW00005,,1.0,,
DCW00006,,11.0,,
DCW00007,,108.0,,
DCW00008,,7.0,,
DCW00009,,10.0,,
DCW00010,,10.0,,
DCW00011,,16.0,,
DCW00012,,107.0,,
DCW00013,,1.0,,
DCW00014,,17.0,,
DCW00015,,23.0,,
DCW00016,,28.0,,
DCW00017,,32.0,,
DCW00018,,51.0,,
DCW00019,,9.0,,
DCW00020,,54.0,,
DCW00021,,0.0,,
DCW00022,,2.0,,
DCW00023,,37.0,,
DCW00024,,65.0,,
DCW00025,,39.0,,
DCW00026,,0.0,,
DCW00027,,12.0,,
DCW00028,,58.0,,
DCW00029,,20.0,,
DCW00030,,53.0,,
DCW00031,,12.0,,
DCW00032,,9.0,,
DCW00033,,62.0,,
DCW00034,,17.0,,
DCW00035,,34.0,,
DCW00036,,120.0,,
DCW00037,,97.0,,
DCW00038,,7.0,,
DCW00039,,35.0,,
DCW00040,,0.0,,
DCW00041,,101.0,,
DCW00042,,87.0,,
DCW00044,,15.0,,
DCW00045,,16.0,,
DCW00046,,25.0,,
DCW00047,,121.0,,
DCW00048,,27.0,,
DCW00049,,3.0,,
DCW00050,,11.0,,
DCW00051,,17.0,,
DCW00052,,10.0,,
DCW00053,,23.0,,
DCW00054,,34.0,,
DCW00055,,41.0,,
DCW00056,,25.0,,
DCW00057,,0.0,,
DCW00058,,55.0,,
DCW00059,,28.0,,
DCW00060,,22.0,,
DCW00061,,58.0,,
DCW00062,,58.0,,
DCW00063,,60.0,,
DCW00064,,52.0,,
DCW00065,,17.0,,
DCW00068,,37.0,,
DCW00069,,108.0,,
DCW00070,,60.0,,
DCW00071,,5.0,,
DCW00072,,46.0,,
DCW00073,,34.0,,
DCW00074,,37.0,,
DCW00075,,5.0,,
DCW00076,,75.0,,
DCW00077,,45.0,,
DCW00078,,1.0,,
DCW00079,,24.0,,
DCW00080,,5.0,,
DCW00081,,4.0,,
DCW00082,,76.0,,
DCW00083,,3.0,,
DCW00084,,145.0,,
DCW00085,,125.0,,
DCW00086,,89.0,,
DCW00087,,89.0,,
DCW00088,,0.0,,
DCW00089,,60.0,,
DCW00090,,19.0,,
DCW00091,,76.0,,
DCW00092,,68.0,,
DCW00093,,29.0,,
DCW00094,,115.0,,
DCW00095,,0.0,,
DCW00096,,49.0,,
DCW00097,,75.0,,
DCW00098,,121.0,,
DCW00099,,23.0,,
DCW00100,,12.0,,
DCW00101,,15.0,,
DCW00102,,31.0,,
DCW00103,,5.0,,
DCW00104,,78.0,,
DCW00105,,166.0,,
DCW00106,,34.0,,
DCW00107,,108.0,,
DCW00108,,195.0,,
DCW00109,,43.0,,
DCW00110,,7.0,,
DCW00111,,18.0,,
DCW00112,,5.0,,
DCW00113,,49.0,,
DCW00114,,113.0,,
DCW00115,,1.0,,
DCW00116,,50.0,,
DCW00117,,3.0,,
DCW00118,,24.0,,
DCW00119,,1.0,,
DCW00120,,21.0,,
DCW00121,,78.0,,
DCW00122,,8.0,,
DCW00123,,49.0,,
DCW00124,,32.0,,
DCW00125,,12.0,,
DCW00127,,27.0,,
DCW00128,,2.0,,
NWL00001,,0.0,,
NWL00002,,3.0,,
NWL00003,,0.0,,
NWL00004,,3.0,,
NWL00005,,6.0,,
NWL00006,,4.0,,
NWL00007,,39.0,,
NWL00008,,23.0,,
NWL00009,,0.0,,
NWL00010,,20.0,,
NWL00011,,32.0,,
NWL00012,,0.0,,
NWL00013,,0.0,,
NWL00014,,10.0,,
NWL00015,,3.0,,
NWL00016,,6.0,,
NWL00017,,18.0,,
NWL00018,,0.0,,
NWL00019,,11.0,,
NWL00021,,55.0,,
NWL00022,,18.0,,
NWL00023,,81.0,,
NWL00024,,33.0,,
NWL00025,,11.0,,
NWL00026,,11.0,,
NWL00027,,0.0,,
NWL00028,,16.0,,
NWL00029,,32.0,,
NWL00030,,0.0,,
NWL00031,,0.0,,
NWL00032,,87.0,,
NWL00033,,41.0,,
NWL00034,,202.0,,
NWL00035,,0.0,,
NWL00036,,1.0,,
NWL00037,,5.0,,
NWL00038,,13.0,,
NWL00039,,32.0,,
NWL00040,,40.0,,
NWL00041,,14.0,,
NWL00043,,71.0,,
NWL00044,,78.0,,
NWL00045,,27.0,,
NWL00048,,29.0,,
NWL00049,,124.0,,
NWL00050,,19.0,,
NWL00051,,14.0,,
NWL00052,,1.0,,
NWL00053,,12.0,,
NWL00054,,19.0,,
NWL00055,,5.0,,
NWL00056,,1.0,,
NWL00057,,1.0,,
NWL00058,,1.0,,
NWL00059,,43.0,,
NWL00060,,28.0,,
NWL00061,,4.0,,
NWL00062,,30.0,,
NWL00063,,8.0,,
NWL00064,,0.0,,
NWL00065,,12.0,,
NWL00066,,0.0,,
NWL00067,,27.0,,
NWL00068,,6.0,,
NWL00069,,31.0,,
NWL00070,,0.0,,
NWL00071,,3.0,,
NWL00072,,27.0,,
NWL00073,,27.0,,
NWL00074,,3.0,,
NWL00075,,8.0,,
NWL00076,,0.0,,
NWL00077,,49.0,,
NWL00078,,41.0,,
NWL00079,,0.0,,
NWL00080,,51.0,,
NWL00081,,8.0,,
NWL00082,,28.0,,
NWL00083,,3.0,,
NWL00084,,42.0,,
NWL00085,,55.0,,
NWL00086,,0.0,,
NWL00087,,16.0,,
NWL00088,,32.0,,
NWL00089,,50.0,,
NWL00090,,20.0,,
NWL00091,,7.0,,
NWL00092,,113.0,,
NWL00093,,10.0,,
NWL00094,,65.0,,
NWL00095,,5.0,,
NWL00097,,31.0,,
NWL00098,,1.0,,
NWL00099,,16.0,,
NWL00100,,0.0,,
NWL00101,,45.0,,
NWL00102,,22.0,,
NWL00103,,28.0,,
NWL00104,,37.0,,
NWL00105,,6.0,,
NWL00106,,5.0,,
NWL00107,,42.0,,
NWL00108,,51.0,,
NWL00109,,0.0,,
NWL00110,,96.0,,
NWL00111,,91.0,,
NWL00113,,5.0,,
NWL00114,,91.0,,
NWL00115,,44.0,,
NWL00117,,20.0,,
NWL00118,,16.0,,
NWL00119,,8.0,,
NWL00120,,42.0,,
NWL00121,,3.0,,
NWL00122,,20.0,,
NWL00123,,13.0,,
NWL00124,,103.0,,
NWL00125,,64.0,,
NWL00126,,11.0,,
NWL00127,,13.0,,
NWL00128,,56.0,,
NWL00129,,44.0,,
NWL00130,,1.0,,
NWL00131,,20.0,,
NWL00132,,0.0,,
NWL00133,,45.0,,
NWL00134,,53.0,,
NWL00135,,46.0,,
NWL00136,,47.0,,
NWL00137,,51.0,,
NWL00138,,0.0,,
NWL00139,,44.0,,
NWL00140,,27.0,,
NWL00141,,30.0,,
NWL00142,,26.0,,
NWL00143,,11.0,,
NWL00144,,25.0,,
NWL00145,,14.0,,
NWL00146,,31.0,,
NWL00147,,8.0,,
NWL00148,,10.0,,
NWL00149,,0.0,,
NWL00150,,69.0,,
NWL00152,,23.0,,
NWL00153,,3.0,,
NWL00154,,10.0,,
NWL00155,,73.0,,
NWL00156,,0.0,,
NWL00157,,46.0,,
NWL00158,,47.0,,
NWL00159,,14.0,,
NWL00160,,14.0,,
NWL00161,,97.0,,
NWL00162,,59.0,,
NWL00164,,118.0,,
NWL00165,,65.0,,
NWL00166,,13.0,,
NWL00167,,33.0,,
NWL00168,,0.0,,
NWL00169,,6.0,,
NWL00170,,112.0,,
NWL00171,,30.0,,
NWL00172,,4.0,,
NWL00173,,14.0,,
NWL00174,,54.0,,
NWL00175,,8.0,,
NWL00176,,0.0,,
NWL00177,,25.0,,
NWL00178,,39.0,,
NWL00179,,37.0,,
NWL00180,,57.0,,
NWL00181,,41.0,,
NWL00182,,20.0,,
NWL00183,,26.0,,
NWL00184,,102.0,,
NWL00185,,12.0,,
NWL00186,,46.0,,
NWL00187,,0.0,,
NWL00188,,43.0,,
NWL00189,,57.0,,
NWL00190,,2.0,,
NWL00191,,5.0,,
NWL00192,,39.0,,
NWL00193,,42.0,,
NWL00194,,9.0,,
NWL00195,,12.0,,
NWL00196,,0.0,,
NWL00197,,25.0,,
NWL00198,,39.0,,
NWL00199,,4.0,,
NWL00200,,0.0,,
NWL00201,,89.0,,
NWL00202,,2.0,,
NWL00203,,4.0,,
NWL00204,,42.0,,
NWL00205,,0.0,,
NWL00206,,51.0,,
NWL00207,,17.0,,
NWL00208,,41.0,,
NWL00209,,20.0,,
NWL00210,,15.0,,
NWL00211,,5.0,,
NWL00212,,52.0,,
NWL00213,,7.0,,
NWL00214,,57.0,,
NWL00215,,15.0,,
NWL00216,,36.0,,
NWL00217,,77.0,,
NWL00218,,17.0,,
NWL00219,,11.0,,
NWL00221,,49.0,,
NWL00222,,1.0,,
NWL00223,,5.0,,
NWL00224,,29.0,,
NWL00225,,48.0,,
NWL00226,,57.0,,
NWL00227,,2.0,,
NWL00228,,2.0,,
NWL00229,,56.0,,
NWL00230,,62.0,,
NWL00231,,130.0,,
NWL00232,,23.0,,
NWL00233,,27.0,,
NWL00234,,66.0,,
NWL00235,,33.0,,
NWL00236,,9.0,,
NWL00237,,29.0,,
NWL00238,,0.0,,
NWL00239,,3.0,,
NWL00240,,3.0,,
NWL00241,,102.0,,
NWL00242,,18.0,,
NWL00243,,37.0,,
NWL00244,,0.0,,
NWL00245,,104.0,,
NWL00246,,83.0,,
NWL00247,,54.0,,
NWL00248,,93.0,,
NWL00249,,24.0,,
NWL00250,,1.0,,
NWL00251,,53.0,,
NWL00252,,54.0,,
NWL00253,,0.0,,
NWL00254,,3.0,,
NWL00255,,6.0,,
NWL00256,,12.0,,
NWL00257,,59.0,,
NWL00258,,3.0,,
NWL00259,,4.0,,
NWL00260,,97.0,,
NWL00261,,1.0,,
NWL00262,,0.0,,
NWL00263,,13.0,,
NWL00264,,31.0,,
NWL00265,,0.0,,
NWL00266,,4.0,,
NWL00267,,3.0,,
NWL00268,,24.0,,
NWL00269,,40.0,,
NWL00270,,0.0,,
NWL00271,,4.0,,
NWL00272,,15.0,,
NWL00273,,10.0,,
NWL00274,,0.0,,
NWL00275,,0.0,,
NWL00276,,49.0,,
NWL00277,,5.0,,
NWL00278,,23.0,,
NWL00279,,52.0,,
NWL00280,,5.0,,
NWL00281,,14.0,,
NWL00282,,26.0,,
NWL00283,,69.0,,
NWL00284,,53.0,,
NWL00285,,79.0,,
NWL00286,,18.0,,
NWL00287,,9.0,,
NWL00288,,46.0,,
NWL00289,,24.0,,
NWL00290,,10.0,,
NWL00291,,23.0,,
NWL00292,,7.0,,
NWL00293,,57.0,,
NWL00294,,15.0,,
NWL00295,,43.0,,
NWL00296,,51.0,,
NWL00297,,0.0,,
NWL00298,,62.0,,
NWL00299,,56.0,,
NWL00300,,0.0,,
NWL00301,,0.0,,
NWL00302,,45.0,,
NWL00303,,0.0,,
NWL00304,,4.0,,
NWL00305,,2.0,,
NWL00306,,41.0,,
NWL00307,,0.0,,
NWL00308,,22.0,,
NWL00309,,131.0,,
NWL00310,,25.0,,
NWL00311,,4.0,,
NWL00312,,4.0,,
NWL00313,,1.0,,
NWL00314,,11.0,,
NWL00315,,39.0,,
NWL00316,,0.0,,
NWL00317,,0.0,,
NWL00319,,2.0,,
NWL00320,,67.0,,
NWL00321,,42.0,,
NWL00322,,0.0,,
NWL00323,,8.0,,
NWL00324,,40.0,,
NWL00325,,4.0,,
NWL00326,,21.0,,
NWL00327,,0.0,,
NWL00328,,0.0,,
NWL00329,,40.0,,
NWL00330,,30.0,,
NWL00331,,0.0,,
NWL00332,,228.0,,
NWL00333,,1.0,,
NWL00334,,6.0,,
NWL00335,,16.0,,
NWL00336,,20.0,,
NWL00337,,5.0,,
NWL00338,,5.0,,
NWL00339,,7.0,,
NWL00340,,55.0,,
NWL00341,,49.0,,
NWL00342,,22.0,,
NWL00343,,73.0,,
NWL00344,,5.0,,
NWL00345,,4.0,,
NWL00346,,25.0,,
NWL00347,,3.0,,
NWL00348,,9.0,,
NWL00349,,6.0,,
NWL00350,,18.0,,
NWL00351,,73.0,,
NWL00352,,70.0,,
NWL00353,,19.0,,
NWL00354,,0.0,,
NWL00355,,2.0,,
NWL00356,,2.0,,
NWL00357,,0.0,,
NWL00358,,5.0,,
NWL00360,,2.0,,
NWL00361,,2.0,,
NWL00362,,8.0,,
NWL00363,,40.0,,
NWL00364,,0.0,,
NWL00365,,56.0,,
NWL00366,,40.0,,
NWL00367,,13.0,,
NWL00368,,44.0,,
NWL00369,,27.0,,
NWL00371,,27.0,,
NWL00372,,6.0,,
NWL00373,,10.0,,
NWL00374,,6.0,,
NWL00375,,8.0,,
NWL00376,,9.0,,
NWL00377,,33.0,,
NWL00378,,10.0,,
NWL00379,,16.0,,
NWL00380,,5.0,,
NWL00381,,36.0,,
NWL00382,,1.0,,
NWL00383,,12.0,,
NWL00384,,0.0,,
NWL00385,,49.0,,
NWL00386,,28.0,,
NWL00387,,0.0,,
NWL00388,,0.0,,
NWL00389,,34.0,,
NWL00390,,0.0,,
NWL00391,,46.0,,
NWL00392,,23.0,,
NWL00393,,5.0,,
NWL00394,,64.0,,
NWL00395,,5.0,,
NWL00396,,0.0,,
NWL00397,,65.0,,
NWL00398,,20.0,,
NWL00399,,43.0,,
NWL00400,,13.0,,
NWL00401,,1.0,,
NWL00402,,0.0,,
NWL00403,,25.0,,
NWL00404,,45.0,,
NWL00405,,29.0,,
NWL00406,,10.0,,
NWL00407,,94.0,,
NWL00408,,0.0,,
NWL00409,,29.0,,
NWL00410,,35.0,,
NWL00411,,6.0,,
NWL00412,,1.0,,
NWL00413,,19.0,,
NWL00414,,28.0,,
NWL00415,,41.0,,
NWL00416,,7.0,,
NWL00417,,4.0,,
NWL00419,,15.0,,
NWL00420,,23.0,,
NWL00421,,6.0,,
NWL00422,,9.0,,
NWL00423,,79.0,,
NWL00424,,2.0,,
NWL00425,,6.0,,
NWL00426,,3.0,,
NWL00427,,103.0,,
NWL00428,,33.0,,
NWL00429,,1.0,,
NWL00430,,22.0,,
NWL00431,,4.0,,
NWL00432,,7.0,,
NWL00433,,0.0,,
NWL00434,,0.0,,
NWL00435,,45.0,,
NWL00436,,0.0,,
NWL00437,,42.0,,
NWL00438,,17.0,,
NWL00439,,92.0,,
NWL00440,,46.0,,
NWL00441,,8.0,,
NWL00442,,15.0,,
NWL00443,,0.0,,
NWL00444,,0.0,,
NWL00445,,0.0,,
NWL00446,,1.0,,
NWL00447,,0.0,,
NWL00448,,67.0,,
NWL00449,,46.0,,
NWL00450,,26.0,,
NWL00451,,35.0,,
NWL00452,,23.0,,
NWL00453,,4.0,,
NWL00454,,29.0,,
NWL00455,,0.0,,
NWL00456,,12.0,,
NWL00457,,2.0,,
NWL00458,,10.0,,
NWL00459,,15.0,,
NWL00460,,3.0,,
NWL00461,,0.0,,
NWL00462,,0.0,,
NWL00463,,13.0,,
NWL00464,,1.0,,
NWL00465,,48.0,,
NWL00466,,7.0,,
NWL00467,,0.0,,
NWL00468,,7.0,,
NWL00469,,9.0,,
NWL00470,,11.0,,
NWL00471,,4.0,,
NWL00472,,45.0,,
NWL00473,,26.0,,
NWL00474,,60.0,,
NWL00475,,1.0,,
NWL00476,,46.0,,
NWL00477,,31.0,,
NWL00478,,30.0,,
NWL00479,,10.0,,
NWL00480,,12.0,,
NWL00481,,33.0,,
NWL00482,,0.0,,
NWL00484,,23.0,,
NWL00485,,39.0,,
NWL00486,,24.0,,
NWL00487,,88.0,,
NWL00488,,86.0,,
NWL00489,,22.0,,
NWL00490,,0.0,,
NWL00491,,41.0,,
NWL00492,,51.0,,
NWL00493,,40.0,,
NWL00494,,54.0,,
NWL00495,,48.0,,
NWL00496,,34.0,,
NWL00497,,5.0,,
NWL00498,,61.0,,
NWL00499,,30.0,,
NWL00500,,79.0,,
NWL00501,,0.0,,
NWL00502,,14.0,,
NWL00503,,1.0,,
NWL00504,,99.0,,
NWL00505,,0.0,,
NWL00506,,14.0,,
NWL00507,,66.0,,
NWL00508,,3.0,,
NWL00509,,4.0,,
NWL00510,,69.0,,
NWL00511,,35.0,,
NWL00512,,0.0,,
NWL00513,,31.0,,
NWL00514,,13.0,,
NWL00516,,19.0,,
NWL00517,,40.0,,
NWL00518,,13.0,,
NWL00519,,5.0,,
NWL00520,,17.0,,
NWL00521,,21.0,,
NWL00522,,22.0,,
NWL00523,,22.0,,
NWL00524,,113.0,,
NWL00525,,25.0,,
NWL00526,,24.0,,
NWL00527,,38.0,,
NWL00528,,7.0,,
NWL00529,,0.0,,
NWL00530,,64.0,,
NWL00531,,26.0,,
NWL00532,,32.0,,
NWL00533,,24.0,,
NWL00534,,1.0,,
NWL00535,,0.0,,
NWL00536,,0.0,,
NWL00538,,21.0,,
NWL00539,,7.0,,
NWL00540,,6.0,,
NWL00541,,17.0,,
NWL00542,,63.0,,
NWL00543,,72.0,,
NWL00544,,216.0,,
NWL00545,,129.0,,
NWL00546,,1.0,,
NWL00547,,5.0,,
NWL00548,,18.0,,
NWL00549,,27.0,,
NWL00550,,30.0,,
NWL00551,,20.0,,
NWL00552,,49.0,,
NWL00553,,0.0,,
NWL00554,,52.0,,
NWL00555,,108.0,,
NWL00556,,51.0,,
NWL00557,,28.0,,
NWL00558,,35.0,,
NWL00559,,21.0,,
NWL00560,,22.0,,
NWL00561,,0.0,,
NWL00562,,32.0,,
NWL00563,,0.0,,
NWL00564,,0.0,,
NWL00565,,77.0,,
NWL00566,,15.0,,
NWL00567,,27.0,,
NWL00568,,17.0,,
NWL00569,,46.0,,
NWL00570,,7.0,,
NWL00571,,0.0,,
NWL00572,,74.0,,
NWL00573,,19.0,,
NWL00574,,46.0,,
NWL00575,,0.0,,
NWL00576,,71.0,,
NWL00577,,39.0,,
NWL00578,,83.0,,
NWL00579,,21.0,,
NWL00580,,19.0,,
NWL00581,,8.0,,
NWL00582,,10.0,,
NWL00583,,0.0,,
NWL00584,,75.0,,
NWL00585,,6.0,,
NWL00586,,5.0,,
NWL00587,,23.0,,
NWL00588,,45.0,,
NWL00589,,1.0,,
NWL00590,,53.0,,
NWL00591,,4.0,,
NWL00592,,180.0,,
NWL00593,,27.0,,
NWL00594,,3.0,,
NWL00595,,3.0,,
NWL00596,,2.0,,
NWL00597,,42.0,,
NWL00598,,0.0,,
NWL00599,,10.0,,
NWL00600,,5.0,,
NWL00601,,21.0,,
NWL00602,,23.0,,
NWL00603,,3.0,,
NWL00604,,33.0,,
NWL00605,,34.0,,
NWL00606,,25.0,,
NWL00607,,3.0,,
NWL00608,,50.0,,
NWL00609,,30.0,,
NWL00610,,68.0,,
NWL00611,,11.0,,
NWL00612,,136.0,,
NWL00613,,67.0,,
NWL00614,,14.0,,
NWL00615,,74.0,,
NWL00616,,11.0,,
NWL00617,,81.0,,
NWL00618,,26.0,,
NWL00619,,0.0,,
NWL00620,,19.0,,
NWL00621,,12.0,,
NWL00622,,28.0,,
NWL00623,,5.0,,
NWL00624,,0.0,,
NWL00625,,0.0,,
NWL00626,,11.0,,
NWL00627,,3.0,,
NWL00628,,18.0,,
NWL00629,,37.0,,
NWL00630,,21.0,,
NWL00632,,69.0,,
NWL00633,,3.0,,
NWL00634,,44.0,,
NWL00635,,66.0,,
NWL00636,,23.0,,
NWL00637,,7.0,,
NWL00638,,13.0,,
NWL00639,,94.0,,
NWL00640,,66.0,,
NWL00641,,49.0,,
NWL00642,,0.0,,
NWL00643,,54.0,,
NWL00644,,88.0,,
NWL00645,,34.0,,
NWL00646,,5.0,,
NWL00647,,4.0,,
NWL00648,,1.0,,
NWL00649,,6.0,,
NWL00650,,2.0,,
NWL00651,,41.0,,
NWL00652,,23.0,,
NWL00653,,8.0,,
NWL00654,,13.0,,
NWL00655,,20.0,,
NWL00656,,2.0,,
NWL00657,,47.0,,
NWL00658,,20.0,,
NWL00659,,70.0,,
NWL00660,,40.0,,
NWL00661,,28.0,,
NWL00662,,7.0,,
NWL00663,,30.0,,
NWL00664,,65.0,,
NWL00665,,6.0,,
NWL00666,,103.0,,
NWL00667,,4.0,,
NWL00668,,24.0,,
NWL00669,,24.0,,
NWL00670,,51.0,,
NWL00671,,6.0,,
NWL00672,,10.0,,
NWL00674,,4.0,,
NWL00675,,12.0,,
NWL00676,,32.0,,
NWL00677,,78.0,,
NWL00678,,80.0,,
NWL00679,,10.0,,
NWL00680,,29.0,,
NWL00681,,0.0,,
NWL00682,,2.0,,
NWL00683,,4.0,,
NWL00684,,0.0,,
NWL00685,,0.0,,
NWL00686,,22.0,,
NWL00687,,2.0,,
NWL00688,,2.0,,
NWL00689,,25.0,,
NWL00690,,70.0,,
NWL00691,,44.0,,
NWL00692,,3.0,,
NWL00693,,14.0,,
NWL00694,,5.0,,
NWL00695,,0.0,,
NWL00696,,17.0,,
NWL00697,,6.0,,
NWL00698,,18.0,,
NWL00699,,61.0,,
NWL00700,,10.0,,
NWL00701,,2.0,,
NWL00702,,10.0,,
NWL00703,,1.0,,
NWL00704,,71.0,,
NWL00705,,3.0,,
NWL00706,,2.0,,
NWL00707,,218.0,,
NWL00708,,31.0,,
NWL00709,,1.0,,
NWL00710,,9.0,,
NWL00711,,5.0,,
NWL00712,,83.0,,
NWL00713,,160.0,,
NWL00714,,214.0,,
NWL00715,,14.0,,
NWL00716,,49.0,,
NWL00717,,1.0,,
NWL00718,,63.0,,
NWL00719,,39.0,,
NWL00720,,0.0,,
NWL00721,,5.0,,
NWL00722,,20.0,,
NWL00723,,50.0,,
NWL00724,,41.0,,
NWL00725,,50.0,,
NWL00726,,37.0,,
NWL00727,,0.0,,
NWL00728,,54.0,,
NWL00729,,0.0,,
NWL00730,,5.0,,
NWL00731,,51.0,,
NWL00732,,4.0,,
NWL00733,,22.0,,
NWL00734,,1.0,,
NWL00735,,3.0,,
NWL00736,,49.0,,
NWL00737,,26.0,,
NWL00738,,114.0,,
NWL00739,,10.0,,
NWL00740,,13.0,,
NWL00741,,1.0,,
NWL00742,,18.0,,
NWL00743,,9.0,,
NWL00744,,7.0,,
NWL00745,,55.0,,
NWL00746,,0.0,,
NWL00747,,4.0,,
NWL00748,,25.0,,
NWL00749,,0.0,,
NWL00750,,10.0,,
NWL00751,,7.0,,
NWL00752,,33.0,,
NWL00753,,1.0,,
NWL00754,,25.0,,
NWL00756,,1.0,,
NWL00757,,9.0,,
NWL00758,,10.0,,
NWL00759,,1.0,,
NWL00760,,0.0,,
NWL00761,,1.0,,
NWL00762,,1.0,,
NWL00763,,6.0,,
NWL00764,,59.0,,
NWL00765,,38.0,,
NWL00766,,54.0,,
NWL00767,,25.0,,
NWL00769,,51.0,,
NWL00770,,30.0,,
NWL00771,,12.0,,
NWL00772,,4.0,,
NWL00773,,77.0,,
NWL00774,,57.0,,
NWL00775,,49.0,,
NWL00776,,41.0,,
NWL00777,,16.0,,
NWL00778,,75.0,,
NWL00779,,26.0,,
NWL00780,,2.0,,
NWL00781,,32.0,,
NWL00782,,3.0,,
NWL00783,,39.0,,
NWL00784,,3.0,,
NWL00785,,1.0,,
NWL00786,,53.0,,
NWL00787,,73.0,,
NWL00788,,19.0,,
NWL00789,,0.0,,
NWL00790,,20.0,,
NWL00791,,30.0,,
NWL00792,,35.0,,
NWL00793,,3.0,,
NWL00794,,31.0,,
NWL00795,,1.0,,
NWL00796,,1.0,,
NWL00797,,10.0,,
NWL00798,,0.0,,
NWL00799,,9.0,,
NWL00800,,13.0,,
NWL00801,,2.0,,
NWL00802,,11.0,,
NWL00803,,37.0,,
NWL00804,,29.0,,
NWL00805,,11.0,,
NWL00806,,47.0,,
NWL00807,,1.0,,
NWL00808,,29.0,,
NWL00809,,29.0,,
NWL00810,,78.0,,
NWL00811,,49.0,,
NWL00812,,0.0,,
NWL00813,,48.0,,
NWL00814,,3.0,,
NWL00815,,38.0,,
NWL00816,,70.0,,
NWL00817,,58.0,,
NWL00818,,64.0,,
NWL00819,,119.0,,
NWL00820,,37.0,,
NWL00821,,46.0,,
NWL00822,,48.0,,
NWL00823,,39.0,,
NWL00824,,0.0,,
NWL00825,,34.0,,
NWL00826,,0.0,,
NWL00827,,24.0,,
NWL00828,,36.0,,
NWL00829,,54.0,,
NWL00830,,2.0,,
NWL00831,,67.0,,
NWL00832,,33.0,,
NWL00833,,6.0,,
NWL00834,,74.0,,
NWL00835,,51.0,,
NWL00836,,85.0,,
NWL00837,,27.0,,
NWL00838,,16.0,,
NWL00839,,1.0,,
NWL00840,,3.0,,
NWL00841,,31.0,,
NWL00842,,4.0,,
NWL00844,,56.0,,
NWL00845,,0.0,,
NWL00847,,13.0,,
NWL00848,,18.0,,
NWL00849,,0.0,,
NWL00850,,0.0,,
NWL00852,,66.0,,
NWL00853,,71.0,,
NWL00855,,10.0,,
NWL00856,,107.0,,
NWL00857,,50.0,,
NWL00858,,5.0,,
NWL00859,,1.0,,
NWL00860,,35.0,,
NWL00861,,45.0,,
NWL00862,,22.0,,
NWL00863,,3.0,,
NWL00864,,31.0,,
NWL00865,,2.0,,
NWL00866,,82.0,,
NWL00867,,58.0,,
NWL00868,,73.0,,
NWL00869,,28.0,,
NWL00870,,1.0,,
NWL00871,,88.0,,
NWL00872,,0.0,,
NWL00873,,72.0,,
NWL00874,,1.0,,
NWL00875,,39.0,,
NWL00876,,50.0,,
NWL00877,,27.0,,
NWL00878,,129.0,,
NWL00879,,1.0,,
NWL00880,,1.0,,
NWL00881,,261.0,,
NWL00882,,31.0,,
NWL00883,,0.0,,
NWL00884,,6.0,,
NWL00885,,2.0,,
NWL00886,,15.0,,
NWL00887,,48.0,,
NWL00888,,4.0,,
NWL00889,,4.0,,
NWL00890,,29.0,,
NWL00891,,5.0,,
NWL00892,,15.0,,
NWL00893,,30.0,,
NWL00894,,9.0,,
NWL00895,,1.0,,
NWL00896,,4.0,,
NWL00897,,45.0,,
NWL00898,,45.0,,
NWL00899,,0.0,,
NWL00900,,42.0,,
NWL00901,,14.0,,
NWL00902,,0.0,,
NWL00903,,127.0,,
NWL00904,,6.0,,
NWL00905,,51.0,,
NWL00906,,0.0,,
NWL00908,,0.0,,
NWL00909,,40.0,,
NWL00910,,4.0,,
NWL00911,,27.0,,
NWL00912,,38.0,,
NWL00913,,24.0,,
NWL00914,,0.0,,
NWL00915,,0.0,,
NWL00916,,3.0,,
NWL00917,,22.0,,
NWL00918,,0.0,,
NWL00919,,1.0,,
NWL00920,,31.0,,
NWL00921,,19.0,,
NWL00922,,26.0,,
NWL00923,,28.0,,
NWL00924,,109.0,,
NWL00926,,0.0,,
NWL00927,,17.0,,
NWL00928,,8.0,,
NWL00929,,11.0,,
NWL00930,,15.0,,
NWL00931,,0.0,,
NWL00932,,45.0,,
NWL00933,,28.0,,
NWL00934,,86.0,,
NWL00935,,33.0,,
NWL00936,,25.0,,
NWL00937,,1.0,,
NWL00938,,70.0,,
NWL00939,,1.0,,
NWL00940,,88.0,,
NWL00941,,8.0,,
NWL00942,,13.0,,
NWL00943,,19.0,,
NWL00944,,10.0,,
NWL00945,,0.0,,
NWL00946,,7.0,,
NWL00947,,87.0,,
NWL00948,,5.0,,
NWL00949,,115.0,,
NWL00950,,0.0,,
NWL00951,,43.0,,
NWL00952,,104.0,,
NWL00953,,0.0,,
NWL00954,,10.0,,
NWL00955,,43.0,,
NWL00956,,47.0,,
NWL00957,,145.0,,
NWL00958,,105.0,,
NWL00959,,37.0,,
NWL00960,,25.0,,
NWL00961,,23.0,,
NWL00962,,34.0,,
NWL00963,,0.0,,
NWL00964,,0.0,,
NWL00965,,1.0,,
NWL00966,,39.0,,
NWL00967,,2.0,,
NWL00968,,30.0,,
NWL00969,,35.0,,
NWL00970,,0.0,,
NWL00971,,1.0,,
NWL00972,,3.0,,
NWL00973,,23.0,,
NWL00974,,19.0,,
NWL00975,,47.0,,
NWL00976,,62.0,,
NWL00977,,8.0,,
NWL00978,,33.0,,
NWL00979,,4.0,,
NWL00980,,50.0,,
NWL00981,,30.0,,
NWL00982,,7.0,,
NWL00983,,4.0,,
NWL00984,,17.0,,
NWL00985,,5.0,,
NWL00986,,4.0,,
NWL00987,,88.0,,
NWL00988,,5.0,,
NWL00989,,99.0,,
NWL00990,,70.0,,
NWL00991,,25.0,,
NWL00992,,0.0,,
NWL00993,,1.0,,
NWL00994,,34.0,,
NWL00995,,53.0,,
NWL00996,,8.0,,
NWL00997,,5.0,,
NWL00998,,2.0,,
NWL00999,,20.0,,
NWL01000,,23.0,,
NWL01001,,11.0,,
NWL01002,,56.0,,
NWL01003,,50.0,,
NWL01004,,43.0,,
NWL01005,,35.0,,
NWL01006,,36.0,,
NWL01008,,24.0,,
NWL01009,,21.0,,
NWL01010,,6.0,,
NWL01011,,31.0,,
NWL01012,,0.0,,
NWL01013,,12.0,,
NWL01014,,0.0,,
NWL01015,,19.0,,
NWL01016,,20.0,,
NWL01017,,47.0,,
NWL01018,,15.0,,
NWL01019,,31.0,,
NWL01020,,40.0,,
NWL01021,,32.0,,
NWL01022,,0.0,,
NWL01023,,0.0,,
NWL01024,,40.0,,
NWL01025,,45.0,,
NWL01026,,26.0,,
NWL01027,,10.0,,
NWL01028,,0.0,,
NWL01029,,20.0,,
NWL01030,,35.0,,
NWL01031,,25.0,,
NWL01032,,33.0,,
NWL01033,,42.0,,
NWL01034,,0.0,,
NWL01035,,51.0,,
NWL01036,,69.0,,
NWL01037,,16.0,,
NWL01038,,30.0,,
NWL01039,,19.0,,
NWL01040,,45.0,,
NWL01041,,76.0,,
NWL01042,,21.0,,
NWL01043,,17.0,,
NWL01044,,25.0,,
NWL01045,,46.0,,
NWL01046,,0.0,,
NWL01047,,36.0,,
NWL01048,,0.0,,
NWL01049,,4.0,,
NWL01050,,76.0,,
NWL01051,,75.0,,
NWL01052,,4.0,,
NWL01053,,18.0,,
NWL01054,,104.0,,
NWL01055,,0.0,,
NWL01056,,1.0,,
NWL01057,,28.0,,
NWL01058,,55.0,,
NWL01059,,3.0,,
NWL01060,,0.0,,
NWL01061,,30.0,,
NWL01062,,0.0,,
NWL01063,,14.0,,
NWL01064,,32.0,,
NWL01065,,19.0,,
NWL01066,,18.0,,
NWL01067,,69.0,,
NWL01068,,0.0,,
NWL01069,,3.0,,
NWL01070,,45.0,,
NWL01071,,45.0,,
NWL01072,,18.0,,
NWL01073,,71.0,,
NWL01074,,20.0,,
NWL01075,,1.0,,
NWL01076,,45.0,,
NWL01077,,14.0,,
NWL01078,,22.0,,
NWL01079,,32.0,,
NWL01080,,19.0,,
NWL01081,,12.0,,
NWL01082,,9.0,,
NWL01083,,59.0,,
NWL01084,,6.0,,
NWL01085,,0.0,,
NWL01086,,0.0,,
NWL01087,,7.0,,
NWL01088,,2.0,,
NWL01089,,0.0,,
NWL01090,,1.0,,
NWL01091,,0.0,,
NWL01092,,3.0,,
NWL01093,,0.0,,
NWL01094,,15.0,,
NWL01095,,6.0,,
NWL01096,,1.0,,
NWL01097,,10.0,,
NWL01098,,25.0,,
NWL01099,,72.0,,
NWL01100,,19.0,,
NWL01101,,40.0,,
NWL01102,,15.0,,
NWL01103,,11.0,,
NWL01104,,19.0,,
NWL01105,,43.0,,
NWL01106,,30.0,,
NWL01107,,6.0,,
NWL01108,,24.0,,
NWL01109,,27.0,,
NWL01110,,16.0,,
NWL01111,,7.0,,
NWL01112,,10.0,,
NWL01113,,45.0,,
NWL01114,,9.0,,
NWL01115,,9.0,,
NWL01116,,41.0,,
NWL01117,,1.0,,
NWL01118,,22.0,,
NWL01119,,9.0,,
NWL01120,,39.0,,
NWL01121,,118.0,,
NWL01122,,0.0,,
NWL01123,,51.0,,
NWL01124,,0.0,,
NWL01125,,55.0,,
NWL01126,,14.0,,
NWL01127,,1.0,,
NWL01128,,21.0,,
NWL01129,,0.0,,
NWL01130,,9.0,,
NWL01131,,34.0,,
NWL01132,,18.0,,
NWL01133,,0.0,,
NWL01134,,42.0,,
NWL01135,,49.0,,
NWL01136,,2.0,,
NWL01137,,33.0,,
NWL01138,,3.0,,
NWL01140,,42.0,,
NWL01141,,4.0,,
NWL01142,,45.0,,
NWL01143,,59.0,,
NWL01144,,6.0,,
NWL01145,,19.0,,
NWL01146,,102.0,,
NWL01147,,0.0,,
NWL01148,,8.0,,
NWL01149,,0.0,,
NWL01150,,33.0,,
NWL01151,,0.0,,
NWL01153,,2.0,,
NWL01154,,29.0,,
NWL01155,,34.0,,
NWL01156,,28.0,,
NWL01157,,102.0,,
NWL01158,,2.0,,
NWL01159,,2.0,,
NWL01160,,46.0,,
NWL01161,,4.0,,
NWL01162,,1.0,,
NWL01163,,1.0,,
NWL01164,,7.0,,
NWL01165,,34.0,,
NWL01166,,54.0,,
NWL01167,,1.0,,
NWL01168,,5.0,,
NWL01169,,32.0,,
NWL01170,,85.0,,
NWL01171,,57.0,,
NWL01172,,30.0,,
NWL01173,,29.0,,
NWL01174,,19.0,,
NWL01175,,2.0,,
NWL01176,,64.0,,
NWL01177,,49.0,,
NWL01178,,51.0,,
NWL01179,,11.0,,
NWL01180,,3.0,,
NWL01181,,1.0,,
NWL01182,,4.0,,
NWL01183,,61.0,,
NWL01184,,3.0,,
NWL01185,,1.0,,
NWL01186,,0.0,,
NWL01187,,3.0,,
NWL01188,,48.0,,
NWL01189,,3.0,,
NWL01190,,0.0,,
NWL01191,,34.0,,
NWL01192,,142.0,,
NWL01193,,1.0,,
NWL01194,,7.0,,
NWL01195,,12.0,,
NWL01196,,3.0,,
NWL01197,,48.0,,
NWL01198,,15.0,,
NWL01199,,3.0,,
NWL01200,,0.0,,
NWL01201,,43.0,,
NWL01202,,72.0,,
NWL01203,,9.0,,
NWL01204,,1.0,,
NWL01205,,2.0,,
NWL01206,,74.0,,
NWL01207,,7.0,,
NWL01208,,6.0,,
NWL01209,,7.0,,
NWL01210,,22.0,,
NWL01211,,18.0,,
NWL01212,,0.0,,
NWL01213,,51.0,,
NWL01214,,18.0,,
NWL01215,,2.0,,
NWL01216,,3.0,,
NWL01217,,46.0,,
NWL01218,,11.0,,
NWL01219,,5.0,,
NWL01220,,36.0,,
NWL01221,,47.0,,
NWL01222,,0.0,,
NWL01223,,0.0,,
NWL01224,,7.0,,
NWL01225,,3.0,,
NWL01226,,3.0,,
NWL01227,,4.0,,
NWL01228,,0.0,,
NWL01229,,24.0,,
NWL01230,,0.0,,
NWL01231,,0.0,,
NWL01232,,14.0,,
NWL01233,,40.0,,
NWL01234,,2.0,,
NWL01235,,0.0,,
NWL01236,,1.0,,
NWL01237,,0.0,,
NWL01238,,108.0,,
NWL01239,,92.0,,
NWL01240,,63.0,,
NWL01241,,9.0,,
NWL01242,,3.0,,
NWL01243,,6.0,,
NWL01244,,0.0,,
NWL01245,,77.0,,
NWL01246,,0.0,,
NWL01247,,0.0,,
NWL01248,,0.0,,
NWL01249,,13.0,,
NWL01250,,10.0,,
NWL01251,,4.0,,
NWL01252,,67.0,,
NWL01253,,5.0,,
NWL01254,,32.0,,
NWL01255,,2.0,,
NWL01256,,24.0,,
NWL01257,,14.0,,
NWL01258,,1.0,,
NWL01259,,2.0,,
NWL01260,,41.0,,
NWL01261,,18.0,,
NWL01262,,2.0,,
NWL01263,,0.0,,
NWL01264,,5.0,,
NWL01265,,9.0,,
NWL01266,,38.0,,
NWL01267,,3.0,,
NWL01268,,16.0,,
NWL01269,,0.0,,
NWL01270,,54.0,,
NWL01271,,82.0,,
NWL01272,,6.0,,
NWL01273,,9.0,,
NWL01274,,6.0,,
NWL01275,,54.0,,
NWL01276,,16.0,,
NWL01277,,10.0,,
NWL01278,,11.0,,
NWL01279,,25.0,,
NWL01280,,58.0,,
NWL01281,,46.0,,
NWL01282,,81.0,,
NWL01283,,1.0,,
NWL01284,,25.0,,
NWL01285,,11.0,,
NWL01286,,51.0,,
NWL01287,,39.0,,
NWL01288,,4.0,,
NWL01289,,25.0,,
NWL01290,,61.0,,
NWL01291,,24.0,,
NWL01292,,6.0,,
NWL01293,,35.0,,
NWL01294,,50.0,,
NWL01295,,50.0,,
NWL01296,,42.0,,
NWL01297,,1.0,,
NWL01298,,21.0,,
NWL01299,,0.0,,
NWL01300,,7.0,,
NWL01301,,37.0,,
NWL01302,,31.0,,
NWL01303,,35.0,,
NWL01304,,42.0,,
NWL01305,,67.0,,
NWL01307,,2.0,,
NWL01308,,34.0,,
NWL01309,,31.0,,
NWL01310,,38.0,,
NWL01311,,36.0,,
NWL01312,,39.0,,
NWL01313,,30.0,,
NWL01314,,5.0,,
NWL01315,,0.0,,
NWL01316,,11.0,,
NWL01317,,0.0,,
NWL01318,,35.0,,
NWL01319,,12.0,,
NWL01320,,53.0,,
NWL01321,,54.0,,
NWL01322,,0.0,,
NWL01323,,26.0,,
NWL01324,,29.0,,
NWL01325,,39.0,,
NWL01326,,53.0,,
NWL01327,,21.0,,
NWL01328,,10.0,,
NWL01329,,11.0,,
NWL01330,,0.0,,
NWL01331,,72.0,,
NWL01332,,3.0,,
NWL01333,,79.0,,
NWL01334,,107.0,,
NWL01335,,13.0,,
NWL01336,,33.0,,
NWL01337,,0.0,,
NWL01338,,78.0,,
NWL01339,,19.0,,
NWL01340,,7.0,,
NWL01341,,20.0,,
NWL01342,,7.0,,
NWL01343,,1.0,,
NWL01344,,4.0,,
NWL01345,,0.0,,
NWL01346,,2.0,,
NWL01347,,35.0,,
NWL01348,,37.0,,
NWL01349,,24.0,,
NWL01351,,50.0,,
NWL01352,,63.0,,
NWL01353,,7.0,,
NWL01354,,0.0,,
NWL01355,,2.0,,
NWL01356,,91.0,,
NWL01357,,46.0,,
NWL01358,,4.0,,
NWL01359,,0.0,,
NWL01360,,0.0,,
NWL01361,,72.0,,
NWL01362,,45.0,,
NWL01363,,29.0,,
NWL01364,,42.0,,
NWL01365,,0.0,,
NWL01366,,27.0,,
NWL01367,,17.0,,
NWL01368,,6.0,,
NWL01369,,66.0,,
NWL01370,,54.0,,
NWL01371,,6.0,,
NWL01372,,12.0,,
NWL01373,,0.0,,
NWL01374,,17.0,,
NWL01375,,6.0,,
NWL01376,,12.0,,
NWL01377,,61.0,,
NWL01378,,6.0,,
NWL01379,,18.0,,
NWL01380,,29.0,,
NWL01381,,45.0,,
NWL01382,,41.0,,
NWL01383,,21.0,,
NWL01384,,13.0,,
NWL01385,,51.0,,
NWL01386,,25.0,,
NWL01387,,12.0,,
NWL01388,,9.0,,
NWL01389,,32.0,,
NWL01390,,56.0,,
NWL01391,,29.0,,
NWL01392,,0.0,,
NWL01393,,44.0,,
NWL01394,,85.0,,
NWL01395,,79.0,,
NWL01396,,41.0,,
NWL01397,,2.0,,
NWL01398,,0.0,,
NWL01399,,1.0,,
NWL01400,,56.0,,
NWL01401,,45.0,,
NWL01402,,21.0,,
NWL01403,,38.0,,
NWL01404,,0.0,,
NWL01405,,49.0,,
NWL01406,,63.0,,
NWL01407,,68.0,,
NWL01408,,58.0,,
NWL01409,,0.0,,
NWL01410,,9.0,,
NWL01411,,3.0,,
NWL01412,,24.0,,
NWL01413,,25.0,,
NWL01414,,10.0,,
NWL01415,,1.0,,
NWL01416,,52.0,,
NWL01417,,86.0,,
NWL01418,,111.0,,
NWL01419,,89.0,,
NWL01420,,47.0,,
NWL01421,,16.0,,
NWL01422,,14.0,,
NWL01423,,4.0,,
NWL01424,,6.0,,
NWL01425,,2.0,,
NWL01426,,1.0,,
NWL01427,,18.0,,
NWL01428,,27.0,,
NWL01429,,1.0,,
NWL01430,,16.0,,
NWL01431,,25.0,,
NWL01432,,0.0,,
NWL01433,,3.0,,
NWL01434,,4.0,,
NWL01435,,27.0,,
NWL01436,,1.0,,
NWL01437,,10.0,,
NWL01438,,50.0,,
NWL01439,,6.0,,
NWL01440,,0.0,,
NWL01441,,14.0,,
NWL01442,,179.0,,
NWL01443,,4.0,,
NWL01444,,7.0,,
NWL01445,,72.0,,
NWL01446,,0.0,,
NWL01447,,20.0,,
NWL01449,,0.0,,
NWL01450,,53.0,,
NWL01451,,53.0,,
NWL01452,,3.0,,
NWL01453,,31.0,,
NWL01454,,48.0,,
NWL01455,,0.0,,
NWL01456,,5.0,,
NWL01457,,0.0,,
NWL01458,,0.0,,
NWL01459,,12.0,,
NWL01460,,13.0,,
NWL01461,,21.0,,
NWL01462,,33.0,,
NWL01463,,0.0,,
NWL01464,,3.0,,
NWL01465,,1.0,,
NWL01466,,5.0,,
NWL01467,,0.0,,
NWL01468,,23.0,,
NWL01469,,3.0,,
NWL01470,,2.0,,
NWL01471,,0.0,,
NWL01472,,38.0,,
NWL01473,,18.0,,
NWL01474,,14.0,,
NWL01475,,55.0,,
NWL01476,,25.0,,
NWL01477,,8.0,,
NWL01478,,58.0,,
NWL01479,,0.0,,
NWL01480,,9.0,,
NWL01481,,20.0,,
NWL01482,,35.0,,
NWL01483,,16.0,,
NWL01484,,13.0,,
NWL01485,,35.0,,
NWL01486,,6.0,,
NWL01487,,3.0,,
NWL01488,,20.0,,
NWL01489,,13.0,,
NWL01490,,10.0,,
NWL01491,,45.0,,
NWL01492,,18.0,,
NWL01493,,50.0,,
NWL01494,,0.0,,
NWL01495,,14.0,,
NWL01496,,8.0,,
NWL01497,,19.0,,
NWL01498,,7.0,,
NWL01499,,25.0,,
NWL01500,,19.0,,
NWL01501,,135.0,,
NWL01502,,3.0,,
NWL01503,,8.0,,
NWL01504,,1.0,,
NWL01505,,44.0,,
NWL01506,,1.0,,
NWL01507,,73.0,,
NWL01508,,0.0,,
NWL01509,,14.0,,
NWL01510,,8.0,,
NWL01511,,30.0,,
NWL01512,,32.0,,
NWL01513,,3.0,,
NWL01514,,3.0,,
NWL01515,,36.0,,
NWL01516,,91.0,,
NWL01517,,18.0,,
NWL01518,,5.0,,
NWL01519,,78.0,,
NWL01520,,15.0,,
NWL01521,,2.0,,
NWL01522,,92.0,,
NWL01523,,0.0,,
NWL01524,,0.0,,
NWL01525,,6.0,,
NWL01526,,48.0,,
NWL01527,,49.0,,
NWL01528,,24.0,,
NWL01529,,36.0,,
NWL01530,,1.0,,
NWL01531,,24.0,,
NWL01532,,37.0,,
NWL01533,,30.0,,
NWL01534,,21.0,,
NWL01535,,2.0,,
NWL01536,,5.0,,
NWL01537,,47.0,,
NWL01538,,75.0,,
NWL01539,,57.0,,
NWL01540,,47.0,,
NWL01541,,55.0,,
NWL01542,,3.0,,
NWL01543,,2.0,,
NWL01544,,14.0,,
NWL01545,,1.0,,
NWL01546,,6.0,,
NWL01547,,27.0,,
NWL01548,,23.0,,
NWL01549,,7.0,,
NWL01550,,2.0,,
NWL01551,,0.0,,
NWL01552,,14.0,,
NWL01553,,85.0,,
NWL01554,,0.0,,
NWL01555,,1.0,,
NWL01556,,1.0,,
NWL01557,,0.0,,
NWL01558,,48.0,,
NWL01559,,40.0,,
NWL01560,,7.0,,
NWL01561,,4.0,,
NWL01562,,0.0,,
NWL01563,,3.0,,
NWL01564,,19.0,,
NWL01565,,0.0,,
NWL01566,,0.0,,
NWL01567,,10.0,,
NWL01568,,11.0,,
NWL01569,,33.0,,
NWL01570,,33.0,,
NWL01571,,12.0,,
NWL01572,,9.0,,
NWL01573,,48.0,,
NWL01574,,60.0,,
NWL01575,,0.0,,
NWL01576,,0.0,,
NWL01577,,26.0,,
NWL01578,,49.0,,
NWL01579,,7.0,,
NWL01581,,26.0,,
NWL01583,,10.0,,
NWL01584,,0.0,,
NWL01585,,14.0,,
NWL01586,,13.0,,
SBB00001,,19.0,,
SBB00004,,14.0,,
SBB00005,,48.0,,
SBB00006,,12.0,,
SBB00007,,27.0,,
SBB00008,,0.0,,
SBB00009,,1.0,,
SBB00010,,0.0,,
SBB00011,,47.0,,
SBB00012,,21.0,,
SBB00013,,31.0,,
SBB00014,,0.0,,
SBB00015,,0.0,,
SBB00016,,0.0,,
SBB00017,,8.0,,
SBB00018,,2.0,,
SBB00019,,0.0,,
SBB00020,,11.0,,
SBB00021,,11.0,,
SBB00022,,0.0,,
SBB00023,,0.0,,
SBB00024,,115.0,,
SBB00025,,46.0,,
SBB00026,,0.0,,
SBB00027,,172.0,,
SBB00028,,3.0,,
SBB00029,,12.0,,
SBB00030,,13.0,,
SBB00031,,2.0,,
SBB00032,,70.0,,
SBB00033,,6.0,,
SBB00034,,23.0,,
SBB00035,,3.0,,
SBB00036,,3.0,,
SBB00037,,329.0,,
SBB00038,,57.0,,
SBB00039,,0.0,,
SBB00040,,17.0,,
SBB00041,,0.0,,
SBB00043,,206.0,,
SBB00044,,22.0,,
SBB00045,,71.0,,
SBB00046,,0.0,,
SBB00047,,1.0,,
SBB00048,,0.0,,
SBB00049,,0.0,,
SBB00050,,26.0,,
SBB00051,,28.0,,
SBB00052,,11.0,,
SBB00053,,30.0,,
SBB00054,,128.0,,
SBB00055,,97.0,,
SBB00056,,69.0,,
SBB00057,,12.0,,
SBB00058,,37.0,,
SBB00059,,4.0,,
SBB00060,,103.0,,
SBB00061,,30.0,,
SBB00062,,1.0,,
SBB00064,,0.0,,
SBB00065,,35.0,,
SBB00066,,0.0,,
SBB00068,,0.0,,
SBB00069,,3.0,,
SBB00070,,3.0,,
SBB00071,,70.0,,
SBB00072,,113.0,,
SBB00073,,5.0,,
SBB00074,,6.0,,
SBB00075,,1.0,,
SBB00076,,49.0,,
SBB00077,,67.0,,
SBB00078,,35.0,,
SBB00079,,20.0,,
SBB00080,,24.0,,
SBB00081,,5.0,,
SBB00086,,9.0,,
SBB00087,,0.0,,
SBB00089,,64.0,,
SBB00090,,87.0,,
SBB00091,,86.0,,
SBB00092,,126.0,,
SBB00093,,141.0,,
SBB00094,,46.0,,
SBB00095,,0.0,,
SBB00096,,90.0,,
SBB00097,,40.0,,
SBB00098,,129.0,,
SBB00099,,134.0,,
SBB00100,,77.0,,
SBB00101,,0.0,,
SBB00102,,1.0,,
SBB00103,,0.0,,
SBB00104,,100.0,,
SBB00105,,38.0,,
SBB00106,,0.0,,
SBB00107,,17.0,,
SBB00108,,26.0,,
SBB00109,,47.0,,
SBB00110,,32.0,,
SBB00111,,12.0,,
SBB00112,,0.0,,
SBB00113,,0.0,,
SBB00114,,0.0,,
SBB00115,,32.0,,
SBB00116,,6.0,,
SBB00117,,116.0,,
SBB00118,,54.0,,
SBB00119,,170.0,,
SBB00120,,33.0,,
SBB00121,,55.0,,
SBB00122,,15.0,,
SBB00123,,0.0,,
SBB00124,,4.0,,
SBB00126,,92.0,,
SBB00128,,46.0,,
SBB00129,,96.0,,
SBB00130,,59.0,,
SBB00131,,9.0,,
SBB00132,,45.0,,
SBB00133,,0.0,,
SBB00134,,0.0,,
SBB00135,,10.0,,
SBB00136,,48.0,,
SBB00137,,39.0,,
SBB00138,,2.0,,
SBB00139,,11.0,,
SBB00140,,34.0,,
SBB00141,,2.0,,
SBB00142,,7.0,,
SBB00143,,143.0,,
SBB00144,,1.0,,
SBB00145,,29.0,,
SBB00146,,115.0,,
SBB00147,,90.0,,
SBB00148,,205.0,,
SBB00149,,0.0,,
SBB00150,,56.0,,
SBB00151,,140.0,,
SBB00152,,27.0,,
SBB00153,,32.0,,
SBB00154,,86.0,,
SBB00155,,142.0,,
SBB00156,,82.0,,
SBB00157,,90.0,,
SBB00158,,0.0,,
SBB00159,,40.0,,
SBB00160,,28.0,,
SBB00161,,38.0,,
SBB00162,,60.0,,
SBB00163,,24.0,,
SBB00164,,56.0,,
SBB00165,,105.0,,
SBB00166,,0.0,,
SBB00167,,61.0,,
SBB00168,,63.0,,
SBB00169,,13.0,,
SBB00170,,175.0,,
SBB00171,,13.0,,
SBB00172,,0.0,,
SBB00173,,49.0,,
SBB00174,,21.0,,
SBB00175,,1.0,,
SBB00176,,40.0,,
SBB00177,,2.0,,
SBB00178,,138.0,,
SBB00179,,126.0,,
SBB00180,,115.0,,
SBB00181,,65.0,,
SBB00182,,0.0,,
SBB00183,,116.0,,
SBB00184,,32.0,,
SBB00185,,0.0,,
SBB00186,,7.0,,
SBB00187,,1.0,,
SBB00188,,0.0,,
SBB00189,,0.0,,
SBB00190,,40.0,,
SBB00191,,59.0,,
SBB00192,,0.0,,
SBB00193,,6.0,,
SBB00194,,144.0,,
SBB00195,,18.0,,
SBB00196,,2.0,,
SBB00197,,17.0,,
SBB00198,,9.0,,
SBB00199,,62.0,,
SBB00200,,2.0,,
SBB00201,,0.0,,
SBB00202,,74.0,,
SBB00203,,91.0,,
SBB00204,,46.0,,
SBB00205,,4.0,,
SBB00206,,79.0,,
SBB00207,,84.0,,
SBB00208,,0.0,,
SBB00210,,44.0,,
SBB00211,,8.0,,
SBB00212,,3.0,,
SBB00213,,1.0,,
SBB00214,,5.0,,
SBB00215,,0.0,,
SBB00216,,31.0,,
SBB00217,,2.0,,
SBB00218,,16.0,,
SBB00219,,13.0,,
SBB00220,,53.0,,
SBB00221,,18.0,,
SBB00222,,1.0,,
SBB00223,,31.0,,
SBB00224,,152.0,,
SBB00225,,42.0,,
SBB00226,,9.0,,
SBB00227,,36.0,,
SBB00228,,0.0,,
SBB00229,,28.0,,
SBB00230,,81.0,,
SBB00231,,22.0,,
SBB00232,,46.0,,
SBB00233,,14.0,,
SBB00234,,40.0,,
SBB00235,,31.0,,
SBB00236,,21.0,,
SBB00237,,19.0,,
SBB00238,,66.0,,
SBB00239,,0.0,,
SBB00240,,5.0,,
SBB00241,,94.0,,
SBB00242,,188.0,,
SBB00243,,0.0,,
SBB00244,,44.0,,
SBB00246,,22.0,,
SBB00247,,174.0,,
SBB00248,,90.0,,
SBB00249,,37.0,,
SBB00250,,80.0,,
SBB00251,,99.0,,
SBB00252,,78.0,,
SBB00253,,15.0,,
SBB00254,,106.0,,
SBB00255,,125.0,,
SBB00256,,71.0,,
SBB00257,,132.0,,
SBB00258,,4.0,,
SBB00259,,3.0,,
SBB00260,,0.0,,
SBB00261,,30.0,,
SBB00262,,0.0,,
SBB00263,,8.0,,
SBB00264,,19.0,,
SBB00265,,6.0,,
SBB00266,,5.0,,
SBB00267,,9.0,,
SBB00268,,28.0,,
SBB00269,,2.0,,
SBB00270,,9.0,,
SBB00271,,11.0,,
SBB00272,,2.0,,
SBB00273,,64.0,,
SBB00274,,2.0,,
SBB00275,,6.0,,
SBB00276,,34.0,,
SBB00277,,0.0,,
SBB00278,,4.0,,
SBB00279,,34.0,,
SBB00280,,2.0,,
SBB00281,,4.0,,
SBB00282,,13.0,,
SBB00283,,109.0,,
SBB00284,,0.0,,
SBB00285,,11.0,,
SBB00286,,79.0,,
SBB00287,,0.0,,
SBB00288,,19.0,,
SBB00289,,3.0,,
SBB00290,,69.0,,
SBB00291,,96.0,,
SBB00293,,14.0,,
SBB00294,,72.0,,
SBB00295,,22.0,,
SBB00296,,13.0,,
SBB00297,,96.0,,
SBB00298,,109.0,,
SBB00299,,160.0,,
SBB00300,,38.0,,
SBB00301,,144.0,,
SBB00302,,40.0,,
SBB00303,,37.0,,
SBB00304,,11.0,,
SBB00305,,8.0,,
SBB00306,,55.0,,
SBB00307,,0.0,,
SBB00308,,39.0,,
SBB00309,,103.0,,
SBB00310,,81.0,,
SBB00311,,126.0,,
SBB00312,,0.0,,
SBB00313,,22.0,,
SBB00314,,6.0,,
SBB00315,,20.0,,
SBB00316,,17.0,,
SBB00317,,25.0,,
SBB00318,,20.0,,
SBB00319,,3.0,,
SBB00320,,7.0,,
SBB00321,,0.0,,
SBB00322,,1.0,,
SBB00323,,84.0,,
SBB00324,,0.0,,
SBB00325,,0.0,,
SBB00326,,60.0,,
SBB00327,,91.0,,
SBB00328,,0.0,,
SBB00329,,3.0,,
SBB00330,,73.0,,
SBB00331,,23.0,,
SBB00332,,73.0,,
SBB00333,,30.0,,
SBB00334,,43.0,,
SBB00335,,41.0,,
SBB00336,,51.0,,
SBB00337,,0.0,,
SBB00338,,42.0,,
SBB00340,,92.0,,
SBB00341,,60.0,,
SBB00342,,50.0,,
SBB00343,,0.0,,
SBB00344,,5.0,,
SBB00345,,97.0,,
SBB00346,,28.0,,
SBB00347,,30.0,,
SBB00348,,49.0,,
SBB00349,,84.0,,
SBB00350,,39.0,,
SBB00351,,3.0,,
SBB00352,,6.0,,
SBB00353,,31.0,,
SBB00354,,42.0,,
SBB00355,,76.0,,
SBB00356,,74.0,,
SBB00357,,162.0,,
SBB00358,,48.0,,
SBB00359,,24.0,,
SBB00360,,0.0,,
SBB00361,,0.0,,
SBB00362,,79.0,,
SBB00363,,3.0,,
SBB00364,,143.0,,
SBB00365,,68.0,,
SBB00366,,0.0,,
SBB00367,,39.0,,
SBB00368,,21.0,,
SBB00370,,1.0,,
SBB00371,,52.0,,
SBB00372,,61.0,,
SBB00373,,124.0,,
SBB00374,,15.0,,
SBB00375,,75.0,,
SBB00376,,126.0,,
SBB00377,,40.0,,
SBB00378,,48.0,,
SBB00379,,283.0,,
SBB00380,,118.0,,
SBB00381,,136.0,,
SBB00382,,31.0,,
SBB00383,,18.0,,
SBB00384,,53.0,,
SBB00385,,6.0,,
SBB00386,,5.0,,
SBB00387,,42.0,,
SBB00388,,186.0,,
SBB00389,,47.0,,
SBB00390,,99.0,,
SBB00391,,28.0,,
SBB00392,,111.0,,
SBB00393,,92.0,,
SBB00394,,50.0,,
SBB00395,,107.0,,
SBB00396,,25.0,,
SBB00397,,36.0,,
SBB00398,,13.0,,
SBB00399,,0.0,,
SBB00400,,42.0,,
SBB00401,,175.0,,
SBB00402,,44.0,,
SBB00403,,34.0,,
SBB00404,,9.0,,
SBB00405,,3.0,,
SBB00406,,110.0,,
SBB00407,,1.0,,
SBB00408,,15.0,,
SBB00409,,141.0,,
SBB00410,,0.0,,
SBB00411,,0.0,,
SBB00412,,5.0,,
SBB00413,,17.0,,
SBB00414,,0.0,,
SBB00415,,0.0,,
SBB00416,,5.0,,
SBB00418,,64.0,,
SBB00419,,85.0,,
SBB00420,,49.0,,
SBB00421,,6.0,,
SBB00422,,1.0,,
SBB00423,,89.0,,
SBB00424,,2.0,,
SBB00425,,34.0,,
SBB00426,,103.0,,
SBB00427,,2.0,,
SBB00428,,0.0,,
SBB00429,,31.0,,
SBB00430,,25.0,,
SBB00431,,0.0,,
SBB00432,,43.0,,
SBB00433,,65.0,,
SBB00434,,94.0,,
SBB00435,,88.0,,
SBB00436,,9.0,,
SBB00437,,0.0,,
SBB00438,,1.0,,
SBB00439,,0.0,,
SBB00440,,31.0,,
SBB00442,,16.0,,
SBB00443,,0.0,,
SBB00444,,114.0,,
SBB00445,,48.0,,
SBB00446,,66.0,,
SBB00447,,0.0,,
SBB00448,,17.0,,
SBB00449,,0.0,,
SBB00450,,66.0,,
SBB00451,,19.0,,
SBB00452,,2.0,,
SBB00453,,0.0,,
SBB00454,,0.0,,
SBB00455,,6.0,,
SBB00456,,24.0,,
SBB00457,,23.0,,
SBB00458,,42.0,,
SBB00459,,53.0,,
SBB00460,,89.0,,
SBB00461,,44.0,,
SBB00462,,0.0,,
SBB00463,,37.0,,
SBB00464,,200.0,,
SBB00466,,112.0,,
SBB00467,,42.0,,
SBB00468,,32.0,,
SBB00469,,25.0,,
SBB00470,,6.0,,
SBB00471,,102.0,,
SBB00472,,0.0,,
SBB00473,,2.0,,
SBB00474,,27.0,,
SBB00475,,91.0,,
SBB00476,,7.0,,
SBB00477,,123.0,,
SBB00478,,0.0,,
SBB00479,,27.0,,
SBB00481,,27.0,,
SBB00482,,10.0,,
SBB00483,,0.0,,
SBB00484,,72.0,,
SBB00485,,32.0,,
SBB00486,,24.0,,
SBB00487,,25.0,,
SBB00488,,0.0,,
SBB00489,,21.0,,
SBB00490,,82.0,,
SBB00491,,23.0,,
SBB00492,,53.0,,
SBB00493,,70.0,,
SBB00494,,109.0,,
SBB00495,,148.0,,
SBB00496,,4.0,,
SBB00497,,1.0,,
SBB00498,,8.0,,
SBB00499,,75.0,,
SBB00500,,111.0,,
SBB00501,,75.0,,
SBB00502,,0.0,,
SBB00504,,76.0,,
SBB00505,,6.0,,
SBB00506,,21.0,,
SBB00507,,46.0,,
SBB00508,,64.0,,
SBB00509,,32.0,,
SBB00510,,144.0,,
SBB00511,,6.0,,
SBB00512,,20.0,,
SBB00513,,2.0,,
SBB00514,,211.0,,
SBB00515,,161.0,,
SBB00516,,2.0,,
SBB00517,,172.0,,
SBB00518,,10.0,,
SBB00519,,12.0,,
SBB00520,,0.0,,
SBB00521,,70.0,,
SBB00522,,83.0,,
SBB00523,,161.0,,
SBB00524,,59.0,,
SBB00525,,25.0,,
SBB00526,,126.0,,
SBB00527,,9.0,,
SBB00528,,1.0,,
SBB00529,,5.0,,
SBB00530,,110.0,,
SBB00531,,58.0,,
SBB00532,,5.0,,
SBB00533,,0.0,,
SBB00534,,59.0,,
SBB00535,,69.0,,
SBB00536,,164.0,,
SBB00537,,166.0,,
SBB00539,,29.0,,
SBB00540,,152.0,,
SBB00541,,89.0,,
SBB00542,,32.0,,
SBB00543,,114.0,,
SBB00544,,82.0,,
SBB00545,,84.0,,
SBB00546,,53.0,,
SBB00547,,16.0,,
SBB00548,,53.0,,
SBB00549,,18.0,,
SBB00550,,79.0,,
SBB00551,,10.0,,
SBB00552,,3.0,,
SBB00553,,65.0,,
SBB00554,,75.0,,
SBB00555,,0.0,,
SBB00556,,1.0,,
SBB00557,,145.0,,
SBB00558,,3.0,,
SBB00559,,94.0,,
SBB00560,,59.0,,
SBB00561,,36.0,,
SBB00562,,2.0,,
SBB00563,,52.0,,
SBB00564,,20.0,,
SBB00565,,44.0,,
SBB00566,,21.0,,
SBB00567,,51.0,,
SBB00568,,233.0,,
SBB00569,,54.0,,
SBB00570,,124.0,,
SBB00571,,52.0,,
SBB00572,,0.0,,
SBB00573,,20.0,,
SBB00574,,0.0,,
SBB00575,,76.0,,
SBB00576,,27.0,,
SBB00577,,28.0,,
SBB00578,,90.0,,
SBB00579,,122.0,,
SBB00580,,29.0,,
SBB00581,,144.0,,
SBB00582,,92.0,,
SBB00583,,130.0,,
SBB00585,,2.0,,
SBB00586,,10.0,,
SBB00587,,31.0,,
SBB00588,,74.0,,
SBB00589,,11.0,,
SBB00590,,11.0,,
SBB00591,,150.0,,
SBB00592,,219.0,,
SBB00593,,2.0,,
SBB00594,,19.0,,
SBB00595,,36.0,,
SBB00596,,0.0,,
SBB00597,,229.0,,
SBB00598,,74.0,,
SBB00599,,61.0,,
SBB00600,,3.0,,
SBB00602,,60.0,,
SBB00603,,0.0,,
SBB00604,,0.0,,
SBB00605,,5.0,,
SBB00606,,7.0,,
SBB00607,,1.0,,
SBB00608,,135.0,,
SBB00609,,19.0,,
SBB00611,,0.0,,
SBB00612,,5.0,,
SBB00613,,10.0,,
SBB00614,,81.0,,
SBB00615,,66.0,,
SBB00616,,0.0,,
SBB00617,,105.0,,
SBB00618,,56.0,,
SBB00619,,19.0,,
SBB00620,,18.0,,
SBB00621,,12.0,,
SBB00622,,13.0,,
SBB00623,,12.0,,
SBB00624,,22.0,,
SBB00626,,52.0,,
SBB00627,,22.0,,
SBB00628,,1.0,,
SBB00629,,3.0,,
SBB00630,,131.0,,
SBB00631,,158.0,,
SBB00632,,0.0,,
SBB00633,,87.0,,
SBB00634,,28.0,,
SBB00635,,0.0,,
SBB00636,,62.0,,
SBB00637,,0.0,,
SBB00638,,26.0,,
SBB00639,,0.0,,
SBB00640,,13.0,,
SBB00641,,21.0,,
SBB00642,,44.0,,
SBB00643,,96.0,,
SBB00644,,119.0,,
SBB00646,,1.0,,
SBB00647,,28.0,,
SBB00648,,10.0,,
SBB00649,,47.0,,
SBB00650,,65.0,,
SBB00651,,76.0,,
SBB00653,,4.0,,
SBB00654,,0.0,,
SBB00655,,103.0,,
SBB00656,,28.0,,
SBB00657,,0.0,,
SBB00658,,139.0,,
SBB00659,,67.0,,
SBB00660,,8.0,,
SBB00661,,57.0,,
SBB00662,,20.0,,
SBB00663,,16.0,,
SBB00664,,117.0,,
SBB00665,,28.0,,
SBB00666,,14.0,,
SBB00667,,56.0,,
SBB00668,,0.0,,
SBB00670,,111.0,,
SBB00671,,6.0,,
SBB00672,,20.0,,
SBB00673,,119.0,,
SBB00674,,6.0,,
SBB00675,,0.0,,
SBB00676,,14.0,,
SBB00677,,70.0,,
SBB00678,,185.0,,
SBB00680,,2.0,,
SBB00681,,0.0,,
SBB00682,,101.0,,
SBB00685,,12.0,,
SBB00686,,48.0,,
SBB00687,,83.0,,
SBB00688,,99.0,,
SBB00689,,46.0,,
SBB00690,,212.0,,
SBB00691,,101.0,,
SBB00692,,59.0,,
SBB00693,,64.0,,
SBB00695,,0.0,,
SBB00696,,107.0,,
SBB00697,,113.0,,
SBB00698,,0.0,,
SBB00699,,99.0,,
SBB00700,,23.0,,
SBB00701,,8.0,,
SBB00702,,10.0,,
SBB00703,,39.0,,
SBB00704,,33.0,,
SBB00706,,0.0,,
SBB00707,,0.0,,
SBB00708,,0.0,,
SBB00709,,72.0,,
SBB00710,,2.0,,
SBB00711,,1.0,,
SBB00712,,52.0,,
SBB00713,,26.0,,
SBB00714,,6.0,,
SBB00715,,70.0,,
SBB00716,,12.0,,
SBB00717,,16.0,,
SBB00718,,23.0,,
SBB00719,,1.0,,
SBB00720,,0.0,,
SBB00721,,33.0,,
SBB00722,,88.0,,
SBB00723,,110.0,,
SBB00724,,118.0,,
SBB00725,,147.0,,
SBB00726,,68.0,,
SBB00727,,31.0,,
SBB00728,,0.0,,
SBB00729,,6.0,,
SBB00730,,2.0,,
SBB00731,,2.0,,
SBB00732,,27.0,,
SBB00733,,54.0,,
SBB00734,,61.0,,
SBB00735,,52.0,,
SBB00736,,76.0,,
SBB00738,,19.0,,
SBB00739,,9.0,,
SBB00740,,45.0,,
SBB00741,,4.0,,
SBB00742,,81.0,,
SBB00743,,34.0,,
SBB00744,,3.0,,
SBB00745,,9.0,,
SBB00746,,19.0,,
SBB00747,,56.0,,
SBB00748,,1.0,,
SBB00749,,2.0,,
SBB00750,,29.0,,
SBB00751,,0.0,,
SBB00752,,98.0,,
SBB00753,,169.0,,
SBB00754,,2.0,,
SBB00755,,74.0,,
SBB00756,,7.0,,
SBB00757,,14.0,,
SBB00758,,103.0,,
SBB00759,,0.0,,
SBB00760,,30.0,,
SBB00761,,121.0,,
SBB00762,,64.0,,
SBB00763,,42.0,,
SBB00764,,175.0,,
SBB00765,,1.0,,
SBB00766,,20.0,,
SBB00768,,14.0,,
SBB00769,,4.0,,
SBB00770,,101.0,,
SBB00771,,2.0,,
SBB00772,,0.0,,
SBB00773,,46.0,,
SBB00774,,2.0,,
SBB00775,,10.0,,
SBB00776,,32.0,,
SBB00777,,2.0,,
SBB00778,,36.0,,
SBB00779,,52.0,,
SBB00780,,8.0,,
SBB00781,,3.0,,
SBB00782,,2.0,,
SBB00783,,10.0,,
SBB00784,,27.0,,
SBB00786,,33.0,,
SBB00787,,12.0,,
SBB00788,,5.0,,
SBB00789,,125.0,,
SBB00790,,0.0,,
SBB00791,,163.0,,
SBB00792,,69.0,,
SBB00793,,86.0,,
SBB00794,,45.0,,
SBB00795,,53.0,,
SBB00796,,0.0,,
SBB00797,,72.0,,
SBB00798,,0.0,,
SBB00799,,0.0,,
SBB00800,,2.0,,
SBB00801,,0.0,,
SBB00802,,1.0,,
SBB00803,,98.0,,
SBB00804,,123.0,,
SBB00805,,3.0,,
SBB00806,,185.0,,
SBB00807,,200.0,,
SBB00808,,0.0,,
SBB00809,,4.0,,
SBB00810,,73.0,,
SBB00811,,0.0,,
SBB00812,,20.0,,
SBB00813,,43.0,,
SBB00814,,2.0,,
SBB00815,,14.0,,
SBB00817,,87.0,,
SBB00818,,35.0,,
SBB00819,,21.0,,
SBB00820,,68.0,,
SBB00821,,39.0,,
SBB00823,,30.0,,
SBB00824,,42.0,,
SBB00825,,103.0,,
SBB00826,,43.0,,
SBB00827,,1.0,,
SBB00828,,2.0,,
SBB00829,,19.0,,
SBB00830,,0.0,,
SBB00831,,3.0,,
SBB00832,,6.0,,
SBB00833,,33.0,,
SBB00834,,92.0,,
SBB00835,,1.0,,
SBB00836,,3.0,,
SBB00837,,3.0,,
SBB00838,,12.0,,
SBB00839,,72.0,,
SBB00840,,85.0,,
SBB00841,,2.0,,
SBB00842,,99.0,,
SBB00843,,0.0,,
SBB00844,,83.0,,
SBB00845,,10.0,,
SBB00846,,2.0,,
SBB00847,,0.0,,
SBB00848,,92.0,,
SBB00849,,1.0,,
SBB00850,,48.0,,
SBB00851,,92.0,,
SBB00852,,6.0,,
SBB00853,,65.0,,
SBB00854,,21.0,,
SBB00855,,23.0,,
SBB00856,,2.0,,
SBB00857,,69.0,,
SBB00858,,0.0,,
SBB00859,,0.0,,
SBB00860,,51.0,,
SBB00862,,11.0,,
SBB00863,,15.0,,
SBB00864,,7.0,,
SBB00865,,12.0,,
SBB00866,,41.0,,
SBB00867,,7.0,,
SBB00868,,62.0,,
SBB00869,,107.0,,
SBB00870,,8.0,,
SBB00871,,9.0,,
SBB00872,,5.0,,
SBB00873,,39.0,,
SBB00874,,24.0,,
SBB00875,,0.0,,
SBB00876,,12.0,,
SBB00877,,36.0,,
SBB00878,,1.0,,
SBB00880,,7.0,,
SBB00881,,39.0,,
SBB00882,,0.0,,
SBB00883,,14.0,,
SBB00884,,24.0,,
SBB00885,,11.0,,
SBB00886,,33.0,,
SBB00887,,3.0,,
SBB00888,,9.0,,
SBB00889,,28.0,,
SBB00890,,13.0,,
SBB00892,,22.0,,
SBB00893,,53.0,,
SBB00894,,0.0,,
SBB00895,,18.0,,
SBB00896,,34.0,,
SBB00897,,25.0,,
SBB00898,,33.0,,
SBB00899,,3.0,,
SBB00900,,1.0,,
SBB00901,,10.0,,
SBB00902,,13.0,,
SBB00904,,1.0,,
SBB00905,,2.0,,
SBB00906,,0.0,,
SBB00907,,13.0,,
SBB00908,,47.0,,
SBB00909,,2.0,,
SBB00910,,9.0,,
SBB00911,,49.0,,
SBB00912,,0.0,,
SBB00913,,28.0,,
SBB00914,,4.0,,
SBB00915,,0.0,,
SBB00917,,64.0,,
SBB00918,,99.0,,
SBB00919,,6.0,,
SBB00920,,29.0,,
SBB00921,,0.0,,
SBB00922,,51.0,,
SBB00923,,0.0,,
SBB00924,,8.0,,
SBB00925,,77.0,,
SBB00926,,0.0,,
SBB00927,,27.0,,
SBB00928,,1.0,,
SBB00929,,73.0,,
SBB00930,,48.0,,
SBB00931,,50.0,,
SBB00932,,120.0,,
SBB00933,,26.0,,
SBB00934,,51.0,,
SBB00935,,0.0,,
SBB00936,,83.0,,
SBB00937,,12.0,,
SBB00938,,11.0,,
SBB00939,,0.0,,
SBB00940,,59.0,,
SBB00941,,72.0,,
SBB00942,,0.0,,
SBB00944,,114.0,,
SBB00945,,127.0,,
SBB00946,,84.0,,
SBB00947,,2.0,,
SBB00948,,72.0,,
SBB00949,,0.0,,
SBB00950,,16.0,,
SBB00951,,2.0,,
SBB00952,,87.0,,
SBB00953,,26.0,,
SBB00954,,5.0,,
SBB00955,,5.0,,
SBB00956,,119.0,,
SBB00957,,171.0,,
SBB00958,,8.0,,
SBB00959,,5.0,,
SBB00960,,10.0,,
SBB00961,,0.0,,
SBB00962,,57.0,,
SBB00963,,16.0,,
SBB00964,,0.0,,
SBB00965,,6.0,,
SBB00966,,3.0,,
SBB00967,,0.0,,
SBB00968,,0.0,,
SBB00969,,0.0,,
SBB00970,,0.0,,
SBB00971,,0.0,,
SBB00972,,17.0,,
SBB00973,,66.0,,
SBB00974,,0.0,,
SBB00975,,0.0,,
SBB00976,,38.0,,
SBB00977,,0.0,,
SBB00978,,38.0,,
SBB00979,,4.0,,
SBB00980,,177.0,,
SBB00981,,61.0,,
SBB00982,,7.0,,
SBB00983,,0.0,,
SBB00984,,68.0,,
SBB00985,,149.0,,
SBB00986,,102.0,,
SBB00987,,9.0,,
SBB00988,,41.0,,
SBB00989,,2.0,,
SBB00990,,103.0,,
SBB00991,,103.0,,
SBB00992,,13.0,,
SBB00993,,10.0,,
SBB00994,,171.0,,
SBB00995,,11.0,,
SBB00996,,0.0,,
SBB00997,,1.0,,
SBB00998,,54.0,,
SBB00999,,12.0,,
SBB01000,,0.0,,
SBB01001,,24.0,,
SBB01002,,16.0,,
SBB01003,,7.0,,
SBB01004,,33.0,,
SBB01006,,0.0,,
SBB01007,,0.0,,
SBB01009,,14.0,,
SBB01010,,77.0,,
SBB01011,,47.0,,
SBB01012,,6.0,,
SBB01013,,18.0,,
SBB01014,,74.0,,
SBB01015,,2.0,,
SBB01016,,114.0,,
SBB01017,,0.0,,
SBB01018,,7.0,,
SBB01020,,3.0,,
SBB01021,,73.0,,
SBB01022,,4.0,,
SBB01023,,48.0,,
SBB01024,,115.0,,
SBB01025,,43.0,,
SBB01026,,19.0,,
SBB01027,,21.0,,
SBB01028,,37.0,,
SBB01029,,23.0,,
SBB01030,,1.0,,
SBB01031,,0.0,,
SBB01032,,20.0,,
SBB01033,,51.0,,
SBB01034,,327.0,,
SBB01035,,58.0,,
SBB01036,,23.0,,
SBB01037,,2.0,,
SBB01038,,72.0,,
SBB01039,,37.0,,
SBB01040,,16.0,,
SBB01041,,38.0,,
SBB01042,,2.0,,
SBB01043,,366.0,,
SBB01044,,22.0,,
SBB01045,,12.0,,
SBB01046,,0.0,,
SBB01047,,17.0,,
SBB01048,,94.0,,
SBB01049,,0.0,,
SBB01050,,90.0,,
SBB01051,,5.0,,
SBB01052,,48.0,,
SBB01053,,47.0,,
SBB01054,,48.0,,
SBB01055,,8.0,,
SBB01056,,30.0,,
SBB01057,,0.0,,
SBB01058,,132.0,,
SBB01059,,0.0,,
SBB01060,,77.0,,
SBB01062,,0.0,,
SBB01063,,2.0,,
SBB01065,,11.0,,
SBB01066,,90.0,,
SBB01067,,90.0,,
SBB01068,,26.0,,
SBB01069,,16.0,,
SBB01070,,16.0,,
SBB01071,,18.0,,
SBB01072,,23.0,,
SBB01073,,12.0,,
SBB01074,,20.0,,
SBB01075,,107.0,,
SBB01076,,131.0,,
SBB01077,,96.0,,
SBB01078,,11.0,,
SBB01080,,0.0,,
SBB01081,,3.0,,
SBB01082,,37.0,,
SBB01083,,2.0,,
SBB01084,,0.0,,
SBB01085,,0.0,,
SBB01086,,4.0,,
SBB01087,,44.0,,
SBB01088,,17.0,,
SBB01089,,9.0,,
SBB01090,,54.0,,
SBB01091,,58.0,,
SBB01092,,2.0,,
SBB01093,,149.0,,
SBB01094,,34.0,,
SBB01095,,94.0,,
SBB01096,,69.0,,
SBB01097,,95.0,,
SBB01098,,1.0,,
SBB01099,,50.0,,
SBB01100,,108.0,,
SBB01101,,170.0,,
SBB01102,,72.0,,
SBB01103,,3.0,,
SBB01104,,0.0,,
SBB01105,,7.0,,
SBB01106,,37.0,,
SBB01107,,53.0,,
SBB01108,,4.0,,
SBB01109,,9.0,,
SBB01110,,29.0,,
SBB01111,,126.0,,
SBB01113,,50.0,,
SBB01114,,0.0,,
SBB01115,,0.0,,
SBB01116,,152.0,,
SBB01117,,2.0,,
SBB01118,,7.0,,
SBB01119,,94.0,,
SBB01120,,134.0,,
SBB01121,,158.0,,
SBB01122,,0.0,,
SBB01123,,25.0,,
SBB01124,,125.0,,
SBB01125,,2.0,,
SBB01126,,48.0,,
SBB01128,,129.0,,
SBB01129,,124.0,,
SBB01130,,80.0,,
SBB01131,,131.0,,
SBB01132,,19.0,,
SBB01133,,1.0,,
SBB01134,,37.0,,
SBB01135,,26.0,,
SBB01136,,17.0,,
SBB01137,,16.0,,
SBB01138,,18.0,,
SBB01139,,41.0,,
SBB01140,,21.0,,
SBB01141,,60.0,,
SBB01142,,0.0,,
SBB01143,,30.0,,
SBB01144,,85.0,,
SBB01145,,26.0,,
SBB01146,,17.0,,
SBB01147,,18.0,,
SBB01148,,5.0,,
SBB01149,,49.0,,
SBB01150,,51.0,,
SBB01151,,14.0,,
SBB01152,,0.0,,
SBB01153,,19.0,,
SBB01154,,121.0,,
SBB01155,,245.0,,
SBB01156,,90.0,,
SBB01157,,0.0,,
SBB01158,,119.0,,
SBB01159,,1.0,,
SBB01160,,28.0,,
SBB01161,,6.0,,
SBB01162,,0.0,,
SBB01163,,11.0,,
SBB01164,,22.0,,
SBB01165,,1.0,,
SBB01166,,34.0,,
SBB01167,,43.0,,
SBB01168,,14.0,,
SBB01169,,105.0,,
SBB01170,,7.0,,
SBB01171,,9.0,,
SBB01172,,0.0,,
SBB01173,,0.0,,
SBB01174,,66.0,,
SBB01175,,0.0,,
SBB01176,,102.0,,
SBB01177,,96.0,,
SBB01178,,55.0,,
SBB01179,,84.0,,
SBB01180,,147.0,,
SBB01181,,1.0,,
SBB01182,,0.0,,
SBB01183,,81.0,,
SBB01184,,3.0,,
SBB01185,,0.0,,
SBB01186,,63.0,,
SBB01187,,99.0,,
SBB01188,,14.0,,
SBB01189,,1.0,,
SBB01190,,68.0,,
SBB01191,,98.0,,
SBB01192,,1.0,,
SBB01193,,21.0,,
SBB01195,,9.0,,
SBB01196,,30.0,,
SBB01197,,1.0,,
SBB01198,,77.0,,
SBB01199,,16.0,,
SBB01200,,0.0,,
SBB01201,,18.0,,
SBB01202,,36.0,,
SBB01203,,18.0,,
SBB01204,,0.0,,
SBB01205,,0.0,,
SBB01206,,5.0,,
SBB01207,,1.0,,
SBB01208,,64.0,,
SBB01209,,210.0,,
SBB01210,,94.0,,
SBB01211,,6.0,,
SBB01212,,40.0,,
SBB01213,,66.0,,
SBB01214,,2.0,,
SBB01215,,33.0,,
SBB01216,,30.0,,
SBB01217,,4.0,,
SBB01218,,1.0,,
SBB01219,,77.0,,
SBB01220,,52.0,,
SBB01221,,0.0,,
SBB01222,,62.0,,
SBB01223,,30.0,,
SBB01224,,17.0,,
SBB01225,,10.0,,
SBB01226,,41.0,,
SBB01227,,16.0,,
SBB01228,,101.0,,
SBB01229,,1.0,,
SBB01231,,69.0,,
SBB01232,,10.0,,
SBB01233,,80.0,,
SBB01234,,19.0,,
SBB01235,,10.0,,
SBB01236,,7.0,,
SBB01237,,0.0,,
SBB01238,,0.0,,
SBB01239,,22.0,,
SBB01240,,12.0,,
SBB01241,,0.0,,
SBB01242,,31.0,,
SBB01243,,42.0,,
SBB01244,,19.0,,
SBB01245,,16.0,,
SBB01246,,30.0,,
SBB01247,,171.0,,
SBB01249,,35.0,,
SBB01251,,30.0,,
SBB01252,,2.0,,
SBB01253,,1.0,,
SBB01254,,12.0,,
SBB01255,,54.0,,
SBB01256,,68.0,,
SBB01257,,55.0,,
SBB01258,,28.0,,
SBB01259,,0.0,,
SBB01260,,56.0,,
SBB01261,,18.0,,
SBB01262,,5.0,,
SBB01263,,39.0,,
SBB01264,,177.0,,
SBB01265,,105.0,,
SBB01266,,32.0,,
SBB01267,,88.0,,
SBB01268,,264.0,,
SBB01269,,36.0,,
SBB01270,,2.0,,
SBB01272,,113.0,,
SBB01273,,7.0,,
SBB01274,,36.0,,
SBB01275,,41.0,,
SBB01276,,51.0,,
SBB01277,,3.0,,
SBB01278,,6.0,,
SBB01279,,14.0,,
SBB01280,,8.0,,
SBB01282,,31.0,,
SBB01283,,0.0,,
SBB01284,,43.0,,
SBB01285,,18.0,,
SBB01286,,84.0,,
SBB01287,,57.0,,
SBB01288,,93.0,,
SBB01289,,4.0,,
SBB01290,,37.0,,
SBB01291,,42.0,,
SBB01292,,79.0,,
SBB01293,,6.0,,
SBB01294,,68.0,,
SBB01295,,17.0,,
SBB01296,,28.0,,
SBB01297,,0.0,,
SBB01298,,0.0,,
SBB01299,,14.0,,
SBB01300,,22.0,,
SBB01301,,27.0,,
SBB01302,,4.0,,
SBB01303,,9.0,,
SBB01304,,2.0,,
SBB01305,,0.0,,
SBB01306,,0.0,,
SBB01307,,2.0,,
SBB01308,,0.0,,
SBB01309,,0.0,,
SBB01310,,33.0,,
SBB01311,,5.0,,
SBB01312,,22.0,,
SBB01313,,77.0,,
SBB01314,,15.0,,
SBB01315,,7.0,,
SBB01316,,7.0,,
SBB01318,,32.0,,
SBB01319,,0.0,,
SBB01320,,4.0,,
SBB01321,,83.0,,
SBB01322,,0.0,,
SBB01323,,104.0,,
SBB01324,,167.0,,
SBB01325,,6.0,,
SBB01326,,67.0,,
SBB01327,,47.0,,
SBB01328,,22.0,,
SBB01329,,29.0,,
SBB01330,,48.0,,
SBB01331,,1.0,,
SBB01332,,21.0,,
SBB01333,,3.0,,
SBB01334,,8.0,,
SBB01335,,81.0,,
SBB01336,,102.0,,
SBB01337,,73.0,,
SBB01339,,9.0,,
SBB01340,,82.0,,
SBB01342,,204.0,,
SBB01343,,0.0,,
SBB01344,,4.0,,
SBB01345,,6.0,,
SBB01346,,29.0,,
SBB01347,,10.0,,
SBB01349,,14.0,,
SBB01350,,148.0,,
SBB01351,,34.0,,
SBB01352,,0.0,,
SBB01353,,16.0,,
SBB01354,,0.0,,
SBB01355,,23.0,,
SBB01356,,2.0,,
SBB01357,,12.0,,
SBB01358,,38.0,,
SBB01359,,1.0,,
SBB01360,,31.0,,
SBB01361,,0.0,,
SBB01362,,69.0,,
SBB01363,,74.0,,
SBB01364,,1.0,,
SBB01365,,64.0,,
SBB01366,,48.0,,
SBB01367,,72.0,,
SBB01368,,3.0,,
SBB01369,,66.0,,
SBB01370,,77.0,,
SBB01371,,0.0,,
SBB01372,,14.0,,
SBB01373,,0.0,,
SBB01374,,133.0,,
SBB01375,,46.0,,
SBB01376,,52.0,,
SBB01377,,85.0,,
SBB01378,,0.0,,
SBB01379,,126.0,,
SBB01380,,152.0,,
SBB01381,,79.0,,
SBB01382,,58.0,,
SBB01383,,3.0,,
SBB01385,,8.0,,
SBB01386,,1.0,,
SBB01387,,4.0,,
SBB01388,,42.0,,
SBB01389,,41.0,,
SBB01390,,123.0,,
SBB01391,,59.0,,
SBB01392,,86.0,,
SBB01393,,83.0,,
SBB01394,,16.0,,
SBB01395,,7.0,,
SBB01396,,279.0,,
SBB01400,,0.0,,
SBB01401,,0.0,,
SBB01403,,20.0,,
SBB01406,,0.0,,
SBB01407,,88.0,,
SBB01408,,18.0,,
SBB01409,,11.0,,
SBB01410,,0.0,,
SBB01411,,0.0,,
SBB01412,,4.0,,
SBB01413,,4.0,,
SBB01414,,13.0,,
SBB01415,,4.0,,
SBB01416,,30.0,,
SBB01417,,39.0,,
SBB01418,,56.0,,
SBB01419,,80.0,,
SBB01420,,9.0,,
SBB01421,,1.0,,
SBB01422,,77.0,,
SBB01423,,0.0,,
SBB01424,,26.0,,
SBB01426,,12.0,,
SBB01427,,27.0,,
SBB01428,,3.0,,
SBB01429,,3.0,,
SBB01431,,0.0,,
SBB01432,,78.0,,
SBB01433,,84.0,,
SBB01434,,31.0,,
SRN0001,17.0,,,
SRN0002,35.0,,,
SRN0003,16.0,,,
SRN0004,23.0,,,
SRN0005,53.0,,,
SRN0006,0.0,,,
SRN0007,2.0,,,
SRN0008,0.0,,,
SRN0009,9.0,,,
SRN0010,7.0,,,
SRN0011,12.0,,,
SRN0012,4.0,,,
SRN0013,121.0,,,
SRN0014,12.0,,,
SRN0015,4.0,,,
SRN0016,18.0,,,
SRN0017,17.0,,,
SRN0018,0.0,,,
SRN0019,1.0,,,
SRN0020,60.0,,,
SRN0021,50.0,,,
SRN0022,141.0,,,
SRN0023,3.0,,,
SRN0024,36.0,,,
SRN0025,17.0,,,
SRN0026,69.0,,,
SRN0027,4.0,,,
SRN0028,51.0,,,
SRN0029,107.0,,,
SRN0030,61.0,,,
SRN0031,0.0,,,
SRN0032,18.0,,,
SRN0033,45.0,,,
SRN0034,25.0,,,
SRN0035,0.0,,,
SRN0036,11.0,,,
SRN0037,23.0,,,
SRN0038,98.0,,,
SRN0039,19.0,,,
SRN0041,91.0,,,
SRN0042,38.0,,,
SRN0043,1.0,,,
SRN0044,154.0,,,
SRN0045,63.0,,,
SRN0046,18.0,,,
SRN0047,1.0,,,
SRN0048,119.0,,,
SRN0049,1.0,,,
SRN0050,0.0,,,
SRN0051,6.0,,,
SRN0052,60.0,,,
SRN0053,35.0,,,
SRN0054,9.0,,,
SRN0055,19.0,,,
SRN0056,17.0,,,
SRN0057,18.0,,,
SRN0058,22.0,,,
SRN0059,4.0,,,
SRN0060,53.0,,,
SRN0061,19.0,,,
SRN0062,41.0,,,
SRN0063,23.0,,,
SRN0064,59.0,,,
SRN0065,164.0,,,
SRN0066,27.0,,,
SRN0067,41.0,,,
SRN0068,40.0,,,
SRN0069,73.0,,,
SRN0070,0.0,,,
SRN0071,0.0,,,
SRN0072,81.0,,,
SRN0073,7.0,,,
SRN0074,0.0,,,
SRN0075,3.0,,,
SRN0076,8.0,,,
SRN0077,13.0,,,
SRN0078,3.0,,,
SRN0079,8.0,,,
SRN0080,30.0,,,
SRN0081,38.0,,,
SRN0082,37.0,,,
SRN0083,105.0,,,
SRN0084,0.0,,,
SRN0085,15.0,,,
SRN0086,56.0,,,
SRN0087,0.0,,,
SRN0089,13.0,,,
SRN0090,7.0,,,
SRN0091,7.0,,,
SRN0092,63.0,,,
SRN0093,14.0,,,
SRN0094,0.0,,,
SRN0095,9.0,,,
SRN0096,1.0,,,
SRN0097,26.0,,,
SRN0098,96.0,,,
SRN0099,0.0,,,
SRN0100,19.0,,,
SRN0101,12.0,,,
SRN0102,0.0,,,
SRN0103,25.0,,,
SRN0104,3.0,,,
SRN0105,0.0,,,
SRN0106,27.0,,,
SRN0107,130.0,,,
SRN0108,45.0,,,
SRN0109,56.0,,,
SRN0110,0.0,,,
SRN0111,0.0,,,
SRN0113,2.0,,,
SRN0114,30.0,,,
SRN0115,0.0,,,
SRN0116,23.0,,,
SRN0117,8.0,,,
SRN0118,85.0,,,
SRN0119,2.0,,,
SRN0120,127.0,,,
SRN0121,37.0,,,
SRN0122,0.0,,,
SRN0123,126.0,,,
SRN0124,19.0,,,
SRN0125,5.0,,,
SRN0126,128.0,,,
SRN0127,99.0,,,
SRN0128,5.0,,,
SRN0129,125.0,,,
SRN0130,5.0,,,
SRN0131,6.0,,,
SRN0132,75.0,,,
SRN0133,67.0,,,
SRN0134,8.0,,,
SRN0135,5.0,,,
SRN0136,15.0,,,
SRN0137,7.0,,,
SRN0138,0.0,,,
SRN0139,1.0,,,
SRN0140,10.0,,,
SRN0141,15.0,,,
SRN0142,5.0,,,
SRN0143,81.0,,,
SRN0144,72.0,,,
SRN0145,0.0,,,
SRN0146,8.0,,,
SRN0147,51.0,,,
SRN0148,8.0,,,
SRN0149,0.0,,,
SRN0150,11.0,,,
SRN0151,0.0,,,
SRN0152,10.0,,,
SRN0153,10.0,,,
SRN0154,12.0,,,
SRN0155,25.0,,,
SRN0156,2.0,,,
SRN0157,0.0,,,
SRN0158,0.0,,,
SRN0159,44.0,,,
SRN0160,43.0,,,
SRN0161,6.0,,,
SRN0162,59.0,,,
SRN0163,151.0,,,
SRN0164,76.0,,,
SRN0165,71.0,,,
SRN0166,28.0,,,
SRN0167,9.0,,,
SRN0168,18.0,,,
SRN0169,32.0,,,
SRN0170,10.0,,,
SRN0171,0.0,,,
SRN0172,0.0,,,
SRN0173,7.0,,,
SRN0174,27.0,,,
SRN0175,66.0,,,
SRN0176,23.0,,,
SRN0177,5.0,,,
SRN0178,42.0,,,
SRN0179,90.0,,,
SRN0181,0.0,,,
SRN0182,0.0,,,
SRN0183,5.0,,,
SRN0185,1.0,,,
SRN0186,21.0,,,
SRN0187,12.0,,,
SRN0188,37.0,,,
SRN0189,23.0,,,
SRN0190,18.0,,,
SRN0191,0.0,,,
SRN0192,47.0,,,
SRN0193,0.0,,,
SRN0194,26.0,,,
SRN0195,3.0,,,
SRN0196,0.0,,,
SRN0197,17.0,,,
SRN0198,67.0,,,
SRN0199,31.0,,,
SRN0200,5.0,,,
SRN0201,1.0,,,
SRN0202,68.0,,,
SRN0203,2.0,,,
SRN0204,70.0,,,
SRN0205,3.0,,,
SRN0206,15.0,,,
SRN0207,90.0,,,
SRN0208,36.0,,,
SRN0209,42.0,,,
SRN0210,20.0,,,
SRN0211,5.0,,,
SRN0212,42.0,,,
SRN0213,85.0,,,
SRN0214,5.0,,,
SRN0215,4.0,,,
SRN0216,44.0,,,
SRN0217,14.0,,,
SRN0218,1.0,,,
SRN0219,9.0,,,
SRN0220,0.0,,,
SRN0221,9.0,,,
SRN0222,5.0,,,
SRN0223,90.0,,,
SRN0224,0.0,,,
SRN0225,0.0,,,
SRN0226,0.0,,,
SRN0227,34.0,,,
SRN0228,4.0,,,
SRN0229,151.0,,,
SRN0230,1.0,,,
SRN0231,77.0,,,
SRN0232,10.0,,,
SRN0233,108.0,,,
SRN0234,37.0,,,
SRN0235,4.0,,,
SRN0236,11.0,,,
SRN0237,17.0,,,
SRN0238,0.0,,,
SRN0239,81.0,,,
SRN0240,0.0,,,
SRN0241,1.0,,,
SRN0242,35.0,,,
SRN0243,10.0,,,
SRN0244,36.0,,,
SRN0245,66.0,,,
SRN0246,17.0,,,
SRN0247,4.0,,,
SRN0248,7.0,,,
SRN0249,0.0,,,
SRN0250,52.0,,,
SRN0251,101.0,,,
SRN0252,0.0,,,
SRN0253,7.0,,,
SRN0254,2.0,,,
SRN0255,5.0,,,
SRN0256,26.0,,,
SRN0257,12.0,,,
SRN0258,40.0,,,
SRN0259,75.0,,,
SRN0260,33.0,,,
SRN0261,10.0,,,
SRN0262,76.0,,,
SRN0263,0.0,,,
SRN0264,52.0,,,
SRN0265,21.0,,,
SRN0266,4.0,,,
SRN0267,5.0,,,
SRN0268,0.0,,,
SRN0269,0.0,,,
SRN0270,11.0,,,
SRN0271,6.0,,,
SRN0272,35.0,,,
SRN0273,117.0,,,
SRN0274,76.0,,,
SRN0275,50.0,,,
SRN0276,41.0,,,
SRN0277,8.0,,,
SRN0278,77.0,,,
SRN0279,12.0,,,
SRN0280,76.0,,,
SRN0281,32.0,,,
SRN0282,4.0,,,
SRN0283,88.0,,,
SRN0285,22.0,,,
SRN0286,2.0,,,
SRN0287,49.0,,,
SRN0288,26.0,,,
SRN0289,12.0,,,
SRN0290,8.0,,,
SRN0291,38.0,,,
SRN0292,23.0,,,
SRN0293,4.0,,,
SRN0294,0.0,,,
SRN0295,109.0,,,
SRN0296,99.0,,,
SRN0297,2.0,,,
SRN0298,54.0,,,
SRN0299,2.0,,,
SRN0300,0.0,,,
SRN0301,1.0,,,
SRN0302,1.0,,,
SRN0303,0.0,,,
SRN0304,90.0,,,
SRN0305,32.0,,,
SRN0306,22.0,,,
SRN0307,66.0,,,
SRN0308,57.0,,,
SRN0309,24.0,,,
SRN0310,3.0,,,
SRN0311,12.0,,,
SRN0312,0.0,,,
SRN0313,105.0,,,
SRN0314,57.0,,,
SRN0315,8.0,,,
SRN0317,87.0,,,
SRN0318,16.0,,,
SRN0319,0.0,,,
SRN0320,4.0,,,
SRN0321,24.0,,,
SRN0322,34.0,,,
SRN0323,32.0,,,
SRN0324,23.0,,,
SRN0325,21.0,,,
SRN0326,40.0,,,
SRN0327,13.0,,,
SRN0328,27.0,,,
SRN0329,59.0,,,
SRN0330,0.0,,,
SRN0331,4.0,,,
SRN0332,36.0,,,
SRN0333,0.0,,,
SRN0334,56.0,,,
SRN0335,0.0,,,
SRN0336,2.0,,,
SRN0337,30.0,,,
SRN0338,0.0,,,
SRN0339,10.0,,,
SRN0340,17.0,,,
SRN0341,23.0,,,
SRN0342,89.0,,,
SRN0343,6.0,,,
SRN0344,0.0,,,
SRN0345,34.0,,,
SRN0346,42.0,,,
SRN0347,0.0,,,
SRN0348,17.0,,,
SRN0349,9.0,,,
SRN0350,0.0,,,
SRN0351,2.0,,,
SRN0352,46.0,,,
SRN0353,0.0,,,
SRN0354,66.0,,,
SRN0355,12.0,,,
SRN0356,5.0,,,
SRN0357,7.0,,,
SRN0358,8.0,,,
SRN0359,0.0,,,
SRN0360,0.0,,,
SRN0361,0.0,,,
SRN0362,18.0,,,
SRN0363,0.0,,,
SRN0364,90.0,,,
SRN0365,35.0,,,
SRN0366,75.0,,,
SRN0367,76.0,,,
SRN0368,40.0,,,
SRN0369,1.0,,,
SRN0370,140.0,,,
SRN0371,14.0,,,
SRN0372,243.0,,,
SRN0373,67.0,,,
SRN0374,9.0,,,
SRN0375,2.0,,,
SRN0376,103.0,,,
SRN0377,65.0,,,
SRN0378,0.0,,,
SRN0379,2.0,,,
SRN0380,10.0,,,
SRN0381,0.0,,,
SRN0382,46.0,,,
SRN0383,77.0,,,
SRN0384,61.0,,,
SRN0385,1.0,,,
SRN0386,0.0,,,
SRN0387,47.0,,,
SRN0388,165.0,,,
SRN0389,82.0,,,
SRN0390,49.0,,,
SRN0391,50.0,,,
SRN0392,0.0,,,
SRN0393,16.0,,,
SRN0394,65.0,,,
SRN0395,92.0,,,
SRN0396,48.0,,,
SRN0397,139.0,,,
SRN0398,87.0,,,
SRN0399,0.0,,,
SRN0402,7.0,,,
SRN0403,97.0,,,
SRN0405,59.0,,,
SRN0406,92.0,,,
SRN0407,19.0,,,
SRN0408,42.0,,,
SRN0409,1.0,,,
SRN0410,1.0,,,
SRN0411,1.0,,,
SRN0412,0.0,,,
SRN0413,31.0,,,
SRN0414,17.0,,,
SRN0415,53.0,,,
SRN0416,0.0,,,
SRN0417,64.0,,,
SRN0418,1.0,,,
SRN0419,41.0,,,
SRN0420,0.0,,,
SRN0421,21.0,,,
SRN0422,64.0,,,
SRN0423,20.0,,,
SRN0424,17.0,,,
SRN0425,4.0,,,
SRN0426,29.0,,,
SRN0427,2.0,,,
SRN0428,35.0,,,
SRN0429,58.0,,,
SRN0430,21.0,,,
SRN0431,0.0,,,
SRN0432,85.0,,,
SRN0433,21.0,,,
SRN0434,1.0,,,
SRN0435,58.0,,,
SRN0436,71.0,,,
SRN0437,27.0,,,
SRN0438,24.0,,,
SRN0439,23.0,,,
SRN0440,55.0,,,
SRN0441,104.0,,,
SRN0442,8.0,,,
SRN0443,0.0,,,
SRN0444,21.0,,,
SRN0445,1.0,,,
SRN0446,1.0,,,
SRN0447,62.0,,,
SRN0448,0.0,,,
SRN0449,4.0,,,
SRN0450,30.0,,,
SRN0451,34.0,,,
SRN0452,2.0,,,
SRN0453,3.0,,,
SRN0454,15.0,,,
SRN0455,17.0,,,
SRN0456,16.0,,,
SRN0457,0.0,,,
SRN0458,239.0,,,
SRN0459,0.0,,,
SRN0460,21.0,,,
SRN0461,77.0,,,
SRN0462,10.0,,,
SRN0463,57.0,,,
SRN0464,1.0,,,
SRN0465,27.0,,,
SRN0466,16.0,,,
SRN0467,10.0,,,
SRN0468,1.0,,,
SRN0469,70.0,,,
SRN0470,30.0,,,
SRN0471,5.0,,,
SRN0472,14.0,,,
SRN0473,77.0,,,
SRN0474,286.0,,,
SRN0475,4.0,,,
SRN0476,32.0,,,
SRN0477,0.0,,,
SRN0478,0.0,,,
SRN0479,2.0,,,
SRN0480,0.0,,,
SRN0481,164.0,,,
SRN0482,5.0,,,
SRN0483,124.0,,,
SRN0484,9.0,,,
SRN0485,18.0,,,
SRN0486,6.0,,,
SRN0487,83.0,,,
SRN0488,1.0,,,
SRN0489,64.0,,,
SRN0490,2.0,,,
SRN0491,1.0,,,
SRN0492,16.0,,,
SRN0493,0.0,,,
SRN0494,0.0,,,
SRN0495,8.0,,,
SRN0496,2.0,,,
SRN0497,19.0,,,
SRN0498,1.0,,,
SRN0499,11.0,,,
SRN0500,1.0,,,
SRN0501,28.0,,,
SRN0502,22.0,,,
SRN0503,34.0,,,
SRN0504,146.0,,,
SRN0505,14.0,,,
SRN0506,0.0,,,
SRN0507,82.0,,,
SRN0508,21.0,,,
SRN0509,9.0,,,
SRN0510,32.0,,,
SRN0511,10.0,,,
SRN0512,109.0,,,
SRN0513,4.0,,,
SRN0514,85.0,,,
SRN0515,57.0,,,
SRN0516,68.0,,,
SRN0517,23.0,,,
SRN0518,11.0,,,
SRN0519,0.0,,,
SRN0520,3.0,,,
SRN0521,31.0,,,
SRN0522,42.0,,,
SRN0523,9.0,,,
SRN0524,54.0,,,
SRN0525,23.0,,,
SRN0526,2.0,,,
SRN0527,121.0,,,
SRN0528,1.0,,,
SRN0529,1.0,,,
SRN0530,50.0,,,
SRN0531,3.0,,,
SRN0532,1.0,,,
SRN0533,65.0,,,
SRN0534,0.0,,,
SRN0535,43.0,,,
SRN0536,0.0,,,
SRN0537,0.0,,,
SRN0538,37.0,,,
SRN0539,0.0,,,
SRN0540,137.0,,,
SRN0541,0.0,,,
SRN0542,8.0,,,
SRN0543,31.0,,,
SRN0544,25.0,,,
SRN0545,8.0,,,
SRN0546,29.0,,,
SRN0547,1.0,,,
SRN0548,0.0,,,
SRN0550,46.0,,,
SRN0551,2.0,,,
SRN0552,1.0,,,
SRN0553,10.0,,,
SRN0554,3.0,,,
SRN0555,134.0,,,
SRN0556,58.0,,,
SRN0557,74.0,,,
SRN0558,8.0,,,
SRN0559,4.0,,,
SRN0560,42.0,,,
SRN0561,9.0,,,
SRN0562,25.0,,,
SRN0563,1.0,,,
SRN0564,50.0,,,
SRN0565,1.0,,,
SRN0566,22.0,,,
SRN0567,94.0,,,
SRN0568,2.0,,,
SRN0569,0.0,,,
SRN0570,49.0,,,
SRN0571,33.0,,,
SRN0572,127.0,,,
SRN0573,13.0,,,
SRN0574,20.0,,,
SRN0575,8.0,,,
SRN0576,82.0,,,
SRN0577,0.0,,,
SRN0578,2.0,,,
SRN0579,0.0,,,
SRN0580,1.0,,,
SRN0581,105.0,,,
SRN0582,23.0,,,
SRN0583,2.0,,,
SRN0584,4.0,,,
SRN0585,58.0,,,
SRN0586,43.0,,,
SRN0587,21.0,,,
SRN0588,13.0,,,
SRN0589,88.0,,,
SRN0590,2.0,,,
SRN0591,7.0,,,
SRN0592,138.0,,,
SRN0593,30.0,,,
SRN0594,38.0,,,
SRN0595,4.0,,,
SRN0596,35.0,,,
SRN0597,4.0,,,
SRN0598,15.0,,,
SRN0599,6.0,,,
SRN0600,57.0,,,
SRN0601,0.0,,,
SRN0602,0.0,,,
SRN0603,0.0,,,
SRN0604,0.0,,,
SRN0605,0.0,,,
SRN0606,2.0,,,
SRN0607,16.0,,,
SRN0608,101.0,,,
SRN0609,2.0,,,
SRN0610,34.0,,,
SRN0611,10.0,,,
SRN0612,25.0,,,
SRN0613,2.0,,,
SRN0614,42.0,,,
SRN0615,112.0,,,
SRN0616,31.0,,,
SRN0617,11.0,,,
SRN0618,49.0,,,
SRN0619,37.0,,,
SRN0620,19.0,,,
SRN0621,0.0,,,
SRN0622,13.0,,,
SRN0623,29.0,,,
SRN0624,14.0,,,
SRN0625,1.0,,,
SRN0626,30.0,,,
SRN0627,2.0,,,
SRN0628,0.0,,,
SRN0629,23.0,,,
SRN0631,1.0,,,
SRN0632,29.0,,,
SRN0633,69.0,,,
SRN0634,38.0,,,
SRN0635,6.0,,,
SRN0636,40.0,,,
SRN0637,1.0,,,
SRN0638,1.0,,,
SRN0639,6.0,,,
SRN0640,33.0,,,
SRN0641,109.0,,,
SRN0642,49.0,,,
SRN0643,20.0,,,
SRN0645,37.0,,,
SRN0646,63.0,,,
SRN0647,86.0,,,
SRN0648,68.0,,,
SRN0649,42.0,,,
SRN0650,0.0,,,
SRN0651,38.0,,,
SRN0652,1.0,,,
SRN0653,8.0,,,
SRN0654,67.0,,,
SRN0655,54.0,,,
SRN0656,29.0,,,
SRN0657,4.0,,,
SRN0658,0.0,,,
SRN0659,21.0,,,
SRN0660,0.0,,,
SRN0661,0.0,,,
SRN0662,52.0,,,
SRN0663,11.0,,,
SRN0664,3.0,,,
SRN0665,91.0,,,
SRN0666,63.0,,,
SRN0667,59.0,,,
SRN0668,45.0,,,
SRN0669,73.0,,,
SRN0670,55.0,,,
SRN0671,0.0,,,
SRN0672,96.0,,,
SRN0673,41.0,,,
SRN0674,109.0,,,
SRN0676,1.0,,,
SRN0677,20.0,,,
SRN0678,35.0,,,
SRN0679,51.0,,,
SRN0680,30.0,,,
SRN0681,1.0,,,
SRN0682,47.0,,,
SRN0683,0.0,,,
SRN0684,2.0,,,
SRN0685,0.0,,,
SRN0686,3.0,,,
SRN0687,109.0,,,
SRN0688,1.0,,,
SRN0689,3.0,,,
SRN0690,27.0,,,
SRN0691,1.0,,,
SRN0692,15.0,,,
SRN0693,0.0,,,
SRN0694,1.0,,,
SRN0695,0.0,,,
SRN0696,82.0,,,
SRN0697,4.0,,,
SRN0698,93.0,,,
SRN0699,31.0,,,
SRN0700,0.0,,,
SRN0701,7.0,,,
SRN0702,0.0,,,
SRN0703,4.0,,,
SRN0704,16.0,,,
SRN0705,73.0,,,
SRN0706,71.0,,,
SRN0708,7.0,,,
SRN0709,9.0,,,
SRN0710,0.0,,,
SRN0711,60.0,,,
SRN0712,55.0,,,
SRN0713,61.0,,,
SRN0714,3.0,,,
SRN0715,58.0,,,
SRN0716,3.0,,,
SRN0717,127.0,,,
SRN0718,26.0,,,
SRN0719,18.0,,,
SRN0720,12.0,,,
SRN0721,34.0,,,
SRN0722,52.0,,,
SRN0723,57.0,,,
SRN0724,0.0,,,
SRN0725,0.0,,,
SRN0726,0.0,,,
SRN0727,5.0,,,
SRN0728,1.0,,,
SRN0729,0.0,,,
SRN0730,111.0,,,
SRN0731,3.0,,,
SRN0732,3.0,,,
SRN0733,145.0,,,
SRN0734,120.0,,,
SRN0735,5.0,,,
SRN0736,3.0,,,
SRN0737,61.0,,,
SRN0738,49.0,,,
SRN0739,10.0,,,
SRN0740,0.0,,,
SRN0741,12.0,,,
SRN0742,0.0,,,
SRN0743,15.0,,,
SRN0744,78.0,,,
SRN0745,35.0,,,
SRN0746,0.0,,,
SRN0747,7.0,,,
SRN0748,2.0,,,
SRN0749,0.0,,,
SRN0750,2.0,,,
SRN0751,35.0,,,
SRN0752,28.0,,,
SRN0753,0.0,,,
SRN0754,59.0,,,
SRN0755,17.0,,,
SRN0756,0.0,,,
SRN0757,22.0,,,
SRN0758,44.0,,,
SRN0759,47.0,,,
SRN0760,71.0,,,
SRN0761,10.0,,,
SRN0762,84.0,,,
SRN0763,13.0,,,
SRN0764,19.0,,,
SRN0765,2.0,,,
SRN0766,36.0,,,
SRN0767,87.0,,,
SRN0768,62.0,,,
SRN0769,6.0,,,
SRN0770,90.0,,,
SRN0771,95.0,,,
SRN0772,83.0,,,
SRN0773,9.0,,,
SRN0774,83.0,,,
SRN0775,14.0,,,
SRN0776,1.0,,,
SRN0777,1.0,,,
SRN0778,7.0,,,
SRN0779,93.0,,,
SRN0780,111.0,,,
SRN0781,48.0,,,
SRN0782,5.0,,,
SRN0784,1.0,,,
SRN0785,44.0,,,
SRN0786,27.0,,,
SRN0787,94.0,,,
SRN0788,20.0,,,
SRN0789,0.0,,,
SRN0790,18.0,,,
SRN0791,37.0,,,
SRN0792,12.0,,,
SRN0793,0.0,,,
SRN0794,0.0,,,
SRN0795,30.0,,,
SRN0796,0.0,,,
SRN0797,4.0,,,
SRN0798,3.0,,,
SRN0799,95.0,,,
SRN0800,2.0,,,
SRN0801,54.0,,,
SRN0802,23.0,,,
SRN0803,142.0,,,
SRN0804,14.0,,,
SRN0805,77.0,,,
SRN0806,13.0,,,
SRN0807,25.0,,,
SRN0808,41.0,,,
SRN0809,90.0,,,
SRN0810,5.0,,,
SRN0811,0.0,,,
SRN0812,0.0,,,
SRN0813,36.0,,,
SRN0814,3.0,,,
SRN0815,16.0,,,
SRN0816,46.0,,,
SRN0817,33.0,,,
SRN0818,10.0,,,
SRN0819,18.0,,,
SRN0820,1.0,,,
SRN0821,8.0,,,
SRN0822,18.0,,,
SRN0823,96.0,,,
SRN0825,2.0,,,
SRN0826,64.0,,,
SRN0827,22.0,,,
SRN0828,43.0,,,
SRN0829,61.0,,,
SRN0830,62.0,,,
SRN0831,9.0,,,
SRN0832,79.0,,,
SRN0833,25.0,,,
SRN0834,32.0,,,
SRN0835,41.0,,,
SRN0836,57.0,,,
SRN0837,89.0,,,
SRN0838,0.0,,,
SRN0839,0.0,,,
SRN0840,118.0,,,
SRN0841,11.0,,,
SRN0843,77.0,,,
SRN0844,22.0,,,
SRN0845,1.0,,,
SRN0846,0.0,,,
SRN0847,25.0,,,
SRN0848,28.0,,,
SRN0849,32.0,,,
SRN0850,5.0,,,
SRN0851,39.0,,,
SRN0852,53.0,,,
SRN0853,76.0,,,
SRN0854,14.0,,,
SRN0855,0.0,,,
SRN0856,2.0,,,
SRN0857,21.0,,,
SRN0858,0.0,,,
SRN0859,20.0,,,
SRN0860,9.0,,,
SRN0861,4.0,,,
SRN0862,18.0,,,
SRN0863,23.0,,,
SRN0864,2.0,,,
SRN0865,27.0,,,
SRN0866,25.0,,,
SRN0867,53.0,,,
SRN0868,61.0,,,
SRN0869,2.0,,,
SRN0870,7.0,,,
SRN0871,19.0,,,
SRN0872,4.0,,,
SRN0873,0.0,,,
SRN0874,74.0,,,
SRN0875,6.0,,,
SRN0876,58.0,,,
SRN0877,57.0,,,
SRN0878,4.0,,,
SRN0879,28.0,,,
SRN0880,0.0,,,
SRN0881,0.0,,,
SRN0882,12.0,,,
SRN0883,38.0,,,
SRN0884,2.0,,,
SRN0885,65.0,,,
SRN0886,8.0,,,
SRN0887,6.0,,,
SRN0888,30.0,,,
SRN0889,8.0,,,
SRN0890,71.0,,,
SRN0891,91.0,,,
SRN0892,31.0,,,
SRN0893,28.0,,,
SRN0894,20.0,,,
SRN0895,28.0,,,
SRN0896,24.0,,,
SRN0897,86.0,,,
SRN0898,36.0,,,
SRN0899,2.0,,,
SRN0900,1.0,,,
SRN0901,0.0,,,
SRN0902,10.0,,,
SRN0903,7.0,,,
SRN0904,1.0,,,
SRN0905,1.0,,,
SRN0906,0.0,,,
SRN0907,0.0,,,
SRN0908,0.0,,,
SRN0909,86.0,,,
SRN0910,17.0,,,
SRN0911,1.0,,,
SRN0912,0.0,,,
SRN0913,0.0,,,
SRN0914,4.0,,,
SRN0915,0.0,,,
SRN0916,4.0,,,
SRN0917,48.0,,,
SRN0918,97.0,,,
SRN0919,1.0,,,
SRN0920,15.0,,,
SRN0921,23.0,,,
SRN0922,76.0,,,
SRN0923,0.0,,,
SRN0924,1.0,,,
SRN0925,4.0,,,
SRN0926,2.0,,,
SRN0927,0.0,,,
SRN0928,24.0,,,
SRN0929,43.0,,,
SRN0930,105.0,,,
SRN0931,135.0,,,
SRN0932,194.0,,,
SRN0933,49.0,,,
SRN0934,0.0,,,
SRN0935,4.0,,,
SRN0936,2.0,,,
SRN0937,28.0,,,
SRN0938,117.0,,,
SRN0941,34.0,,,
SRN0942,21.0,,,
SRN0943,23.0,,,
SRN0944,0.0,,,
SRN0945,3.0,,,
SRN0946,6.0,,,
SRN0947,6.0,,,
SRN0948,12.0,,,
SRN0949,118.0,,,
SRN0950,15.0,,,
SRN0951,10.0,,,
SRN0952,1.0,,,
SRN0953,29.0,,,
SRN0955,75.0,,,
SRN0956,71.0,,,
SRN0957,15.0,,,
SRN0958,16.0,,,
SRN0959,21.0,,,
SRN0960,17.0,,,
SRN0961,2.0,,,
SRN0962,39.0,,,
SRN0963,99.0,,,
SRN0964,44.0,,,
SRN0965,54.0,,,
SRN0966,15.0,,,
SRN0967,54.0,,,
SRN0968,5.0,,,
SRN0969,26.0,,,
SRN0970,19.0,,,
SRN0971,96.0,,,
SRN0972,0.0,,,
SRN0973,54.0,,,
SRN0974,27.0,,,
SRN0975,48.0,,,
SRN0977,64.0,,,
SRN0978,11.0,,,
SRN0979,12.0,,,
SRN0980,6.0,,,
SRN0981,118.0,,,
SRN0982,0.0,,,
SRN0984,0.0,,,
SRN0985,4.0,,,
SVE0001,28.0,,,
SVE0002,4.0,,,
SVE0003,0.0,,,
SVE0004,3.0,,,
SVE0005,28.0,,,
SVE0006,24.0,,,
SVE0007,79.0,,,
SVE0008,37.0,,,
SVE0009,1.0,,,
SVE0010,16.0,,,
SVE0011,15.0,,,
SVE0012,2.0,,,
SVE0013,66.0,,,
SVE0014,15.0,,,
SVE0015,17.0,,,
SVE0016,23.0,,,
SVE0017,64.0,,,
SVE0018,3.0,,,
SVE0019,4.0,,,
SVE0020,3.0,,,
SVE0021,76.0,,,
SVE0022,15.0,,,
SVE0023,18.0,,,
SVE0024,2.0,,,
SVE0025,37.0,,,
SVE0026,105.0,,,
SVE0027,23.0,,,
SVE0028,21.0,,,
SVE0029,4.0,,,
SVE0030,1.0,,,
SVE0031,59.0,,,
SVE0032,87.0,,,
SVE0033,3.0,,,
SVE0034,5.0,,,
SVE0035,43.0,,,
SVE0036,157.0,,,
SVE0037,4.0,,,
SVE0038,50.0,,,
SVE0039,44.0,,,
SVE0040,64.0,,,
SVE0041,43.0,,,
SVE0042,26.0,,,
SVE0043,57.0,,,
SVE0044,15.0,,,
SVE0045,35.0,,,
SVE0046,78.0,,,
SVE0047,11.0,,,
SVE0048,4.0,,,
SVE0049,20.0,,,
SVE0050,34.0,,,
SVE0051,7.0,,,
SVE0052,23.0,,,
SVE0053,40.0,,,
SVE0054,20.0,,,
SVE0055,18.0,,,
SVE0056,22.0,,,
SVE0057,30.0,,,
SVE0058,14.0,,,
SVE0059,16.0,,,
SVE0060,34.0,,,
SVE0061,0.0,,,
SVE0062,83.0,,,
SVE0063,84.0,,,
SVE0064,1.0,,,
SVE0065,17.0,,,
SVE0066,122.0,,,
SVE0067,7.0,,,
SVE0068,7.0,,,
SVE0069,15.0,,,
SVE0070,0.0,,,
SVE0071,130.0,,,
SVE0072,11.0,,,
SVE0073,20.0,,,
SVE0074,4.0,,,
SVE0075,8.0,,,
SVE0076,7.0,,,
SVE0077,1.0,,,
SVE0078,0.0,,,
SVE0079,2.0,,,
SVE0080,2.0,,,
SVE0081,84.0,,,
SVE0082,4.0,,,
SVE0083,1.0,,,
SVE0084,3.0,,,
SVE0085,7.0,,,
SVE0086,2.0,,,
SVE0087,4.0,,,
SVE0088,8.0,,,
SVE0089,12.0,,,
SVE0090,1.0,,,
SVE0091,1.0,,,
SVE0092,1.0,,,
SVE0093,48.0,,,
SVE0094,20.0,,,
SVE0095,35.0,,,
SVE0096,37.0,,,
SVE0097,86.0,,,
SVE0098,1.0,,,
SVE0099,5.0,,,
SVE0100,8.0,,,
SVE0101,2.0,,,
SVE0102,74.0,,,
SVE0103,4.0,,,
SVE0104,4.0,,,
SVE0105,4.0,,,
SVE0106,0.0,,,
SVE0107,2.0,,,
SVE0108,3.0,,,
SVE0109,4.0,,,
SVE0110,1.0,,,
SVE0111,18.0,,,
SVE0112,1.0,,,
SVE0113,0.0,,,
SVE0114,0.0,,,
SVE0115,0.0,,,
SVE0116,28.0,,,
SVE0117,5.0,,,
SVE0118,12.0,,,
SVE0119,7.0,,,
SVE0120,6.0,,,
SVE0121,48.0,,,
SVE0122,7.0,,,
SVE0123,52.0,,,
SVE0124,68.0,,,
SVE0125,10.0,,,
SVE0126,40.0,,,
SVE0127,3.0,,,
SVE0128,14.0,,,
SVE0129,4.0,,,
SVE0130,21.0,,,
SVE0131,2.0,,,
SVE0132,15.0,,,
SVE0133,6.0,,,
SVE0134,23.0,,,
SVE0135,64.0,,,
SVE0136,13.0,,,
SVE0137,5.0,,,
SVE0138,5.0,,,
SVE0139,27.0,,,
SVE0140,22.0,,,
SVE0141,97.0,,,
SVE0142,12.0,,,
SVE0143,16.0,,,
SVE0144,81.0,,,
SVE0145,32.0,,,
SVE0146,18.0,,,
SVE0147,2.0,,,
SVE0148,28.0,,,
SVE0149,0.0,,,
SVE0150,20.0,,,
SVE0151,12.0,,,
SVE0152,0.0,,,
SVE0153,3.0,,,
SVE0154,0.0,,,
SVE0155,0.0,,,
SVE0156,0.0,,,
SVE0157,0.0,,,
SVE0158,0.0,,,
SVE0160,53.0,,,
SVE0161,23.0,,,
SVE0162,46.0,,,
SVE0163,102.0,,,
SVE0165,21.0,,,
SVE0166,29.0,,,
SVE0167,53.0,,,
SVE0168,3.0,,,
SVE0169,11.0,,,
SVE0170,61.0,,,
SVE0171,88.0,,,
SVE0172,1.0,,,
SVE0173,105.0,,,
SVE0174,0.0,,,
SVE0175,17.0,,,
SVE0176,5.0,,,
SVE0177,106.0,,,
SVE0178,8.0,,,
SVE0179,5.0,,,
SVE0180,3.0,,,
SVE0181,7.0,,,
SVE0182,0.0,,,
SVE0183,11.0,,,
SVE0185,9.0,,,
SVE0186,23.0,,,
SVE0187,11.0,,,
SVE0188,0.0,,,
SVE0189,5.0,,,
SVE0190,24.0,,,
SVE0191,3.0,,,
SVE0192,10.0,,,
SVE0193,32.0,,,
SVE0194,9.0,,,
SVE0195,81.0,,,
SVE0196,19.0,,,
SVE0197,2.0,,,
SVE0198,0.0,,,
SVE0199,4.0,,,
SVE0200,26.0,,,
SVE0201,25.0,,,
SVE0202,47.0,,,
SVE0203,36.0,,,
SVE0204,33.0,,,
SVE0205,85.0,,,
SVE0206,34.0,,,
SVE0207,69.0,,,
SVE0208,5.0,,,
SVE0209,50.0,,,
SVE0210,57.0,,,
SVE0211,22.0,,,
SVE0212,12.0,,,
SVE0213,27.0,,,
SVE0214,22.0,,,
SVE0215,42.0,,,
SVE0216,1.0,,,
SVE0217,73.0,,,
SVE0218,2.0,,,
SVE0219,2.0,,,
SVE0220,0.0,,,
SVE0221,4.0,,,
SVE0222,64.0,,,
SVE0223,7.0,,,
SVE0224,32.0,,,
SVE0225,15.0,,,
SVE0226,23.0,,,
SVE0227,33.0,,,
SVE0228,2.0,,,
SVE0229,1.0,,,
SVE0230,54.0,,,
SVE0231,19.0,,,
SVE0232,16.0,,,
SVE0233,53.0,,,
SVE0234,0.0,,,
SVE0235,1.0,,,
SVE0236,0.0,,,
SVE0237,27.0,,,
SVE0238,2.0,,,
SVE0239,16.0,,,
SVE0240,13.0,,,
SVE0241,21.0,,,
SVE0242,6.0,,,
SVE0243,1.0,,,
SVE0244,2.0,,,
SVE0245,11.0,,,
SVE0246,4.0,,,
SVE0247,44.0,,,
SVE0248,24.0,,,
SVE0249,23.0,,,
SVE0250,5.0,,,
SVE0251,83.0,,,
SVE0252,4.0,,,
SVE0253,9.0,,,
SVE0254,32.0,,,
SVE0256,7.0,,,
SVE0257,0.0,,,
SVE0258,50.0,,,
SVE0259,2.0,,,
SVE0260,28.0,,,
SVE0261,56.0,,,
SVE0262,0.0,,,
SVE0263,0.0,,,
SVE0264,2.0,,,
SVE0265,24.0,,,
SVE0266,7.0,,,
SVE0267,11.0,,,
SVE0268,6.0,,,
SVE0269,8.0,,,
SVE0270,0.0,,,
SVE0271,47.0,,,
SVE0272,0.0,,,
SVE0273,25.0,,,
SVE0274,53.0,,,
SVE0275,50.0,,,
SVE0276,177.0,,,
SVE0277,22.0,,,
SVE0278,1.0,,,
SVE0279,8.0,,,
SVE0280,2.0,,,
SVE0281,57.0,,,
SVE0282,0.0,,,
SVE0283,20.0,,,
SVE0284,29.0,,,
SVE0285,0.0,,,
SVE0286,28.0,,,
SVE0287,1.0,,,
SVE0288,3.0,,,
SVE0289,19.0,,,
SVE0290,23.0,,,
SVE0291,0.0,,,
SVE0292,2.0,,,
SVE0293,16.0,,,
SVE0294,0.0,,,
SVE0295,25.0,,,
SVE0296,9.0,,,
SVE0297,4.0,,,
SVE0298,0.0,,,
SVE0299,2.0,,,
SVE0300,40.0,,,
SVE0301,5.0,,,
SVE0302,54.0,,,
SVE0303,0.0,,,
SVE0304,31.0,,,
SVE0305,6.0,,,
SVE0306,54.0,,,
SVE0307,26.0,,,
SVE0308,30.0,,,
SVE0309,21.0,,,
SVE0310,52.0,,,
SVE0311,8.0,,,
SVE0312,2.0,,,
SVE0313,65.0,,,
SVE0314,0.0,,,
SVE0315,3.0,,,
SVE0316,20.0,,,
SVE0317,7.0,,,
SVE0318,15.0,,,
SVE0319,3.0,,,
SVE0320,28.0,,,
SVE0321,52.0,,,
SVE0322,108.0,,,
SVE0323,3.0,,,
SVE0324,1.0,,,
SVE0325,60.0,,,
SVE0326,0.0,,,
SVE0327,0.0,,,
SVE0328,0.0,,,
SVE0331,0.0,,,
SVE0332,19.0,,,
SVE0333,1.0,,,
SVE0334,3.0,,,
SVE0335,1.0,,,
SVE0336,48.0,,,
SVE0337,2.0,,,
SVE0338,3.0,,,
SVE0339,178.0,,,
SVE0340,4.0,,,
SVE0341,118.0,,,
SVE0342,17.0,,,
SVE0343,10.0,,,
SVE0344,1.0,,,
SVE0345,8.0,,,
SVE0346,107.0,,,
SVE0347,4.0,,,
SVE0348,12.0,,,
SVE0349,13.0,,,
SVE0350,4.0,,,
SVE0351,12.0,,,
SVE0352,33.0,,,
SVE0353,1.0,,,
SVE0354,3.0,,,
SVE0355,1.0,,,
SVE0356,5.0,,,
SVE0357,27.0,,,
SVE0358,50.0,,,
SVE0359,20.0,,,
SVE0360,12.0,,,
SVE0361,7.0,,,
SVE0362,2.0,,,
SVE0363,4.0,,,
SVE0364,0.0,,,
SVE0365,36.0,,,
SVE0366,50.0,,,
SVE0367,0.0,,,
SVE0368,51.0,,,
SVE0369,35.0,,,
SVE0370,71.0,,,
SVE0371,52.0,,,
SVE0372,7.0,,,
SVE0373,6.0,,,
SVE0374,1.0,,,
SVE0375,30.0,,,
SVE0376,10.0,,,
SVE0377,9.0,,,
SVE0378,20.0,,,
SVE0379,4.0,,,
SVE0380,4.0,,,
SVE0381,36.0,,,
SVE0382,88.0,,,
SVE0383,9.0,,,
SVE0384,0.0,,,
SVE0385,24.0,,,
SVE0386,10.0,,,
SVE0387,6.0,,,
SVE0388,9.0,,,
SVE0389,46.0,,,
SVE0390,33.0,,,
SVE0391,2.0,,,
SVE0392,14.0,,,
SVE0393,11.0,,,
SVE0394,4.0,,,
SVE0395,4.0,,,
SVE0396,0.0,,,
SVE0397,7.0,,,
SVE0398,10.0,,,
SVE0399,31.0,,,
SVE0400,60.0,,,
SVE0401,17.0,,,
SVE0402,7.0,,,
SVE0403,44.0,,,
SVE0404,57.0,,,
SVE0405,13.0,,,
SVE0406,24.0,,,
SVE0407,63.0,,,
SVE0408,40.0,,,
SVE0409,0.0,,,
SVE0410,2.0,,,
SVE0411,4.0,,,
SVE0412,0.0,,,
SVE0413,21.0,,,
SVE0414,1.0,,,
SVE0415,4.0,,,
SVE0416,0.0,,,
SVE0417,0.0,,,
SVE0419,0.0,,,
SVE0420,14.0,,,
SVE0421,82.0,,,
SVE0422,17.0,,,
SVE0423,0.0,,,
SVE0424,1.0,,,
SVE0425,33.0,,,
SVE0426,1.0,,,
SVE0427,19.0,,,
SVE0428,8.0,,,
SVE0429,32.0,,,
SVE0430,33.0,,,
SVE0431,34.0,,,
SVE0432,2.0,,,
SVE0433,1.0,,,
SVE0434,26.0,,,
SVE0435,9.0,,,
SVE0436,26.0,,,
SVE0437,75.0,,,
SVE0438,88.0,,,
SVE0439,27.0,,,
SVE0440,3.0,,,
SVE0441,10.0,,,
SVE0442,0.0,,,
SVE0443,4.0,,,
SVE0444,96.0,,,
SVE0445,139.0,,,
SVE0446,7.0,,,
SVE0447,140.0,,,
SVE0448,34.0,,,
SVE0449,27.0,,,
SVE0450,4.0,,,
SVE0451,5.0,,,
SVE0452,123.0,,,
SVE0453,20.0,,,
SVE0455,28.0,,,
SVE0456,65.0,,,
SVE0457,10.0,,,
SVE0458,62.0,,,
SVE0459,92.0,,,
SVE0460,68.0,,,
SVE0461,86.0,,,
SVE0462,3.0,,,
SVE0463,23.0,,,
SVE0464,0.0,,,
SVE0465,9.0,,,
SVE0466,4.0,,,
SVE0467,115.0,,,
SVE0468,1.0,,,
SVE0469,139.0,,,
SVE0470,125.0,,,
SVE0472,7.0,,,
SVE0473,21.0,,,
SVE0474,7.0,,,
SVE0475,11.0,,,
SVE0476,80.0,,,
SVE0477,34.0,,,
SVE0478,21.0,,,
SVE0479,8.0,,,
SVE0481,2.0,,,
SVE0482,73.0,,,
SVE0484,45.0,,,
SVE0485,28.0,,,
SVE0486,17.0,,,
SVE0487,2.0,,,
SVE0488,2.0,,,
SVE0489,14.0,,,
SVE0490,31.0,,,
SVE0491,7.0,,,
SVE0492,14.0,,,
SVE0493,10.0,,,
SVE0494,84.0,,,
SVE0495,118.0,,,
SVE0496,65.0,,,
SVE0497,15.0,,,
SVE0498,20.0,,,
SVE0499,23.0,,,
SVE0500,46.0,,,
SVE0501,22.0,,,
SVE0502,44.0,,,
SVE0503,50.0,,,
SVE0504,27.0,,,
SVE0505,0.0,,,
SVE0506,2.0,,,
SVE0507,8.0,,,
SVE0508,39.0,,,
SVE0509,10.0,,,
SVE0510,10.0,,,
SVE0512,0.0,,,
SVE0513,20.0,,,
SVE0514,2.0,,,
SVE0515,18.0,,,
SVE0516,36.0,,,
SVE0518,65.0,,,
SVE0519,37.0,,,
SVE0520,0.0,,,
SVE0521,57.0,,,
SVE0522,110.0,,,
SVE0523,3.0,,,
SVE0524,5.0,,,
SVE0525,11.0,,,
SVE0526,14.0,,,
SVE0527,18.0,,,
SVE0528,4.0,,,
SVE0529,8.0,,,
SVE0530,7.0,,,
SVE0532,4.0,,,
SVE0533,32.0,,,
SVE0534,85.0,,,
SVE0535,45.0,,,
SVE0536,7.0,,,
SVE0537,68.0,,,
SVE0538,67.0,,,
SVE0539,17.0,,,
SVE0540,25.0,,,
SVE0541,21.0,,,
SVE0542,0.0,,,
SVE0543,2.0,,,
SVE0544,2.0,,,
SVE0545,15.0,,,
SVE0546,16.0,,,
SVE0547,45.0,,,
SVE0548,20.0,,,
SVE0549,25.0,,,
SVE0550,9.0,,,
SVE0551,14.0,,,
SVE0552,20.0,,,
SVE0553,19.0,,,
SVE0554,0.0,,,
SVE0555,46.0,,,
SVE0556,10.0,,,
SVE0557,0.0,,,
SVE0558,0.0,,,
SVE0559,8.0,,,
SVE0560,0.0,,,
SVE0561,2.0,,,
SVE0562,3.0,,,
SVE0563,6.0,,,
SVE0564,5.0,,,
SVE0565,0.0,,,
SVE0566,0.0,,,
SVE0567,3.0,,,
SVE0568,2.0,,,
SVE0569,60.0,,,
SVE0570,1.0,,,
SVE0571,46.0,,,
SVE0572,26.0,,,
SVE0573,34.0,,,
SVE0574,56.0,,,
SVE0575,37.0,,,
SVE0576,13.0,,,
SVE0577,9.0,,,
SVE0578,17.0,,,
SVE0579,51.0,,,
SVE0580,18.0,,,
SVE0581,70.0,,,
SVE0582,160.0,,,
SVE0583,0.0,,,
SVE0584,55.0,,,
SVE0585,55.0,,,
SVE0587,102.0,,,
SVE0588,83.0,,,
SVE0589,177.0,,,
SVE0590,10.0,,,
SVE0591,1.0,,,
SVE0592,64.0,,,
SVE0593,17.0,,,
SVE0594,114.0,,,
SVE0595,205.0,,,
SVE0596,53.0,,,
SVE0598,8.0,,,
SVE0599,35.0,,,
SVE0600,94.0,,,
SVE0601,31.0,,,
SVE0602,59.0,,,
SVE0604,3.0,,,
SVE0605,3.0,,,
SVE0606,85.0,,,
SVE0608,37.0,,,
SVE0609,4.0,,,
SVE0610,21.0,,,
SVE0611,0.0,,,
SVE0612,30.0,,,
SVE0613,12.0,,,
SVE0614,7.0,,,
SVE0615,31.0,,,
SVE0616,89.0,,,
SVE0617,133.0,,,
SVE0618,13.0,,,
SVE0619,80.0,,,
SVE0620,32.0,,,
SVE0621,1.0,,,
SVE0622,0.0,,,
SVE0623,10.0,,,
SVE0624,23.0,,,
SVE0625,22.0,,,
SVE0626,28.0,,,
SVE0627,2.0,,,
SVE0628,15.0,,,
SVE0629,15.0,,,
SVE0630,5.0,,,
SVE0631,34.0,,,
SVE0632,12.0,,,
SVE0633,24.0,,,
SVE0634,2.0,,,
SVE0635,8.0,,,
SVE0636,26.0,,,
SVE0637,6.0,,,
SVE0638,35.0,,,
SVE0639,2.0,,,
SVE0640,1.0,,,
SVE0641,61.0,,,
SVE0642,46.0,,,
SVE0643,2.0,,,
SVE0644,11.0,,,
SVE0645,4.0,,,
SVE0646,0.0,,,
SVE0647,47.0,,,
SVE0649,0.0,,,
SVE0650,7.0,,,
SVE0651,16.0,,,
SVE0652,3.0,,,
SVE0653,74.0,,,
SVE0655,5.0,,,
SVE0656,3.0,,,
SVE0657,61.0,,,
SVE0658,71.0,,,
SVE0659,79.0,,,
SVE0660,21.0,,,
SVE0661,59.0,,,
SVE0662,19.0,,,
SVE0663,5.0,,,
SVE0664,7.0,,,
SVE0665,33.0,,,
SVE0666,16.0,,,
SVE0667,119.0,,,
SVE0668,1.0,,,
SVE0669,95.0,,,
SVE0670,5.0,,,
SVE0671,4.0,,,
SVE0672,6.0,,,
SVE0673,3.0,,,
SVE0674,1.0,,,
SVE0675,43.0,,,
SVE0676,2.0,,,
SVE0677,0.0,,,
SVE0679,8.0,,,
SVE0680,0.0,,,
SVE0681,35.0,,,
SVE0682,21.0,,,
SVE0683,4.0,,,
SVE0684,0.0,,,
SVE0685,2.0,,,
SVE0686,13.0,,,
SVE0687,27.0,,,
SVE0688,4.0,,,
SVE0689,38.0,,,
SVE0690,4.0,,,
SVE0691,40.0,,,
SVE0692,26.0,,,
SVE0693,0.0,,,
SVE0694,2.0,,,
SVE0695,81.0,,,
SVE0696,3.0,,,
SVE0697,0.0,,,
SVE0698,0.0,,,
SVE0699,22.0,,,
SVE0700,13.0,,,
SVE0701,34.0,,,
SVE0702,0.0,,,
SVE0703,36.0,,,
SVE0704,113.0,,,
SVE0705,3.0,,,
SVE0706,18.0,,,
SVE0707,17.0,,,
SVE0708,56.0,,,
SVE0709,48.0,,,
SVE0710,0.0,,,
SVE0711,13.0,,,
SVE0712,70.0,,,
SVE0713,76.0,,,
SVE0714,21.0,,,
SVE0715,61.0,,,
SVE0716,44.0,,,
SVE0717,45.0,,,
SVE0718,6.0,,,
SVE0719,0.0,,,
SVE0720,0.0,,,
SVE0721,107.0,,,
SVE0722,118.0,,,
SVE0723,9.0,,,
SVE0724,20.0,,,
SVE0725,0.0,,,
SVE0726,0.0,,,
SVE0727,0.0,,,
SVE0728,1.0,,,
SVE0729,0.0,,,
SVE0730,12.0,,,
SVE0731,5.0,,,
SVE0732,30.0,,,
SVE0733,3.0,,,
SVE0734,43.0,,,
SVE0735,3.0,,,
SVE0736,20.0,,,
SVE0737,2.0,,,
SVE0738,0.0,,,
SVE0739,49.0,,,
SVE0740,46.0,,,
SVE0741,48.0,,,
SVE0742,16.0,,,
SVE0743,6.0,,,
SVE0744,60.0,,,
SVE0745,53.0,,,
SVE0746,9.0,,,
SVE0747,0.0,,,
SVE0748,3.0,,,
SVE0749,33.0,,,
SVE0750,17.0,,,
SVE0751,1.0,,,
SVE0752,23.0,,,
SVE0753,11.0,,,
SVE0754,11.0,,,
SVE0755,9.0,,,
SVE0756,2.0,,,
SVE0757,0.0,,,
SVE0758,96.0,,,
SVE0759,13.0,,,
SVE0760,27.0,,,
SVE0761,77.0,,,
SVE0762,11.0,,,
SVE0763,67.0,,,
SVE0764,12.0,,,
SVE0765,50.0,,,
SVE0766,19.0,,,
SVE0768,54.0,,,
SVE0769,0.0,,,
SVE0770,33.0,,,
SVE0771,6.0,,,
SVE0772,6.0,,,
SVE0773,16.0,,,
SVE0774,58.0,,,
SVE0775,2.0,,,
SVE0776,78.0,,,
SVE0777,7.0,,,
SVE0778,0.0,,,
SVE0780,15.0,,,
SVE0781,0.0,,,
SVE0782,40.0,,,
SVE0783,52.0,,,
SVE0784,27.0,,,
SVE0785,87.0,,,
SVE0786,147.0,,,
SVE0787,85.0,,,
SVE0788,1.0,,,
SVE0789,5.0,,,
SVE0790,15.0,,,
SVE0791,1.0,,,
SVE0792,16.0,,,
SVE0793,105.0,,,
SVE0794,6.0,,,
SVE0796,1.0,,,
SVE0797,21.0,,,
SVE0798,36.0,,,
SVE0799,49.0,,,
SVE0800,116.0,,,
SVE0801,2.0,,,
SVE0802,49.0,,,
SVE0803,2.0,,,
SVE0804,32.0,,,
SVE0805,0.0,,,
SVE0806,19.0,,,
SVE0807,59.0,,,
SVE0808,99.0,,,
SVE0809,47.0,,,
SVE0810,56.0,,,
SVE0812,79.0,,,
SVE0813,59.0,,,
SVE0814,53.0,,,
SVE0815,19.0,,,
SVE0816,44.0,,,
SVE0817,10.0,,,
SVE0818,1.0,,,
SVE0819,54.0,,,
SVE0820,5.0,,,
SVE0821,3.0,,,
SVE0822,42.0,,,
SVE0823,31.0,,,
SVE0824,41.0,,,
SVE0825,74.0,,,
SVE0826,32.0,,,
SVE0827,0.0,,,
SVE0828,7.0,,,
SVE0829,3.0,,,
SVE0830,21.0,,,
SVE0831,0.0,,,
SVE0832,9.0,,,
SVE0833,12.0,,,
SVE0834,8.0,,,
SVE0835,2.0,,,
SVE0836,0.0,,,
SVE0837,30.0,,,
SVE0838,0.0,,,
SVE0839,10.0,,,
SVE0840,3.0,,,
SVE0841,3.0,,,
SVE0842,0.0,,,
SVE0843,60.0,,,
SVE0844,39.0,,,
SVE0845,28.0,,,
SVE0846,71.0,,,
SVE0847,11.0,,,
SVE0848,95.0,,,
SVE0849,41.0,,,
SVE0850,83.0,,,
SVE0851,39.0,,,
SVE0852,3.0,,,
SVE0853,35.0,,,
SVE0854,27.0,,,
SVE0855,11.0,,,
SVE0856,117.0,,,
SVE0857,2.0,,,
SVE0858,104.0,,,
SVE0859,11.0,,,
SVE0860,11.0,,,
SVE0861,18.0,,,
SVE0862,4.0,,,
SVE0863,4.0,,,
SVE0864,6.0,,,
SVE0865,0.0,,,
SVE0866,18.0,,,
SVE0867,30.0,,,
SVE0869,6.0,,,
SVE0870,6.0,,,
SVE0871,37.0,,,
SVE0872,85.0,,,
SVE0873,13.0,,,
SVE0874,72.0,,,
SVE0875,1.0,,,
SVE0876,54.0,,,
SVE0877,27.0,,,
SVE0878,32.0,,,
SVE0879,54.0,,,
SVE0880,47.0,,,
SVE0881,0.0,,,
SVE0882,22.0,,,
SVE0884,1.0,,,
SVE0885,4.0,,,
SVE0886,36.0,,,
SVE0887,11.0,,,
SVE0888,44.0,,,
SVE0889,3.0,,,
SVE0890,10.0,,,
SVE0891,6.0,,,
SVE0892,30.0,,,
SVE0893,6.0,,,
SVE0894,16.0,,,
SVE0895,77.0,,,
SVE0896,3.0,,,
SVE0897,14.0,,,
SVE0898,39.0,,,
SVE0899,23.0,,,
SVE0900,29.0,,,
SVE0901,1.0,,,
SVE0902,6.0,,,
SVE0903,15.0,,,
SVE0904,22.0,,,
SVE0905,3.0,,,
SVE0906,11.0,,,
SVE0907,8.0,,,
SVE0908,28.0,,,
SVE0909,6.0,,,
SVE0910,9.0,,,
SVE0911,11.0,,,
SVE0912,0.0,,,
SVE0913,87.0,,,
SVE0914,22.0,,,
SVE0915,70.0,,,
SVE0916,23.0,,,
SVE0917,12.0,,,
SVE0918,39.0,,,
SVE0919,11.0,,,
SVE0920,6.0,,,
SVE0921,46.0,,,
SVE0922,0.0,,,
SVE0923,0.0,,,
SVE0924,11.0,,,
SVE0925,42.0,,,
SVE0926,3.0,,,
SVE0927,49.0,,,
SVE0928,17.0,,,
SVE0929,88.0,,,
SVE0930,39.0,,,
SVE0931,9.0,,,
SVE0932,14.0,,,
SVE0933,10.0,,,
SVE0934,13.0,,,
SVE0935,77.0,,,
SVE0936,3.0,,,
SVE0937,77.0,,,
SVE0938,92.0,,,
SVE0939,66.0,,,
SVE0940,38.0,,,
SVE0941,30.0,,,
SVE0942,9.0,,,
SVE0943,7.0,,,
SVE0944,167.0,,,
SVE0945,51.0,,,
SVE0946,2.0,,,
SVE0947,5.0,,,
SVE0948,64.0,,,
SVE0949,35.0,,,
SVE0950,8.0,,,
SVE0951,40.0,,,
SVE0952,4.0,,,
SVE0953,53.0,,,
SVE0954,117.0,,,
SVE0955,18.0,,,
SVE0956,28.0,,,
SVE0957,241.0,,,
SVE0958,35.0,,,
SVE0959,5.0,,,
SVE0960,34.0,,,
SVE0961,12.0,,,
SVE0962,62.0,,,
SVE0963,2.0,,,
SVE0964,2.0,,,
SVE0965,1.0,,,
SVE0966,3.0,,,
SVE0967,9.0,,,
SVE0968,14.0,,,
SVE0969,68.0,,,
SVE0971,45.0,,,
SVE0972,19.0,,,
SVE0973,14.0,,,
SVE0974,6.0,,,
SVE0975,45.0,,,
SVE0976,24.0,,,
SVE0977,4.0,,,
SVE0978,0.0,,,
SVE0979,8.0,,,
SVE0980,1.0,,,
SVE0981,6.0,,,
SVE0982,42.0,,,
SVE0983,3.0,,,
SVE0984,1.0,,,
SVE0985,5.0,,,
SVE0986,6.0,,,
SVE0987,0.0,,,
SVE0988,41.0,,,
SVE0989,3.0,,,
SVE0990,12.0,,,
SVE0991,1.0,,,
SVE0992,3.0,,,
SVE0993,2.0,,,
SVE0994,29.0,,,
SVE0995,51.0,,,
SVE0996,4.0,,,
SVE0997,1.0,,,
SVE0998,1.0,,,
SVE0999,0.0,,,
SVE1000,124.0,,,
SVE1001,20.0,,,
SVE1002,46.0,,,
SVE1003,9.0,,,
SVE1004,10.0,,,
SVE1005,10.0,,,
SVE1006,0.0,,,
SVE1007,136.0,,,
SVE1008,111.0,,,
SVE1009,3.0,,,
SVE1010,2.0,,,
SVE1011,0.0,,,
SVE1012,3.0,,,
SVE1013,8.0,,,
SVE1014,33.0,,,
SVE1015,13.0,,,
SVE1016,10.0,,,
SVE1017,0.0,,,
SVE1018,0.0,,,
SVE1019,0.0,,,
SVE1020,0.0,,,
SVE1021,101.0,,,
SVE1022,1.0,,,
SVE1023,1.0,,,
SVE1024,0.0,,,
SVE1025,4.0,,,
SVE1026,47.0,,,
SVE1027,2.0,,,
SVE1028,1.0,,,
SVE1029,6.0,,,
SVE1030,7.0,,,
SVE1031,0.0,,,
SVE1032,27.0,,,
SVE1033,0.0,,,
SVE1034,2.0,,,
SVE1035,3.0,,,
SVE1036,6.0,,,
SVE1037,11.0,,,
SVE1038,5.0,,,
SVE1039,3.0,,,
SVE1040,1.0,,,
SVE1041,2.0,,,
SVE1042,0.0,,,
SVE1043,0.0,,,
SVE1044,0.0,,,
SVE1045,0.0,,,
SVE1046,2.0,,,
SVE1047,1.0,,,
SVE1048,12.0,,,
SVE1049,10.0,,,
SVE1050,0.0,,,
SVE1051,24.0,,,
SVE1052,0.0,,,
SVE1053,5.0,,,
SVE1054,35.0,,,
SVE1055,4.0,,,
SVE1056,0.0,,,
SVE1057,61.0,,,
SVE1058,0.0,,,
SVE1059,35.0,,,
SVE1060,0.0,,,
SVE1061,16.0,,,
SVE1062,2.0,,,
SVE1063,15.0,,,
SVE1064,104.0,,,
SVE1065,0.0,,,
SVE1066,14.0,,,
SVE1067,1.0,,,
SVE1068,2.0,,,
SVE1069,1.0,,,
SVE1070,2.0,,,
SVE1071,3.0,,,
SVE1072,4.0,,,
SVE1073,76.0,,,
SVE1074,1.0,,,
SVE1075,14.0,,,
SVE1076,0.0,,,
SVE1077,2.0,,,
SVE1078,19.0,,,
SVE1079,1.0,,,
SVE1080,24.0,,,
SVE1081,5.0,,,
SVE1082,15.0,,,
SVE1083,4.0,,,
SVE1084,0.0,,,
SVE1085,12.0,,,
SVE1086,35.0,,,
SVE1087,50.0,,,
SVE1088,2.0,,,
SVE1089,3.0,,,
SVE1090,2.0,,,
SVE1091,49.0,,,
SVE1092,12.0,,,
SVE1093,32.0,,,
SVE1094,0.0,,,
SVE1095,1.0,,,
SVE1096,12.0,,,
SVE1097,2.0,,,
SVE1098,6.0,,,
SVE1099,18.0,,,
SVE1100,7.0,,,
SVE1101,1.0,,,
SVE1102,0.0,,,
SVE1103,5.0,,,
SVE1104,2.0,,,
SVE1105,11.0,,,
SVE1106,45.0,,,
SVE1107,6.0,,,
SVE1108,3.0,,,
SVE1109,3.0,,,
SVE1110,2.0,,,
SVE1111,0.0,,,
SVE1112,2.0,,,
SVE1113,13.0,,,
SVE1114,10.0,,,
SVE1115,2.0,,,
SVE1116,0.0,,,
SVE1117,3.0,,,
SVE1118,0.0,,,
SVE1119,57.0,,,
SVE1120,41.0,,,
SVE1121,0.0,,,
SVE1122,0.0,,,
SVE1123,0.0,,,
SVE1124,5.0,,,
SVE1125,2.0,,,
SVE1126,3.0,,,
SVE1127,20.0,,,
SVE1128,7.0,,,
SVE1129,1.0,,,
SVE1130,11.0,,,
SVE1131,1.0,,,
SVE1132,16.0,,,
SVE1133,1.0,,,
SVE1134,0.0,,,
SVE1135,0.0,,,
SVE1136,1.0,,,
SVE1137,0.0,,,
SVE1138,17.0,,,
SVE1139,1.0,,,
SVE1140,4.0,,,
SVE1141,1.0,,,
SVE1142,15.0,,,
SVE1143,18.0,,,
SVE1144,18.0,,,
SVE1145,2.0,,,
SVE1146,9.0,,,
SVE1147,0.0,,,
SVE1148,18.0,,,
SVE1149,10.0,,,
SVE1150,10.0,,,
SVE1151,20.0,,,
SVE1152,39.0,,,
SVE1153,80.0,,,
SVE1154,15.0,,,
SVE1155,7.0,,,
SVE1156,4.0,,,
SVE1157,50.0,,,
SVE1158,11.0,,,
SVE1159,1.0,,,
SVE1160,23.0,,,
SVE1161,34.0,,,
SVE1162,1.0,,,
SVE1163,0.0,,,
SVE1164,0.0,,,
SVE1165,1.0,,,
SVE1166,2.0,,,
SVE1167,7.0,,,
SVE1168,12.0,,,
SVE1169,0.0,,,
SVE1170,0.0,,,
SVE1171,11.0,,,
SVE1172,1.0,,,
SVE1173,0.0,,,
SVE1174,43.0,,,
SVE1175,13.0,,,
SVE1176,9.0,,,
SVE1177,0.0,,,
SVE1178,1.0,,,
SVE1179,26.0,,,
SVE1180,13.0,,,
SVE1181,12.0,,,
SVE1182,1.0,,,
SVE1183,3.0,,,
SVE1184,0.0,,,
SVE1185,0.0,,,
SVE1186,1.0,,,
SVE1187,6.0,,,
SVE1188,10.0,,,
SVE1189,3.0,,,
SVE1190,30.0,,,
SVE1191,0.0,,,
SVE1192,0.0,,,
SVE1193,1.0,,,
SVE1194,20.0,,,
SVE1195,8.0,,,
SVE1196,0.0,,,
SVE1197,0.0,,,
SVE1198,0.0,,,
SVE1199,34.0,,,
SVE1200,19.0,,,
SVE1201,0.0,,,
SVE1202,1.0,,,
SVE1203,7.0,,,
SVE1204,6.0,,,
SVE1205,0.0,,,
SVE1206,0.0,,,
SVE1207,10.0,,,
SVE1208,4.0,,,
SVE1209,4.0,,,
SVE1210,5.0,,,
SVE1211,10.0,,,
SVE1212,7.0,,,
SVE1213,4.0,,,
SVE1214,1.0,,,
SVE1215,26.0,,,
SVE1216,7.0,,,
SVE1217,12.0,,,
SVE1218,0.0,,,
SVE1219,2.0,,,
SVE1220,0.0,,,
SVE1221,0.0,,,
SVE1222,68.0,,,
SVE1223,75.0,,,
SVE1224,43.0,,,
SVE1225,0.0,,,
SVE1226,17.0,,,
SVE1227,8.0,,,
SVE1228,1.0,,,
SVE1229,0.0,,,
SVE1230,5.0,,,
SVE1231,4.0,,,
SVE1232,7.0,,,
SVE1233,0.0,,,
SVE1234,35.0,,,
SVE1235,22.0,,,
SVE1236,0.0,,,
SVE1237,0.0,,,
SVE1238,6.0,,,
SVE1239,0.0,,,
SVE1240,0.0,,,
SVE1241,2.0,,,
SVE1242,6.0,,,
SVE1243,7.0,,,
SVE1244,5.0,,,
SVE1245,0.0,,,
SVE1246,35.0,,,
SVE1247,1.0,,,
SVE1248,41.0,,,
SVE1249,0.0,,,
SVE1250,2.0,,,
SVE1251,4.0,,,
SVE1252,36.0,,,
SVE1253,5.0,,,
SVE1254,6.0,,,
SVE1255,54.0,,,
SVE1256,37.0,,,
SVE1257,10.0,,,
SVE1258,4.0,,,
SVE1259,2.0,,,
SVE1260,24.0,,,
SVE1261,9.0,,,
SVE1262,0.0,,,
SVE1263,5.0,,,
SVE1264,2.0,,,
SVE1265,12.0,,,
SVE1266,4.0,,,
SVE1267,1.0,,,
SVE1268,8.0,,,
SVE1269,40.0,,,
SVE1270,12.0,,,
SVE1271,22.0,,,
SVE1272,0.0,,,
SVE1273,4.0,,,
SVE1274,0.0,,,
SVE1275,41.0,,,
SVE1276,2.0,,,
SVE1277,2.0,,,
SVE1278,38.0,,,
SVE1279,0.0,,,
SVE1280,10.0,,,
SVE1281,7.0,,,
SVE1282,63.0,,,
SVE1283,0.0,,,
SVE1284,1.0,,,
SVE1285,0.0,,,
SVE1287,3.0,,,
SVE1288,1.0,,,
SVE1289,7.0,,,
SVE1290,3.0,,,
SVE1291,0.0,,,
SVE1292,13.0,,,
SVE1293,5.0,,,
SVE1294,43.0,,,
SVE1295,25.0,,,
SVE1296,26.0,,,
SVE1297,26.0,,,
SVE1298,5.0,,,
SVE1299,24.0,,,
SVE1300,38.0,,,
SVE1301,45.0,,,
SVE1302,43.0,,,
SVE1303,27.0,,,
SVE1304,6.0,,,
SVE1305,0.0,,,
SVE1306,72.0,,,
SVE1307,105.0,,,
SVE1308,0.0,,,
SVE1310,12.0,,,
SVE1311,49.0,,,
SVE1312,49.0,,,
SVE1313,97.0,,,
SVE1314,98.0,,,
SVE1315,128.0,,,
SVE1316,111.0,,,
SVE1317,120.0,,,
SVE1318,38.0,,,
SVE1319,81.0,,,
SVE1320,1.0,,,
SVE1321,20.0,,,
SVE1322,48.0,,,
SVE1323,0.0,,,
SVE1324,4.0,,,
SVE1325,91.0,,,
SVE1326,20.0,,,
SVE1327,3.0,,,
SVE1328,32.0,,,
SVE1329,55.0,,,
SVE1330,1.0,,,
SVE1331,62.0,,,
SVE1332,46.0,,,
SVE1333,103.0,,,
SVE1334,30.0,,,
SVE1335,0.0,,,
SVE1336,0.0,,,
SVE1337,28.0,,,
SVE1338,0.0,,,
SVE1339,1.0,,,
SVE1340,0.0,,,
SVE1341,2.0,,,
SVE1342,8.0,,,
SVE1344,0.0,,,
SVE1345,4.0,,,
SVE1346,5.0,,,
SVE1347,1.0,,,
SVE1348,2.0,,,
SVE1349,11.0,,,
SVE1350,7.0,,,
SVE1351,24.0,,,
SVE1352,3.0,,,
SVE1353,63.0,,,
SVE1354,0.0,,,
SVE1355,0.0,,,
SVE1356,62.0,,,
SVE1357,2.0,,,
SVE1358,30.0,,,
SVE1359,38.0,,,
SVE1360,44.0,,,
SVE1361,151.0,,,
SVE1362,21.0,,,
SVE1363,30.0,,,
SVE1364,61.0,,,
SVE1365,2.0,,,
SVE1366,42.0,,,
SVE1367,29.0,,,
SVE1368,70.0,,,
SVE1369,22.0,,,
SVE1370,47.0,,,
SVE1371,177.0,,,
SVE1372,3.0,,,
SVE1373,162.0,,,
SVE1374,2.0,,,
SVE1375,3.0,,,
SVE1376,46.0,,,
SVE1377,67.0,,,
SVE1378,0.0,,,
SVE1379,78.0,,,
SVE1380,6.0,,,
SVE1381,18.0,,,
SVE1382,0.0,,,
SVE1383,15.0,,,
SVE1384,50.0,,,
SVE1385,0.0,,,
SVE1386,33.0,,,
SVE1387,2.0,,,
SVE1388,41.0,,,
SVE1389,37.0,,,
SVE1390,11.0,,,
SVE1391,16.0,,,
SVE1392,3.0,,,
SVE1393,8.0,,,
SVE1394,6.0,,,
SVE1395,26.0,,,
SVE1396,16.0,,,
SVE1397,74.0,,,
SVE1398,82.0,,,
SVE1399,150.0,,,
SVE1400,93.0,,,
SVE1401,0.0,,,
SVE1402,103.0,,,
SVE1403,33.0,,,
SVE1404,0.0,,,
SVE1405,103.0,,,
SVE1406,0.0,,,
SVE1407,129.0,,,
SVE1408,4.0,,,
SVE1409,109.0,,,
SVE1410,59.0,,,
SVE1411,0.0,,,
SVE1412,26.0,,,
SVE1413,65.0,,,
SVE1414,27.0,,,
SVE1415,36.0,,,
SVE1416,46.0,,,
SVE1417,151.0,,,
SVE1418,2.0,,,
SVE1419,21.0,,,
SVE1420,48.0,,,
SVE1421,37.0,,,
SVE1422,19.0,,,
SVE1423,59.0,,,
SVE1424,99.0,,,
SVE1425,131.0,,,
SVE1426,2.0,,,
SVE1427,23.0,,,
SVE1428,0.0,,,
SVE1429,7.0,,,
SVE1430,12.0,,,
SVE1431,5.0,,,
SVE1432,4.0,,,
SVE1433,8.0,,,
SVE1434,28.0,,,
SVE1435,0.0,,,
SVE1436,27.0,,,
SVE1437,7.0,,,
SVE1438,0.0,,,
SVE1439,113.0,,,
SVE1440,49.0,,,
SVE1441,1.0,,,
SVE1442,7.0,,,
SVE1443,0.0,,,
SVE1444,54.0,,,
SVE1445,48.0,,,
SVE1446,0.0,,,
SVE1447,169.0,,,
SVE1448,0.0,,,
SVE1449,101.0,,,
SVE1450,50.0,,,
SVE1451,1.0,,,
SVE1452,0.0,,,
SVE1453,4.0,,,
SVE1454,9.0,,,
SVE1455,15.0,,,
SVE1456,14.0,,,
SVE1457,69.0,,,
SVE1458,122.0,,,
SVE1459,24.0,,,
SVE1460,0.0,,,
SVE1461,3.0,,,
SVE1462,46.0,,,
SVE1463,3.0,,,
SVE1464,0.0,,,
SVE1465,0.0,,,
SVE1466,55.0,,,
SVE1467,44.0,,,
SVE1468,0.0,,,
SVE1469,22.0,,,
SVE1470,54.0,,,
SVE1471,3.0,,,
SVE1472,7.0,,,
SVE1473,2.0,,,
SVE1474,0.0,,,
SVE1475,57.0,,,
SVE1476,129.0,,,
SVE1477,0.0,,,
SVE1478,111.0,,,
SVE1479,72.0,,,
SVE1480,0.0,,,
SVE1481,9.0,,,
SVE1482,74.0,,,
SVE1483,5.0,,,
SVE1485,7.0,,,
SVE1486,86.0,,,
SVE1487,7.0,,,
SVE1488,10.0,,,
SVE1489,74.0,,,
SVE1490,41.0,,,
SVE1491,1.0,,,
SVE1492,34.0,,,
SVE1493,43.0,,,
SVE1494,3.0,,,
SVE1495,81.0,,,
SVE1496,4.0,,,
SVE1497,1.0,,,
SVE1498,5.0,,,
SVE1499,22.0,,,
SVE1500,21.0,,,
SVE1501,17.0,,,
SVE1502,23.0,,,
SVE1503,20.0,,,
SVE1504,5.0,,,
SVE1505,48.0,,,
SVE1506,0.0,,,
SVE1507,0.0,,,
SVE1508,2.0,,,
SVE1509,44.0,,,
SVE1510,68.0,,,
SVE1511,86.0,,,
SVE1512,2.0,,,
SVE1513,108.0,,,
SVE1515,28.0,,,
SVE1516,12.0,,,
SVE1517,0.0,,,
SVE1518,0.0,,,
SVE1519,1.0,,,
SVE1520,24.0,,,
SVE1521,1.0,,,
SVE1522,10.0,,,
SVE1523,5.0,,,
SVE1524,52.0,,,
SVE1525,25.0,,,
SVE1526,8.0,,,
SVE1527,1.0,,,
SVE1528,2.0,,,
SVE1529,1.0,,,
SVE1530,2.0,,,
SVE1531,0.0,,,
SVE1533,45.0,,,
SVE1534,6.0,,,
SVE1535,35.0,,,
SVE1536,0.0,,,
SVE1537,0.0,,,
SVE1538,6.0,,,
SVE1539,0.0,,,
SVE1540,60.0,,,
SVE1541,0.0,,,
SVE1542,7.0,,,
SVE1543,1.0,,,
SVE1544,41.0,,,
SVE1545,2.0,,,
SVE1546,1.0,,,
SVE1547,0.0,,,
SVE1548,0.0,,,
SVE1549,27.0,,,
SVE1551,0.0,,,
SVE1552,4.0,,,
SVE1553,7.0,,,
SVE1554,1.0,,,
SVE1555,2.0,,,
SVE1556,36.0,,,
SVE1557,0.0,,,
SVE1558,11.0,,,
SVE1559,28.0,,,
SVE1560,1.0,,,
SVE1561,0.0,,,
SVE1562,6.0,,,
SVE1563,32.0,,,
SVE1564,0.0,,,
SVE1566,3.0,,,
SVE1567,2.0,,,
SVE1568,55.0,,,
SVE1569,10.0,,,
SVE1570,20.0,,,
SVE1571,18.0,,,
SVE1572,12.0,,,
SVE1573,5.0,,,
SVE1574,4.0,,,
SVE1575,28.0,,,
SVE1576,0.0,,,
SVE1577,2.0,,,
SVE1578,6.0,,,
SVE1579,6.0,,,
SVE1580,145.0,,,
SVE1581,20.0,,,
SVE1582,35.0,,,
SVE1583,1.0,,,
SVE1584,52.0,,,
SVE1585,3.0,,,
SVE1586,22.0,,,
SVE1587,8.0,,,
SVE1588,0.0,,,
SVE1589,0.0,,,
SVE1590,19.0,,,
SVE1591,12.0,,,
SVE1592,2.0,,,
SVE1593,101.0,,,
SVE1594,10.0,,,
SVE1595,56.0,,,
SVE1596,2.0,,,
SVE1597,10.0,,,
SVE1598,8.0,,,
SVE1599,5.0,,,
SVE1600,5.0,,,
SVE1601,3.0,,,
SVE1602,44.0,,,
SVE1603,0.0,,,
SVE1604,77.0,,,
SVE1605,53.0,,,
SVE1606,4.0,,,
SVE1607,2.0,,,
SVE1608,25.0,,,
SVE1609,31.0,,,
SVE1610,9.0,,,
SVE1611,4.0,,,
SVE1612,19.0,,,
SVE1613,14.0,,,
SVE1614,38.0,,,
SVE1615,85.0,,,
SVE1616,44.0,,,
SVE1617,9.0,,,
SVE1618,80.0,,,
SVE1619,144.0,,,
SVE1620,100.0,,,
SVE1621,147.0,,,
SVE1622,19.0,,,
SVE1623,38.0,,,
SVE1624,2.0,,,
SVE1625,14.0,,,
SVE1626,14.0,,,
SVE1627,10.0,,,
SVE1628,45.0,,,
SVE1630,103.0,,,
SVE1631,3.0,,,
SVE1632,0.0,,,
SVE1633,4.0,,,
SVE1634,3.0,,,
SVE1635,26.0,,,
SVE1636,6.0,,,
SVE1637,79.0,,,
SVE1638,69.0,,,
SVE1639,0.0,,,
SVE1640,28.0,,,
SVE1641,45.0,,,
SVE1642,0.0,,,
SVE1643,44.0,,,
SVE1644,36.0,,,
SVE1645,13.0,,,
SVE1646,36.0,,,
SVE1647,2.0,,,
SVE1648,0.0,,,
SVE1650,15.0,,,
SVE1651,80.0,,,
SVE1652,1.0,,,
SVE1653,0.0,,,
SVE1654,41.0,,,
SVE1655,59.0,,,
SVE1656,50.0,,,
SVE1657,0.0,,,
SVE1658,1.0,,,
SVE1659,5.0,,,
SVE1660,44.0,,,
SVE1661,37.0,,,
SVE1662,95.0,,,
SVE1663,26.0,,,
SVE1664,9.0,,,
SVE1665,132.0,,,
SVE1666,11.0,,,
SVE1667,14.0,,,
SVE1668,4.0,,,
SVE1669,11.0,,,
SVE1670,14.0,,,
SVE1671,22.0,,,
SVE1672,3.0,,,
SVE1673,26.0,,,
SVE1674,77.0,,,
SVE1675,2.0,,,
SVE1676,0.0,,,
SVE1677,2.0,,,
SVE1678,86.0,,,
SVE1679,10.0,,,
SVE1680,6.0,,,
SVE1681,37.0,,,
SVE1682,7.0,,,
SVE1683,11.0,,,
SVE1684,0.0,,,
SVE1685,14.0,,,
SVE1686,1.0,,,
SVE1687,0.0,,,
SVE1688,7.0,,,
SVE1689,256.0,,,
SVE1690,14.0,,,
SVE1691,169.0,,,
SVE1692,0.0,,,
SVE1693,11.0,,,
SVE1694,17.0,,,
SVE1695,106.0,,,
SVE1696,11.0,,,
SVE1697,17.0,,,
SVE1698,37.0,,,
SVE1699,29.0,,,
SVE1700,56.0,,,
SVE1701,19.0,,,
SVE1702,28.0,,,
SVE1703,64.0,,,
SVE1704,52.0,,,
SVE1705,61.0,,,
SVE1706,11.0,,,
SVE1707,22.0,,,
SVE1708,5.0,,,
SVE1709,23.0,,,
SVE1710,97.0,,,
SVE1711,3.0,,,
SVE1713,46.0,,,
SVE1714,119.0,,,
SVE1715,2.0,,,
SVE1716,24.0,,,
SVE1717,4.0,,,
SVE1718,123.0,,,
SVE1721,0.0,,,
SVE1722,31.0,,,
SVE1723,12.0,,,
SVE1724,7.0,,,
SVE1725,1.0,,,
SVE1726,1.0,,,
SVE1727,7.0,,,
SVE1728,32.0,,,
SVE1729,84.0,,,
SVE1730,8.0,,,
SVE1731,0.0,,,
SVE1732,28.0,,,
SVE1733,0.0,,,
SVE1734,34.0,,,
SVE1735,95.0,,,
SVE1736,36.0,,,
SVE1737,25.0,,,
SVE1738,2.0,,,
SVE1739,0.0,,,
SVE1740,2.0,,,
SVE1741,38.0,,,
SVE1742,0.0,,,
SVE1743,15.0,,,
SVE1744,3.0,,,
SVE1745,46.0,,,
SVE1746,22.0,,,
SVE1747,0.0,,,
SVE1748,0.0,,,
SVE1749,44.0,,,
SVE1750,1.0,,,
SVE1751,16.0,,,
SVE1752,170.0,,,
SVE1753,36.0,,,
SVE1754,100.0,,,
SVE1755,33.0,,,
SVE1756,22.0,,,
SVE1757,0.0,,,
SVE1758,30.0,,,
SVE1759,23.0,,,
SVE1761,0.0,,,
SVE1762,10.0,,,
SVE1764,11.0,,,
SVE1765,0.0,,,
SVE1766,1.0,,,
SVE1767,10.0,,,
SVE1768,11.0,,,
SVE1769,0.0,,,
SVE1770,0.0,,,
SVE1771,30.0,,,
SVE1772,41.0,,,
SVE1773,50.0,,,
SVE1774,7.0,,,
SVE1775,1.0,,,
SVE1776,29.0,,,
SVE1777,27.0,,,
SVE1778,136.0,,,
SVE1779,5.0,,,
SVE1780,50.0,,,
SVE1781,33.0,,,
SVE1782,0.0,,,
SVE1783,0.0,,,
SVE1784,84.0,,,
SVE1785,6.0,,,
SVE1786,4.0,,,
SVE1787,4.0,,,
SVE1788,0.0,,,
SVE1789,0.0,,,
SVE1790,8.0,,,
SVE1791,7.0,,,
SVE1792,25.0,,,
SVE1793,16.0,,,
SVE1794,49.0,,,
SVE1795,4.0,,,
SVE1796,51.0,,,
SVE1797,82.0,,,
SVE1798,0.0,,,
SVE1799,4.0,,,
SVE1800,0.0,,,
SVE1801,46.0,,,
SVE1802,50.0,,,
SVE1803,14.0,,,
SVE1804,71.0,,,
SVE1805,19.0,,,
SVE1806,1.0,,,
SVE1807,107.0,,,
SVE1808,57.0,,,
SVE1809,34.0,,,
SVE1810,75.0,,,
SVE1811,10.0,,,
SVE1812,20.0,,,
SVE1813,74.0,,,
SVE1814,19.0,,,
SVE1815,49.0,,,
SVE1816,84.0,,,
SVE1817,43.0,,,
SVE1818,0.0,,,
SVE1819,27.0,,,
SVE1820,0.0,,,
SVE1821,37.0,,,
SVE1822,39.0,,,
SVE1823,56.0,,,
SVE1824,33.0,,,
SVE1825,25.0,,,
SVE1826,27.0,,,
SVE1827,27.0,,,
SVE1828,0.0,,,
SVE1829,6.0,,,
SVE1830,8.0,,,
SVE1831,13.0,,,
SVE1832,0.0,,,
SVE1833,7.0,,,
SVE1834,8.0,,,
SVE1835,27.0,,,
SVE1836,37.0,,,
SVE1837,5.0,,,
SVE1838,47.0,,,
SVE1839,0.0,,,
SVE1840,24.0,,,
SVE1841,11.0,,,
SVE1842,0.0,,,
SVE1843,84.0,,,
SVE1844,22.0,,,
SVE1845,11.0,,,
SVE1846,18.0,,,
SVE1847,10.0,,,
SVE1848,8.0,,,
SVE1849,69.0,,,
SVE1850,4.0,,,
SVE1851,15.0,,,
SVE1852,0.0,,,
SVE1853,50.0,,,
SVE1854,0.0,,,
SVE1855,58.0,,,
SVE1856,24.0,,,
SVE1857,1.0,,,
SVE1858,2.0,,,
SVE1859,16.0,,,
SVE1860,14.0,,,
SVE1861,83.0,,,
SVE1862,14.0,,,
SVE1863,7.0,,,
SVE1864,19.0,,,
SVE1865,107.0,,,
SVE1866,58.0,,,
SVE1867,14.0,,,
SVE1868,25.0,,,
SVE1869,55.0,,,
SVE1870,13.0,,,
SVE1871,27.0,,,
SVE1872,14.0,,,
SVE1873,0.0,,,
SVE1874,25.0,,,
SVE1875,44.0,,,
SVE1876,16.0,,,
SVE1877,20.0,,,
SVE1878,45.0,,,
SVE1879,4.0,,,
SVE1880,102.0,,,
SVE1881,25.0,,,
SVE1882,84.0,,,
SVE1883,14.0,,,
SVE1884,67.0,,,
SVE1885,14.0,,,
SVE1887,23.0,,,
SVE1889,31.0,,,
SVE1890,0.0,,,
SVE1891,1.0,,,
SVE1892,77.0,,,
SVE1893,6.0,,,
SVE1894,18.0,,,
SVE1895,93.0,,,
SVE1896,45.0,,,
SVE1897,0.0,,,
SVE1898,1.0,,,
SVE1899,2.0,,,
SVE1900,1.0,,,
SVE1901,1.0,,,
SVE1902,29.0,,,
SVE1903,127.0,,,
SVE1904,94.0,,,
SVE1905,8.0,,,
SVE1906,19.0,,,
SVE1907,0.0,,,
SVE1908,3.0,,,
SVE1909,90.0,,,
SVE1910,196.0,,,
SVE1911,33.0,,,
SVE1913,0.0,,,
SVE1914,17.0,,,
SVE1916,173.0,,,
SVE1917,21.0,,,
SVE1918,2.0,,,
SVE1919,0.0,,,
SVE1920,4.0,,,
SVE1921,0.0,,,
SVE1922,0.0,,,
SVE1923,2.0,,,
SVE1924,0.0,,,
SVE1925,6.0,,,
SVE1926,54.0,,,
SVE1927,2.0,,,
SVE1928,19.0,,,
SVE1929,3.0,,,
SVE1930,13.0,,,
SVE1931,24.0,,,
SVE1932,6.0,,,
SVE1933,1.0,,,
SVE1934,4.0,,,
SVE1935,29.0,,,
SVE1936,0.0,,,
SVE1937,46.0,,,
SVE1938,7.0,,,
SVE1939,3.0,,,
SVE1940,0.0,,,
SVE1941,1.0,,,
SVE1942,0.0,,,
SVE1943,46.0,,,
SVE1944,15.0,,,
SVE1945,4.0,,,
SVE1946,3.0,,,
SVE1947,6.0,,,
SVE1948,9.0,,,
SVE1949,4.0,,,
SVE1950,2.0,,,
SVE1951,71.0,,,
SVE1952,4.0,,,
SVE1953,2.0,,,
SVE1955,3.0,,,
SVE1956,2.0,,,
SVE1957,35.0,,,
SVE1958,0.0,,,
SVE1959,4.0,,,
SVE1960,3.0,,,
SVE1961,0.0,,,
SVE1962,10.0,,,
SVE1963,4.0,,,
SVE1964,0.0,,,
SVE1965,0.0,,,
SVE1966,7.0,,,
SVE1967,0.0,,,
SVE1968,0.0,,,
SVE1969,0.0,,,
SVE1970,10.0,,,
SVE1971,0.0,,,
SVE1972,0.0,,,
SVE1973,7.0,,,
SVE1974,0.0,,,
SVE1975,39.0,,,
SVE1976,1.0,,,
SVE1977,0.0,,,
SVE1978,0.0,,,
SVE1979,12.0,,,
SVE1980,1.0,,,
SVE1981,0.0,,,
SVE1982,0.0,,,
SVE1983,1.0,,,
SVE1984,14.0,,,
SVE1985,3.0,,,
SVE1986,22.0,,,
SVE1987,0.0,,,
SVE1988,0.0,,,
SVE1989,25.0,,,
SVE1990,19.0,,,
SVE1991,11.0,,,
SVE1992,0.0,,,
SVE1993,47.0,,,
SVE1994,9.0,,,
SVE1995,9.0,,,
SVE1996,1.0,,,
SVE1997,0.0,,,
SVE1998,0.0,,,
SVE1999,7.0,,,
SVE2000,39.0,,,
SVE2001,9.0,,,
SVE2002,22.0,,,
SVE2003,34.0,,,
SVE2004,9.0,,,
SVE2005,45.0,,,
SVE2006,6.0,,,
SVE2007,0.0,,,
SVE2008,0.0,,,
SVE2009,53.0,,,
SVE2010,20.0,,,
SVE2011,15.0,,,
SVE2012,0.0,,,
SVE2013,14.0,,,
SVE2014,1.0,,,
SVE2015,34.0,,,
SVE2016,52.0,,,
SVE2017,40.0,,,
SVE2018,11.0,,,
SVE2019,12.0,,,
SVE2020,6.0,,,
SVE2021,26.0,,,
SVE2022,45.0,,,
SVE2023,30.0,,,
SVE2024,0.0,,,
SVE2025,12.0,,,
SVE2026,19.0,,,
SVE2027,79.0,,,
SVE2028,0.0,,,
SVE2029,1.0,,,
SVE2030,32.0,,,
SVE2031,45.0,,,
SVE2032,8.0,,,
SVE2033,1.0,,,
SVE2034,16.0,,,
SVE2035,9.0,,,
SVE2036,4.0,,,
SVE2037,0.0,,,
SVE2038,1.0,,,
SVE2039,0.0,,,
SVE2040,22.0,,,
SVE2041,10.0,,,
SVE2042,2.0,,,
SVE2043,0.0,,,
SVE2044,0.0,,,
SVE2045,0.0,,,
SVE2046,0.0,,,
SVE2047,24.0,,,
SVE2048,0.0,,,
SVE2049,0.0,,,
SVE2050,0.0,,,
SVE2051,4.0,,,
SVE2052,2.0,,,
SVE2053,2.0,,,
SVE2054,75.0,,,
SVE2055,0.0,,,
SVE2056,206.0,,,
SVE2057,36.0,,,
SVE2058,100.0,,,
SVE2059,14.0,,,
SVE2060,12.0,,,
SVE2061,12.0,,,
SVE2062,9.0,,,
SVE2063,0.0,,,
SVE2064,13.0,,,
SVE2065,3.0,,,
SVE2066,7.0,,,
SVE2067,18.0,,,
SVE2068,4.0,,,
SVE2069,36.0,,,
SVE2070,53.0,,,
SVE2071,27.0,,,
SVE2072,10.0,,,
SVE2073,6.0,,,
SVE2074,9.0,,,
SVE2075,30.0,,,
SVE2076,3.0,,,
SVE2077,9.0,,,
SVE2078,6.0,,,
SVE2079,10.0,,,
SVE2080,6.0,,,
SVE2082,3.0,,,
SVE2083,21.0,,,
SVE2084,18.0,,,
SVE2085,0.0,,,
SVE2086,22.0,,,
SVE2087,2.0,,,
SVE2088,0.0,,,
SVE2089,3.0,,,
SVE2090,47.0,,,
SVE2091,32.0,,,
SVE2092,28.0,,,
SVE2093,19.0,,,
SVE2094,0.0,,,
SVE2095,35.0,,,
SVE2096,17.0,,,
SVE2097,16.0,,,
SVE2098,2.0,,,
SVE2099,2.0,,,
SVE2100,57.0,,,
SVE2101,86.0,,,
SVE2102,91.0,,,
SVE2103,51.0,,,
SVE2104,79.0,,,
SVE2105,18.0,,,
SVE2106,24.0,,,
SVE2107,93.0,,,
SVE2108,40.0,,,
SVE2109,1.0,,,
SVE2110,1.0,,,
SVE2111,44.0,,,
SVE2112,48.0,,,
SVE2113,11.0,,,
SVE2114,4.0,,,
SVE2115,15.0,,,
SVE2116,0.0,,,
SVE2117,94.0,,,
SVE2118,0.0,,,
SVE2119,0.0,,,
SVE2120,9.0,,,
SVE2121,3.0,,,
SVE2122,20.0,,,
SVE2123,0.0,,,
SVE2124,37.0,,,
SVE2125,0.0,,,
SVE2126,10.0,,,
SVE2127,58.0,,,
SVE2128,0.0,,,
SVE2129,1.0,,,
SVE2130,0.0,,,
SVE2131,3.0,,,
SVE2132,0.0,,,
SVE2133,1.0,,,
SVE2134,91.0,,,
SVE2135,6.0,,,
SVE2136,14.0,,,
SVE2138,19.0,,,
SVE2139,3.0,,,
SVE2140,19.0,,,
SVE2141,3.0,,,
SVE2142,28.0,,,
SVE2143,9.0,,,
SVE2144,16.0,,,
SVE2145,4.0,,,
SVE2146,1.0,,,
SVE2147,0.0,,,
SVE2148,39.0,,,
SVE2149,21.0,,,
SVE2150,4.0,,,
SVE2151,31.0,,,
SVE2152,27.0,,,
SVE2153,17.0,,,
SVE2154,2.0,,,
SVE2155,1.0,,,
SVE2156,0.0,,,
SVE2157,3.0,,,
SVE2158,28.0,,,
SVE2159,4.0,,,
SVE2160,1.0,,,
SVE2161,1.0,,,
SVE2162,6.0,,,
SVE2163,13.0,,,
SVE2164,11.0,,,
SVE2165,0.0,,,
SVE2166,1.0,,,
SVE2167,0.0,,,
SVE2168,0.0,,,
SVE2169,28.0,,,
SVE2170,2.0,,,
SVE2171,19.0,,,
SVE2172,0.0,,,
SVE2173,0.0,,,
SVE2174,1.0,,,
SVE2175,0.0,,,
SVE2176,3.0,,,
SVE2177,0.0,,,
SVE2178,12.0,,,
SVE2179,11.0,,,
SVE2180,5.0,,,
SVE2181,40.0,,,
SVE2182,47.0,,,
SVE2183,0.0,,,
SVE2184,11.0,,,
SVE2185,3.0,,,
SVE2186,3.0,,,
SVE2187,46.0,,,
SVE2188,55.0,,,
SVE2189,2.0,,,
SVE2190,8.0,,,
SVE2191,43.0,,,
SVE2192,6.0,,,
SVE2193,60.0,,,
SVE2194,6.0,,,
SVE2195,34.0,,,
SVE2196,13.0,,,
SVE2197,12.0,,,
SVE2198,8.0,,,
SVE2199,34.0,,,
SVE2200,12.0,,,
SVE2201,12.0,,,
SVE2202,23.0,,,
SVE2203,44.0,,,
SVE2204,59.0,,,
SVE2205,17.0,,,
SVE2206,0.0,,,
SVE2207,15.0,,,
SVE2208,23.0,,,
SVE2209,3.0,,,
SVE2210,56.0,,,
SVE2212,8.0,,,
SVE2213,14.0,,,
SVE2214,1.0,,,
SVE2215,1.0,,,
SVE2216,11.0,,,
SVE2217,13.0,,,
SVE2218,0.0,,,
SVE2219,0.0,,,
SVE2220,0.0,,,
SVE2221,45.0,,,
SVE2222,79.0,,,
SVE2223,5.0,,,
SVE2224,19.0,,,
SVE2225,10.0,,,
SVE2226,0.0,,,
SVE2227,52.0,,,
SVE2229,13.0,,,
SVE2230,1.0,,,
SVE2231,106.0,,,
SVE2232,2.0,,,
SVE2233,40.0,,,
SVE2234,27.0,,,
SVE2235,5.0,,,
SVE2236,1.0,,,
SVE2237,4.0,,,
SVE2238,4.0,,,
SVE2239,0.0,,,
SVE2240,0.0,,,
SVE2241,0.0,,,
SVE2242,36.0,,,
SVE2243,4.0,,,
SVE2244,90.0,,,
SVE2245,16.0,,,
SVE2246,32.0,,,
SVE2247,5.0,,,
SVE2248,5.0,,,
SVE2249,66.0,,,
SVE2250,9.0,,,
SVE2251,43.0,,,
SVE2252,28.0,,,
SVE2253,31.0,,,
SVE2254,3.0,,,
SVE2255,11.0,,,
SVE2256,14.0,,,
SVE2257,3.0,,,
SVE2258,1.0,,,
SVE2259,24.0,,,
SVE2260,93.0,,,
SVE2261,25.0,,,
SVE2262,19.0,,,
SVE2263,0.0,,,
SVE2264,0.0,,,
SVE2265,0.0,,,
SVE2266,0.0,,,
SVE2267,47.0,,,
SVE2268,11.0,,,
SVE2269,2.0,,,
SVE2270,1.0,,,
SVE2271,7.0,,,
SVE2272,80.0,,,
SVE2273,50.0,,,
SVE2274,27.0,,,
SVE2275,3.0,,,
SVE2276,0.0,,,
SVE2277,13.0,,,
SVE2278,1.0,,,
SVE2279,71.0,,,
SVE2280,8.0,,,
SVE2281,122.0,,,
SVE2282,0.0,,,
SVE2283,5.0,,,
SVE2284,21.0,,,
SVE2285,2.0,,,
SVE2286,14.0,,,
SVE2287,33.0,,,
SVE2288,44.0,,,
SVE2289,22.0,,,
SVE2290,16.0,,,
SVE2291,7.0,,,
SVE2292,2.0,,,
SVE2293,24.0,,,
SVE2294,66.0,,,
SVE2295,35.0,,,
SVE2296,37.0,,,
SVE2297,33.0,,,
SVE2298,0.0,,,
SVE2299,57.0,,,
SVE2300,6.0,,,
SVE2301,22.0,,,
SVE2302,8.0,,,
SVE2303,15.0,,,
SVE2304,21.0,,,
SVE2305,45.0,,,
SVE2306,19.0,,,
SVE2307,8.0,,,
SVE2308,2.0,,,
SVE2309,65.0,,,
SVE2310,14.0,,,
SVE2311,35.0,,,
SVE2312,38.0,,,
SVE2313,28.0,,,
SVE2315,101.0,,,
SVE2316,36.0,,,
SVE2317,50.0,,,
SVE2318,107.0,,,
SVE2319,0.0,,,
SVE2320,3.0,,,
SVE2321,92.0,,,
SVE2322,198.0,,,
SVE2323,55.0,,,
SVE2324,24.0,,,
SVE2325,58.0,,,
SVE2326,4.0,,,
SVE2328,112.0,,,
SVE2329,2.0,,,
SVE2330,0.0,,,
SVE2331,43.0,,,
SVE2332,14.0,,,
SVE2333,0.0,,,
SVE2334,0.0,,,
SVE2335,21.0,,,
SVE2336,56.0,,,
SVE2337,3.0,,,
SVE2338,5.0,,,
SVE2339,2.0,,,
SVE2340,2.0,,,
SVE2341,5.0,,,
SVE2342,9.0,,,
SVE2343,2.0,,,
SVE2344,43.0,,,
SVE2345,2.0,,,
SVE2346,1.0,,,
SVE2347,66.0,,,
SVE2348,0.0,,,
SVE2349,11.0,,,
SVE2350,0.0,,,
SVE2351,127.0,,,
SVE2352,111.0,,,
SVE2353,42.0,,,
SVE2354,114.0,,,
SVE2355,0.0,,,
SVE2356,61.0,,,
SVE2357,77.0,,,
SVE2358,25.0,,,
SVE2359,71.0,,,
SVE2360,103.0,,,
SVE2361,5.0,,,
SVE2362,35.0,,,
SVE2364,68.0,,,
SVE2365,105.0,,,
SVE2366,66.0,,,
SVE2367,2.0,,,
SVE2368,117.0,,,
SVE2369,6.0,,,
SVE2370,24.0,,,
SVE2371,40.0,,,
SVE2372,37.0,,,
SVE2373,21.0,,,
SVE2374,93.0,,,
SVE2375,110.0,,,
SVE2376,112.0,,,
SVE2377,0.0,,,
SVE2378,77.0,,,
SVE2379,43.0,,,
SVE2380,64.0,,,
SVE2381,55.0,,,
SVE2382,50.0,,,
SVE2383,99.0,,,
SVE2384,13.0,,,
SVE2385,79.0,,,
SVE2386,144.0,,,
SVE2387,20.0,,,
SVE2388,77.0,,,
SVE2389,3.0,,,
SVE2390,44.0,,,
SVE2391,66.0,,,
SVE2392,62.0,,,
SVE2393,1.0,,,
SVE2394,79.0,,,
SVE2396,29.0,,,
SVE2397,101.0,,,
SVE2398,49.0,,,
SVE2399,73.0,,,
SVE2400,98.0,,,
SVE2401,86.0,,,
SVE2402,96.0,,,
SVE2403,0.0,,,
SVE2404,127.0,,,
SVE2405,107.0,,,
SVE2406,119.0,,,
SVE2407,75.0,,,
SVE2408,14.0,,,
SVE2409,73.0,,,
SVE2410,81.0,,,
SVE2411,93.0,,,
SVE2412,44.0,,,
SVE2413,70.0,,,
SVE2415,41.0,,,
SVE2416,4.0,,,
SVE2417,30.0,,,
SVE2418,78.0,,,
SVE2419,7.0,,,
SVE2420,13.0,,,
SVE2421,17.0,,,
SVE2422,19.0,,,
SVE2423,11.0,,,
SVE2424,18.0,,,
SVE2425,18.0,,,
SVE2426,11.0,,,
SVE2427,47.0,,,
SVE2428,83.0,,,
SVE2429,3.0,,,
SVE2430,2.0,,,
SVE2431,8.0,,,
SVE2432,8.0,,,
SVE2433,8.0,,,
SVE2434,5.0,,,
SVE2435,68.0,,,
SVE2436,13.0,,,
SVE2437,1.0,,,
SVE2438,47.0,,,
SVE2439,26.0,,,
SVE2440,27.0,,,
SVE2441,2.0,,,
SVE2442,26.0,,,
SVE2443,18.0,,,
SVE2444,17.0,,,
SVE2445,19.0,,,
SVE2446,28.0,,,
SVE2447,2.0,,,
SVE2448,30.0,,,
SVE2449,22.0,,,
SVE2450,3.0,,,
SVE2452,67.0,,,
SVE2453,52.0,,,
SVE2454,4.0,,,
SVE2455,25.0,,,
SVE2456,0.0,,,
SVE2457,2.0,,,
SVE2458,0.0,,,
SVE2459,0.0,,,
SVE2460,19.0,,,
SVE2461,34.0,,,
SVE2462,43.0,,,
SVE2463,31.0,,,
SVE2464,9.0,,,
SVE2465,3.0,,,
SVE2466,4.0,,,
SVE2467,39.0,,,
SVE2468,18.0,,,
SVE2470,8.0,,,
SVE2471,0.0,,,
SVE2472,1.0,,,
SVE2473,58.0,,,
SVE2475,8.0,,,
SVE2476,0.0,,,
SVE2477,29.0,,,
SVE2478,1.0,,,
SVE2480,38.0,,,
SVE2481,2.0,,,
SVE2482,24.0,,,
SVT00001,,21.0,,
SVT00003,,16.0,,
SVT00004,,13.0,,
SVT00005,,55.0,,
SVT00006,,0.0,,
SVT00007,,57.0,,
SVT00008,,26.0,,
SVT00010,,55.0,,
SVT00011,,0.0,,
SVT00012,,1.0,,
SVT00013,,34.0,,
SVT00014,,5.0,,
SVT00015,,27.0,,
SVT00016,,49.0,,
SVT00017,,37.0,,
SVT00018,,0.0,,
SVT00019,,35.0,,
SVT00021,,2.0,,
SVT00022,,135.0,,
SVT00023,,180.0,,
SVT00024,,8.0,,
SVT00027,,5.0,,
SVT00028,,4.0,,
SVT00029,,70.0,,
SVT00030,,88.0,,
SVT00031,,0.0,,
SVT00032,,0.0,,
SVT00034,,25.0,,
SVT00035,,1.0,,
SVT00036,,0.0,,
SVT00037,,45.0,,
SVT00038,,45.0,,
SVT00039,,2.0,,
SVT00040,,114.0,,
SVT00041,,29.0,,
SVT00042,,9.0,,
SVT00043,,0.0,,
SVT00044,,22.0,,
SVT00045,,49.0,,
SVT00046,,43.0,,
SVT00047,,71.0,,
SVT00049,,33.0,,
SVT00050,,67.0,,
SVT00051,,44.0,,
SVT00052,,0.0,,
SVT00053,,0.0,,
SVT00054,,34.0,,
SVT00055,,11.0,,
SVT00056,,4.0,,
SVT00057,,19.0,,
SVT00059,,8.0,,
SVT00061,,4.0,,
SVT00062,,16.0,,
SVT00063,,46.0,,
SVT00064,,30.0,,
SVT00065,,64.0,,
SVT00066,,63.0,,
SVT00067,,10.0,,
SVT00068,,28.0,,
SVT00069,,3.0,,
SVT00070,,85.0,,
SVT00071,,68.0,,
SVT00072,,41.0,,
SVT00073,,23.0,,
SVT00074,,27.0,,
SVT00075,,21.0,,
SVT00076,,18.0,,
SVT00077,,52.0,,
SVT00078,,8.0,,
SVT00079,,3.0,,
SVT00080,,33.0,,
SVT00081,,14.0,,
SVT00082,,0.0,,
SVT00083,,27.0,,
SVT00084,,2.0,,
SVT00085,,1.0,,
SVT00086,,17.0,,
SVT00087,,52.0,,
SVT00088,,57.0,,
SVT00089,,12.0,,
SVT00090,,5.0,,
SVT00091,,27.0,,
SVT00092,,18.0,,
SVT00093,,23.0,,
SVT00094,,3.0,,
SVT00096,,2.0,,
SVT00097,,63.0,,
SVT00098,,20.0,,
SVT00099,,9.0,,
SVT00100,,13.0,,
SVT00101,,8.0,,
SVT00102,,0.0,,
SVT00103,,3.0,,
SVT00104,,3.0,,
SVT00105,,1.0,,
SVT00106,,49.0,,
SVT00108,,4.0,,
SVT00109,,12.0,,
SVT00110,,64.0,,
SVT00111,,18.0,,
SVT00112,,6.0,,
SVT00113,,60.0,,
SVT00114,,10.0,,
SVT00115,,5.0,,
SVT00116,,4.0,,
SVT00117,,43.0,,
SVT00118,,28.0,,
SVT00119,,0.0,,
SVT00120,,23.0,,
SVT00121,,29.0,,
SVT00122,,23.0,,
SVT00123,,0.0,,
SVT00124,,22.0,,
SVT00126,,84.0,,
SVT00128,,39.0,,
SVT00129,,0.0,,
SVT00130,,148.0,,
SVT00131,,4.0,,
SVT00132,,0.0,,
SVT00133,,17.0,,
SVT00134,,150.0,,
SVT00135,,0.0,,
SVT00136,,12.0,,
SVT00138,,0.0,,
SVT00139,,1.0,,
SVT00141,,30.0,,
SVT00142,,0.0,,
SVT00143,,98.0,,
SVT00144,,83.0,,
SVT00145,,138.0,,
SVT00146,,31.0,,
SVT00147,,8.0,,
SVT00148,,5.0,,
SVT00149,,106.0,,
SVT00150,,154.0,,
SVT00151,,0.0,,
SVT00152,,2.0,,
SVT00153,,0.0,,
SVT00154,,71.0,,
SVT00156,,43.0,,
SVT00158,,38.0,,
SVT00159,,9.0,,
SVT00160,,1.0,,
SVT00161,,95.0,,
SVT00162,,18.0,,
SVT00163,,16.0,,
SVT00164,,0.0,,
SVT00165,,101.0,,
SVT00166,,45.0,,
SVT00167,,0.0,,
SVT00168,,0.0,,
SVT00169,,55.0,,
SVT00170,,77.0,,
SVT00171,,0.0,,
SVT00172,,2.0,,
SVT00173,,6.0,,
SVT00174,,26.0,,
SVT00175,,1.0,,
SVT00176,,37.0,,
SVT00177,,10.0,,
SVT00178,,75.0,,
SVT00179,,17.0,,
SVT00180,,148.0,,
SVT00181,,71.0,,
SVT00182,,12.0,,
SVT00183,,17.0,,
SVT00184,,0.0,,
SVT00185,,33.0,,
SVT00186,,84.0,,
SVT00187,,31.0,,
SVT00188,,32.0,,
SVT00189,,22.0,,
SVT00190,,15.0,,
SVT00191,,155.0,,
SVT00192,,17.0,,
SVT00193,,2.0,,
SVT00194,,20.0,,
SVT00195,,5.0,,
SVT00196,,116.0,,
SVT00197,,44.0,,
SVT00198,,29.0,,
SVT00199,,19.0,,
SVT00200,,0.0,,
SVT00201,,7.0,,
SVT00202,,26.0,,
SVT00203,,0.0,,
SVT00204,,7.0,,
SVT00205,,2.0,,
SVT00206,,39.0,,
SVT00207,,30.0,,
SVT00208,,3.0,,
SVT00210,,55.0,,
SVT00211,,25.0,,
SVT00214,,0.0,,
SVT00215,,2.0,,
SVT00216,,68.0,,
SVT00217,,9.0,,
SVT00218,,6.0,,
SVT00219,,14.0,,
SVT00220,,30.0,,
SVT00221,,61.0,,
SVT00223,,2.0,,
SVT00224,,30.0,,
SVT00225,,21.0,,
SVT00226,,36.0,,
SVT00227,,22.0,,
SVT00228,,0.0,,
SVT00229,,21.0,,
SVT00230,,16.0,,
SVT00231,,0.0,,
SVT00232,,9.0,,
SVT00233,,3.0,,
SVT00234,,65.0,,
SVT00235,,0.0,,
SVT00236,,22.0,,
SVT00237,,10.0,,
SVT00238,,9.0,,
SVT00239,,8.0,,
SVT00240,,63.0,,
SVT00241,,1.0,,
SVT00242,,73.0,,
SVT00243,,9.0,,
SVT00244,,0.0,,
SVT00245,,0.0,,
SVT00246,,0.0,,
SVT00247,,0.0,,
SVT00249,,0.0,,
SVT00250,,58.0,,
SVT00252,,2.0,,
SVT00254,,2.0,,
SVT00255,,5.0,,
SVT00257,,15.0,,
SVT00258,,0.0,,
SVT00259,,10.0,,
SVT00260,,24.0,,
SVT00261,,13.0,,
SVT00262,,8.0,,
SVT00263,,192.0,,
SVT00264,,11.0,,
SVT00265,,76.0,,
SVT00266,,22.0,,
SVT00267,,103.0,,
SVT00268,,0.0,,
SVT00269,,18.0,,
SVT00270,,51.0,,
SVT00271,,30.0,,
SVT00272,,1.0,,
SVT00273,,1.0,,
SVT00274,,24.0,,
SVT00275,,5.0,,
SVT00276,,45.0,,
SVT00277,,24.0,,
SVT00278,,34.0,,
SVT00279,,42.0,,
SVT00280,,0.0,,
SVT00281,,6.0,,
SVT00282,,0.0,,
SVT00283,,0.0,,
SVT00284,,17.0,,
SVT00285,,66.0,,
SVT00286,,17.0,,
SVT00288,,16.0,,
SVT00289,,130.0,,
SVT00290,,11.0,,
SVT00291,,197.0,,
SVT00292,,0.0,,
SVT00293,,20.0,,
SVT00294,,0.0,,
SVT00295,,0.0,,
SVT00296,,58.0,,
SVT00297,,106.0,,
SVT00298,,29.0,,
SVT00299,,6.0,,
SVT00300,,23.0,,
SVT00301,,13.0,,
SVT00302,,0.0,,
SVT00304,,72.0,,
SVT00305,,7.0,,
SVT00306,,14.0,,
SVT00307,,13.0,,
SVT00308,,10.0,,
SVT00309,,3.0,,
SVT00311,,40.0,,
SVT00312,,9.0,,
SVT00313,,23.0,,
SVT00314,,1.0,,
SVT00315,,124.0,,
SVT00316,,7.0,,
SVT00318,,0.0,,
SVT00319,,0.0,,
SVT00320,,39.0,,
SVT00321,,5.0,,
SVT00323,,87.0,,
SVT00324,,40.0,,
SVT00325,,138.0,,
SVT00326,,63.0,,
SVT00327,,24.0,,
SVT00328,,0.0,,
SVT00329,,0.0,,
SVT00330,,15.0,,
SVT00331,,17.0,,
SVT00332,,61.0,,
SVT00333,,26.0,,
SVT00334,,22.0,,
SVT00335,,4.0,,
SVT00336,,167.0,,
SVT00337,,4.0,,
SVT00338,,0.0,,
SVT00339,,0.0,,
SVT00340,,11.0,,
SVT00341,,47.0,,
SVT00342,,4.0,,
SVT00343,,19.0,,
SVT00344,,2.0,,
SVT00345,,67.0,,
SVT00346,,40.0,,
SVT00347,,22.0,,
SVT00348,,2.0,,
SVT00349,,71.0,,
SVT00350,,5.0,,
SVT00351,,1.0,,
SVT00352,,11.0,,
SVT00353,,5.0,,
SVT00354,,14.0,,
SVT00355,,0.0,,
SVT00357,,29.0,,
SVT00358,,11.0,,
SVT00359,,18.0,,
SVT00360,,17.0,,
SVT00361,,57.0,,
SVT00362,,19.0,,
SVT00363,,9.0,,
SVT00364,,6.0,,
SVT00365,,88.0,,
SVT00366,,33.0,,
SVT00367,,5.0,,
SVT00368,,1.0,,
SVT00369,,49.0,,
SVT00370,,18.0,,
SVT00371,,43.0,,
SVT00372,,0.0,,
SVT00373,,3.0,,
SVT00374,,11.0,,
SVT00375,,32.0,,
SVT00376,,4.0,,
SVT00377,,2.0,,
SVT00378,,3.0,,
SVT00379,,13.0,,
SVT00380,,1.0,,
SVT00381,,1.0,,
SVT00382,,19.0,,
SVT00384,,48.0,,
SVT00386,,6.0,,
SVT00387,,6.0,,
SVT00388,,26.0,,
SVT00389,,11.0,,
SVT00390,,26.0,,
SVT00391,,58.0,,
SVT00392,,8.0,,
SVT00393,,80.0,,
SVT00394,,0.0,,
SVT00395,,2.0,,
SVT00396,,63.0,,
SVT00397,,12.0,,
SVT00399,,49.0,,
SVT00400,,29.0,,
SVT00401,,31.0,,
SVT00402,,4.0,,
SVT00403,,3.0,,
SVT00404,,72.0,,
SVT00405,,19.0,,
SVT00406,,33.0,,
SVT00407,,6.0,,
SVT00408,,22.0,,
SVT00409,,65.0,,
SVT00410,,0.0,,
SVT00411,,9.0,,
SVT00412,,1.0,,
SVT00413,,7.0,,
SVT00414,,40.0,,
SVT00415,,0.0,,
SVT00416,,7.0,,
SVT00417,,4.0,,
SVT00418,,53.0,,
SVT00419,,9.0,,
SVT00420,,8.0,,
SVT00421,,17.0,,
SVT00422,,41.0,,
SVT00424,,0.0,,
SVT00426,,16.0,,
SVT00427,,71.0,,
SVT00428,,50.0,,
SVT00429,,16.0,,
SVT00430,,5.0,,
SVT00431,,0.0,,
SVT00432,,13.0,,
SVT00433,,22.0,,
SVT00434,,55.0,,
SVT00435,,22.0,,
SVT00436,,40.0,,
SVT00437,,30.0,,
SVT00438,,5.0,,
SVT00439,,0.0,,
SVT00440,,0.0,,
SVT00441,,52.0,,
SVT00442,,0.0,,
SVT00443,,30.0,,
SVT00444,,0.0,,
SVT00445,,55.0,,
SVT00446,,67.0,,
SVT00447,,42.0,,
SVT00448,,18.0,,
SVT00449,,123.0,,
SVT00450,,10.0,,
SVT00451,,1.0,,
SVT00452,,1.0,,
SVT00453,,18.0,,
SVT00454,,3.0,,
SVT00455,,2.0,,
SVT00456,,4.0,,
SVT00457,,23.0,,
SVT00458,,126.0,,
SVT00459,,10.0,,
SVT00460,,0.0,,
SVT00461,,3.0,,
SVT00462,,21.0,,
SVT00463,,35.0,,
SVT00466,,30.0,,
SVT00467,,4.0,,
SVT00468,,2.0,,
SVT00469,,0.0,,
SVT00470,,17.0,,
SVT00471,,34.0,,
SVT00472,,14.0,,
SVT00473,,23.0,,
SVT00474,,26.0,,
SVT00475,,28.0,,
SVT00476,,19.0,,
SVT00477,,0.0,,
SVT00478,,1.0,,
SVT00479,,0.0,,
SVT00480,,40.0,,
SVT00481,,38.0,,
SVT00483,,12.0,,
SVT00484,,34.0,,
SVT00485,,64.0,,
SVT00486,,39.0,,
SVT00487,,0.0,,
SVT00488,,24.0,,
SVT00489,,44.0,,
SVT00490,,63.0,,
SVT00491,,0.0,,
SVT00492,,0.0,,
SVT00493,,0.0,,
SVT00494,,2.0,,
SVT00496,,0.0,,
SVT00497,,8.0,,
SVT00498,,6.0,,
SVT00499,,51.0,,
SVT00500,,3.0,,
SVT00501,,21.0,,
SVT00502,,10.0,,
SVT00503,,20.0,,
SVT00505,,16.0,,
SVT00506,,6.0,,
SVT00507,,0.0,,
SVT00508,,8.0,,
SVT00509,,6.0,,
SVT00510,,0.0,,
SVT00511,,2.0,,
SVT00512,,0.0,,
SVT00513,,0.0,,
SVT00514,,0.0,,
SVT00515,,0.0,,
SVT00516,,23.0,,
SVT00517,,21.0,,
SVT00519,,0.0,,
SVT00520,,30.0,,
SVT00521,,43.0,,
SVT00522,,5.0,,
SVT00523,,3.0,,
SVT00524,,24.0,,
SVT00528,,76.0,,
SVT00529,,131.0,,
SVT00530,,1.0,,
SVT00532,,13.0,,
SVT00533,,43.0,,
SVT00534,,0.0,,
SVT00535,,40.0,,
SVT00536,,13.0,,
SVT00537,,80.0,,
SVT00538,,95.0,,
SVT00539,,87.0,,
SVT00540,,18.0,,
SVT00541,,0.0,,
SVT00542,,2.0,,
SVT00543,,17.0,,
SVT00544,,7.0,,
SVT00545,,12.0,,
SVT00546,,0.0,,
SVT00547,,42.0,,
SVT00549,,1.0,,
SVT00550,,7.0,,
SVT00551,,4.0,,
SVT00552,,9.0,,
SVT00553,,0.0,,
SVT00554,,4.0,,
SVT00555,,0.0,,
SVT00556,,18.0,,
SVT00557,,9.0,,
SVT00558,,260.0,,
SVT00559,,44.0,,
SVT00560,,49.0,,
SVT00562,,2.0,,
SVT00563,,27.0,,
SVT00564,,73.0,,
SVT00566,,1.0,,
SVT00567,,0.0,,
SVT00568,,12.0,,
SVT00569,,77.0,,
SVT00570,,72.0,,
SVT00571,,10.0,,
SVT00573,,66.0,,
SVT00574,,6.0,,
SVT00575,,28.0,,
SVT00576,,41.0,,
SVT00577,,12.0,,
SVT00578,,38.0,,
SVT00579,,28.0,,
SVT00580,,32.0,,
SVT00583,,57.0,,
SVT00584,,33.0,,
SVT00585,,22.0,,
SVT00586,,0.0,,
SVT00588,,114.0,,
SVT00589,,0.0,,
SVT00590,,83.0,,
SVT00591,,53.0,,
SVT00592,,0.0,,
SVT00593,,13.0,,
SVT00594,,4.0,,
SVT00595,,2.0,,
SVT00596,,5.0,,
SVT00597,,78.0,,
SVT00598,,58.0,,
SVT00599,,4.0,,
SVT00600,,9.0,,
SVT00601,,79.0,,
SVT00603,,57.0,,
SVT00604,,1.0,,
SVT00605,,39.0,,
SVT00606,,0.0,,
SVT00607,,0.0,,
SVT00608,,0.0,,
SVT00609,,24.0,,
SVT00610,,0.0,,
SVT00611,,31.0,,
SVT00612,,1.0,,
SVT00613,,0.0,,
SVT00614,,1.0,,
SVT00615,,56.0,,
SVT00617,,25.0,,
SVT00618,,0.0,,
SVT00619,,54.0,,
SVT00620,,81.0,,
SVT00621,,143.0,,
SVT00622,,6.0,,
SVT00623,,11.0,,
SVT00624,,40.0,,
SVT00625,,0.0,,
SVT00626,,2.0,,
SVT00627,,65.0,,
SVT00628,,18.0,,
SVT00629,,28.0,,
SVT00630,,3.0,,
SVT00631,,24.0,,
SVT00632,,3.0,,
SVT00633,,10.0,,
SVT00634,,20.0,,
SVT00635,,0.0,,
SVT00636,,4.0,,
SVT00637,,20.0,,
SVT00638,,53.0,,
SVT00639,,4.0,,
SVT00640,,14.0,,
SVT00641,,2.0,,
SVT00643,,18.0,,
SVT00645,,51.0,,
SVT00646,,4.0,,
SVT00647,,23.0,,
SVT00648,,78.0,,
SVT00649,,3.0,,
SVT00651,,31.0,,
SVT00652,,0.0,,
SVT00653,,0.0,,
SVT00654,,7.0,,
SVT00655,,21.0,,
SVT00656,,6.0,,
SVT00657,,13.0,,
SVT00658,,0.0,,
SVT00660,,61.0,,
SVT00662,,18.0,,
SVT00663,,0.0,,
SVT00664,,81.0,,
SVT00665,,2.0,,
SVT00666,,4.0,,
SVT00667,,15.0,,
SVT00668,,14.0,,
SVT00669,,22.0,,
SVT00670,,0.0,,
SVT00672,,57.0,,
SVT00673,,48.0,,
SVT00674,,3.0,,
SVT00675,,0.0,,
SVT00676,,32.0,,
SVT00677,,11.0,,
SVT00678,,113.0,,
SVT00679,,0.0,,
SVT00681,,1.0,,
SVT00683,,61.0,,
SVT00684,,4.0,,
SVT00685,,32.0,,
SVT00686,,66.0,,
SVT00687,,0.0,,
SVT00688,,1.0,,
SVT00689,,39.0,,
SVT00690,,5.0,,
SVT00691,,21.0,,
SVT00692,,1.0,,
SVT00693,,216.0,,
SVT00694,,143.0,,
SVT00695,,20.0,,
SVT00696,,59.0,,
SVT00697,,22.0,,
SVT00699,,4.0,,
SVT00700,,48.0,,
SVT00701,,0.0,,
SVT00702,,11.0,,
SVT00703,,41.0,,
SVT00704,,30.0,,
SVT00705,,13.0,,
SVT00706,,24.0,,
SVT00707,,18.0,,
SVT00708,,9.0,,
SVT00709,,7.0,,
SVT00710,,35.0,,
SVT00711,,36.0,,
SVT00712,,47.0,,
SVT00713,,13.0,,
SVT00714,,46.0,,
SVT00716,,2.0,,
SVT00717,,16.0,,
SVT00718,,46.0,,
SVT00719,,28.0,,
SVT00720,,24.0,,
SVT00721,,48.0,,
SVT00722,,76.0,,
SVT00724,,0.0,,
SVT00725,,47.0,,
SVT00727,,30.0,,
SVT00728,,7.0,,
SVT00729,,5.0,,
SVT00730,,8.0,,
SVT00731,,14.0,,
SVT00732,,0.0,,
SVT00733,,49.0,,
SVT00734,,72.0,,
SVT00735,,24.0,,
SVT00737,,20.0,,
SVT00738,,2.0,,
SVT00739,,14.0,,
SVT00740,,91.0,,
SVT00741,,26.0,,
SVT00742,,0.0,,
SVT00743,,18.0,,
SVT00744,,8.0,,
SVT00745,,52.0,,
SVT00746,,34.0,,
SVT00747,,7.0,,
SVT00748,,44.0,,
SVT00749,,1.0,,
SVT00750,,21.0,,
SVT00751,,0.0,,
SVT00753,,15.0,,
SVT00754,,0.0,,
SVT00755,,3.0,,
SVT00756,,11.0,,
SVT00757,,71.0,,
SVT00758,,48.0,,
SVT00759,,1.0,,
SVT00760,,72.0,,
SVT00761,,3.0,,
SVT00762,,31.0,,
SVT00763,,4.0,,
SVT00764,,17.0,,
SVT00765,,0.0,,
SVT00766,,0.0,,
SVT00767,,46.0,,
SVT00768,,36.0,,
SVT00769,,1.0,,
SVT00770,,24.0,,
SVT00771,,45.0,,
SVT00772,,172.0,,
SVT00773,,53.0,,
SVT00774,,61.0,,
SVT00775,,46.0,,
SVT00776,,25.0,,
SVT00777,,14.0,,
SVT00778,,135.0,,
SVT00779,,0.0,,
SVT00780,,31.0,,
SVT00781,,0.0,,
SVT00782,,69.0,,
SVT00783,,34.0,,
SVT00784,,101.0,,
SVT00785,,37.0,,
SVT00787,,1.0,,
SVT00788,,0.0,,
SVT00790,,1.0,,
SVT00791,,4.0,,
SVT00792,,6.0,,
SVT00793,,5.0,,
SVT00794,,78.0,,
SVT00795,,1.0,,
SVT00796,,1.0,,
SVT00797,,2.0,,
SVT00798,,41.0,,
SVT00799,,0.0,,
SVT00800,,0.0,,
SVT00801,,0.0,,
SVT00802,,115.0,,
SVT00803,,23.0,,
SVT00805,,4.0,,
SVT00806,,53.0,,
SVT00807,,0.0,,
SVT00808,,10.0,,
SVT00809,,5.0,,
SVT00810,,0.0,,
SVT00811,,6.0,,
SVT00812,,11.0,,
SVT00813,,24.0,,
SVT00814,,2.0,,
SVT00815,,0.0,,
SVT00816,,0.0,,
SVT00817,,83.0,,
SVT00818,,54.0,,
SVT00821,,76.0,,
SVT00823,,82.0,,
SVT00824,,37.0,,
SVT00825,,112.0,,
SVT00826,,28.0,,
SVT00827,,126.0,,
SVT00828,,85.0,,
SVT00829,,12.0,,
SVT00830,,33.0,,
SVT00831,,17.0,,
SVT00832,,0.0,,
SVT00833,,24.0,,
SVT00834,,24.0,,
SVT00835,,26.0,,
SVT00836,,27.0,,
SVT00837,,26.0,,
SVT00838,,8.0,,
SVT00839,,67.0,,
SVT00840,,113.0,,
SVT00841,,36.0,,
SVT00842,,113.0,,
SVT00843,,0.0,,
SVT00844,,51.0,,
SVT00845,,11.0,,
SVT00846,,31.0,,
SVT00847,,8.0,,
SVT00848,,31.0,,
SVT00849,,41.0,,
SVT00850,,0.0,,
SVT00852,,4.0,,
SVT00853,,36.0,,
SVT00854,,1.0,,
SVT00855,,4.0,,
SVT00856,,0.0,,
SVT00857,,35.0,,
SVT00858,,61.0,,
SVT00859,,0.0,,
SVT00860,,24.0,,
SVT00861,,90.0,,
SVT00862,,16.0,,
SVT00863,,15.0,,
SVT00864,,10.0,,
SVT00865,,5.0,,
SVT00866,,108.0,,
SVT00867,,9.0,,
SVT00868,,7.0,,
SVT00869,,31.0,,
SVT00870,,1.0,,
SVT00871,,0.0,,
SVT00872,,39.0,,
SVT00873,,0.0,,
SVT00874,,16.0,,
SVT00875,,1.0,,
SVT00877,,50.0,,
SVT00878,,34.0,,
SVT00879,,2.0,,
SVT00881,,2.0,,
SVT00882,,54.0,,
SVT00883,,19.0,,
SVT00884,,6.0,,
SVT00885,,3.0,,
SVT00886,,117.0,,
SVT00887,,31.0,,
SVT00888,,21.0,,
SVT00890,,6.0,,
SVT00891,,250.0,,
SVT00893,,32.0,,
SVT00894,,5.0,,
SVT00895,,27.0,,
SVT00896,,2.0,,
SVT00897,,89.0,,
SVT00898,,6.0,,
SVT00899,,52.0,,
SVT00901,,0.0,,
SVT00902,,25.0,,
SVT00903,,19.0,,
SVT00904,,10.0,,
SVT00905,,8.0,,
SVT00906,,8.0,,
SVT00908,,33.0,,
SVT00909,,79.0,,
SVT00910,,3.0,,
SVT00911,,42.0,,
SVT00912,,0.0,,
SVT00913,,50.0,,
SVT00914,,1.0,,
SVT00915,,1.0,,
SVT00916,,0.0,,
SVT00917,,13.0,,
SVT00918,,19.0,,
SVT00919,,0.0,,
SVT00920,,12.0,,
SVT00921,,9.0,,
SVT00922,,96.0,,
SVT00923,,2.0,,
SVT00924,,24.0,,
SVT00925,,217.0,,
SVT00926,,0.0,,
SVT00927,,1.0,,
SVT00928,,132.0,,
SVT00929,,15.0,,
SVT00930,,8.0,,
SVT00931,,73.0,,
SVT00932,,42.0,,
SVT00933,,85.0,,
SVT00934,,79.0,,
SVT00935,,68.0,,
SVT00936,,10.0,,
SVT00937,,5.0,,
SVT00938,,60.0,,
SVT00939,,8.0,,
SVT00940,,51.0,,
SVT00941,,0.0,,
SVT00942,,0.0,,
SVT00943,,82.0,,
SVT00944,,0.0,,
SVT00945,,41.0,,
SVT00946,,1.0,,
SVT00947,,33.0,,
SVT00948,,16.0,,
SVT00949,,13.0,,
SVT00950,,12.0,,
SVT00951,,32.0,,
SVT00952,,0.0,,
SVT00953,,19.0,,
SVT00955,,15.0,,
SVT00957,,5.0,,
SVT00958,,45.0,,
SVT00959,,4.0,,
SVT00960,,4.0,,
SVT00961,,1.0,,
SVT00962,,21.0,,
SVT00963,,87.0,,
SVT00964,,6.0,,
SVT00965,,32.0,,
SVT00966,,107.0,,
SVT00967,,9.0,,
SVT00968,,2.0,,
SVT00969,,7.0,,
SVT00970,,21.0,,
SVT00971,,11.0,,
SVT00972,,0.0,,
SVT00973,,13.0,,
SVT00974,,2.0,,
SVT00975,,11.0,,
SVT00976,,11.0,,
SVT00977,,58.0,,
SVT00978,,88.0,,
SVT00979,,10.0,,
SVT00980,,0.0,,
SVT00981,,4.0,,
SVT00982,,10.0,,
SVT00984,,11.0,,
SVT00985,,3.0,,
SVT00986,,48.0,,
SVT00987,,1.0,,
SVT00988,,15.0,,
SVT00989,,4.0,,
SVT00990,,82.0,,
SVT00991,,0.0,,
SVT00992,,0.0,,
SVT00993,,31.0,,
SVT00994,,21.0,,
SVT00995,,30.0,,
SVT00996,,25.0,,
SVT00997,,11.0,,
SVT00998,,5.0,,
SVT00999,,128.0,,
SVT01000,,4.0,,
SVT01001,,4.0,,
SVT01002,,72.0,,
SVT01003,,39.0,,
SVT01004,,2.0,,
SVT01005,,0.0,,
SVT01006,,50.0,,
SVT01007,,30.0,,
SVT01008,,2.0,,
SVT01009,,3.0,,
SVT01010,,1.0,,
SVT01011,,22.0,,
SVT01012,,49.0,,
SVT01013,,17.0,,
SVT01014,,43.0,,
SVT01015,,24.0,,
SVT01016,,1.0,,
SVT01017,,0.0,,
SVT01018,,40.0,,
SVT01019,,6.0,,
SVT01020,,3.0,,
SVT01021,,4.0,,
SVT01022,,12.0,,
SVT01023,,88.0,,
SVT01024,,40.0,,
SVT01025,,103.0,,
SVT01026,,9.0,,
SVT01027,,71.0,,
SVT01028,,66.0,,
SVT01029,,36.0,,
SVT01031,,77.0,,
SVT01033,,30.0,,
SVT01034,,0.0,,
SVT01035,,0.0,,
SVT01036,,8.0,,
SVT01037,,89.0,,
SVT01040,,27.0,,
SVT01041,,0.0,,
SVT01042,,26.0,,
SVT01043,,15.0,,
SVT01044,,12.0,,
SVT01045,,65.0,,
SVT01046,,30.0,,
SVT01048,,27.0,,
SVT01049,,0.0,,
SVT01052,,2.0,,
SVT01053,,7.0,,
SVT01054,,3.0,,
SVT01055,,23.0,,
SVT01056,,2.0,,
SVT01057,,19.0,,
SVT01058,,42.0,,
SVT01059,,24.0,,
SVT01060,,16.0,,
SVT01061,,17.0,,
SVT01062,,85.0,,
SVT01064,,0.0,,
SVT01065,,43.0,,
SVT01066,,41.0,,
SVT01067,,1.0,,
SVT01068,,13.0,,
SVT01069,,2.0,,
SVT01070,,4.0,,
SVT01071,,103.0,,
SVT01072,,8.0,,
SVT01073,,42.0,,
SVT01074,,15.0,,
SVT01075,,8.0,,
SVT01076,,31.0,,
SVT01077,,15.0,,
SVT01078,,9.0,,
SVT01079,,25.0,,
SVT01080,,35.0,,
SVT01081,,0.0,,
SVT01082,,12.0,,
SVT01083,,17.0,,
SVT01085,,12.0,,
SVT01086,,72.0,,
SVT01087,,30.0,,
SVT01088,,37.0,,
SVT01089,,15.0,,
SVT01090,,1.0,,
SVT01091,,3.0,,
SVT01092,,7.0,,
SVT01093,,2.0,,
SVT01094,,83.0,,
SVT01095,,29.0,,
SVT01096,,0.0,,
SVT01097,,22.0,,
SVT01098,,9.0,,
SVT01099,,87.0,,
SVT01100,,54.0,,
SVT01101,,0.0,,
SVT01102,,11.0,,
SVT01103,,4.0,,
SVT01104,,2.0,,
SVT01105,,12.0,,
SVT01106,,2.0,,
SVT01107,,12.0,,
SVT01108,,6.0,,
SVT01109,,11.0,,
SVT01110,,25.0,,
SVT01111,,1.0,,
SVT01112,,1.0,,
SVT01113,,14.0,,
SVT01114,,28.0,,
SVT01115,,26.0,,
SVT01116,,20.0,,
SVT01117,,10.0,,
SVT01118,,3.0,,
SVT01119,,10.0,,
SVT01120,,0.0,,
SVT01122,,4.0,,
SVT01123,,34.0,,
SVT01125,,33.0,,
SVT01126,,36.0,,
SVT01127,,22.0,,
SVT01128,,27.0,,
SVT01129,,5.0,,
SVT01130,,6.0,,
SVT01131,,0.0,,
SVT01132,,54.0,,
SVT01133,,12.0,,
SVT01134,,7.0,,
SVT01135,,40.0,,
SVT01137,,7.0,,
SVT01138,,0.0,,
SVT01139,,51.0,,
SVT01140,,17.0,,
SVT01141,,6.0,,
SVT01142,,44.0,,
SVT01143,,13.0,,
SVT01144,,25.0,,
SVT01145,,54.0,,
SVT01146,,14.0,,
SVT01149,,78.0,,
SVT01150,,47.0,,
SVT01151,,100.0,,
SVT01153,,113.0,,
SVT01154,,116.0,,
SVT01156,,18.0,,
SVT01157,,102.0,,
SVT01158,,0.0,,
SVT01159,,0.0,,
SVT01160,,0.0,,
SVT01161,,0.0,,
SVT01162,,102.0,,
SVT01163,,12.0,,
SVT01164,,2.0,,
SVT01165,,4.0,,
SVT01166,,4.0,,
SVT01168,,29.0,,
SVT01169,,0.0,,
SVT01171,,13.0,,
SVT01172,,57.0,,
SVT01173,,34.0,,
SVT01174,,0.0,,
SVT01175,,25.0,,
SVT01176,,1.0,,
SVT01177,,4.0,,
SVT01178,,34.0,,
SVT01179,,14.0,,
SVT01180,,12.0,,
SVT01181,,79.0,,
SVT01183,,7.0,,
SVT01184,,11.0,,
SVT01185,,59.0,,
SVT01186,,29.0,,
SVT01187,,0.0,,
SVT01188,,14.0,,
SVT01189,,10.0,,
SVT01190,,7.0,,
SVT01191,,54.0,,
SVT01192,,1.0,,
SVT01193,,0.0,,
SVT01194,,51.0,,
SVT01195,,89.0,,
SVT01196,,38.0,,
SVT01197,,116.0,,
SVT01198,,87.0,,
SVT01199,,53.0,,
SVT01200,,41.0,,
SVT01201,,63.0,,
SVT01204,,14.0,,
SVT01205,,0.0,,
SVT01206,,21.0,,
SVT01207,,95.0,,
SVT01208,,19.0,,
SVT01209,,4.0,,
SVT01210,,111.0,,
SVT01211,,0.0,,
SVT01212,,26.0,,
SVT01214,,0.0,,
SVT01215,,0.0,,
SVT01216,,0.0,,
SVT01217,,4.0,,
SVT01218,,65.0,,
SVT01219,,0.0,,
SVT01221,,27.0,,
SVT01222,,0.0,,
SVT01223,,121.0,,
SVT01224,,8.0,,
SVT01225,,34.0,,
SVT01226,,32.0,,
SVT01227,,0.0,,
SVT01228,,46.0,,
SVT01229,,2.0,,
SVT01230,,61.0,,
SVT01231,,4.0,,
SVT01232,,0.0,,
SVT01233,,88.0,,
SVT01234,,8.0,,
SVT01235,,1.0,,
SVT01236,,7.0,,
SVT01237,,59.0,,
SVT01238,,2.0,,
SVT01239,,16.0,,
SVT01240,,22.0,,
SVT01241,,88.0,,
SVT01242,,71.0,,
SVT01243,,118.0,,
SVT01244,,0.0,,
SVT01245,,2.0,,
SVT01246,,53.0,,
SVT01247,,2.0,,
SVT01248,,12.0,,
SVT01249,,8.0,,
SVT01250,,18.0,,
SVT01251,,9.0,,
SVT01252,,60.0,,
SVT01253,,0.0,,
SVT01254,,45.0,,
SVT01255,,2.0,,
SVT01256,,0.0,,
SVT01257,,37.0,,
SVT01258,,2.0,,
SVT01259,,91.0,,
SVT01260,,15.0,,
SVT01261,,37.0,,
SVT01262,,9.0,,
SVT01263,,2.0,,
SVT01264,,19.0,,
SVT01265,,72.0,,
SVT01266,,89.0,,
SVT01267,,24.0,,
SVT01268,,2.0,,
SVT01269,,9.0,,
SVT01270,,32.0,,
SVT01271,,1.0,,
SVT01272,,22.0,,
SVT01273,,75.0,,
SVT01274,,29.0,,
SVT01275,,30.0,,
SVT01276,,53.0,,
SVT01277,,22.0,,
SVT01279,,0.0,,
SVT01280,,18.0,,
SVT01281,,45.0,,
SVT01282,,0.0,,
SVT01283,,16.0,,
SVT01284,,2.0,,
SVT01285,,1.0,,
SVT01286,,31.0,,
SVT01287,,7.0,,
SVT01288,,80.0,,
SVT01289,,33.0,,
SVT01290,,6.0,,
SVT01291,,13.0,,
SVT01292,,7.0,,
SVT01293,,55.0,,
SVT01294,,33.0,,
SVT01295,,56.0,,
SVT01296,,66.0,,
SVT01297,,18.0,,
SVT01298,,52.0,,
SVT01299,,3.0,,
SVT01300,,3.0,,
SVT01301,,1.0,,
SVT01302,,94.0,,
SVT01303,,42.0,,
SVT01304,,0.0,,
SVT01305,,2.0,,
SVT01306,,30.0,,
SVT01308,,28.0,,
SVT01309,,5.0,,
SVT01310,,0.0,,
SVT01311,,7.0,,
SVT01312,,6.0,,
SVT01313,,2.0,,
SVT01314,,43.0,,
SVT01315,,4.0,,
SVT01316,,1.0,,
SVT01317,,33.0,,
SVT01318,,28.0,,
SVT01319,,1.0,,
SVT01320,,91.0,,
SVT01321,,5.0,,
SVT01322,,70.0,,
SVT01323,,11.0,,
SVT01324,,18.0,,
SVT01325,,15.0,,
SVT01326,,102.0,,
SVT01328,,39.0,,
SVT01331,,35.0,,
SVT01332,,1.0,,
SVT01333,,9.0,,
SVT01334,,38.0,,
SVT01336,,3.0,,
SVT01337,,65.0,,
SVT01338,,48.0,,
SVT01339,,69.0,,
SVT01340,,76.0,,
SVT01341,,30.0,,
SVT01342,,4.0,,
SVT01343,,4.0,,
SVT01344,,20.0,,
SVT01345,,3.0,,
SVT01346,,0.0,,
SVT01347,,6.0,,
SVT01348,,5.0,,
SVT01349,,2.0,,
SVT01350,,7.0,,
SVT01351,,100.0,,
SVT01352,,22.0,,
SVT01353,,51.0,,
SVT01355,,0.0,,
SVT01356,,5.0,,
SVT01357,,1.0,,
SVT01358,,33.0,,
SVT01359,,22.0,,
SVT01360,,5.0,,
SVT01361,,86.0,,
SVT01362,,25.0,,
SVT01363,,0.0,,
SVT01364,,74.0,,
SVT01365,,3.0,,
SVT01366,,42.0,,
SVT01367,,84.0,,
SVT01369,,0.0,,
SVT01370,,28.0,,
SVT01371,,13.0,,
SVT01372,,0.0,,
SVT01373,,0.0,,
SVT01374,,0.0,,
SVT01375,,20.0,,
SVT01376,,0.0,,
SVT01378,,17.0,,
SVT01379,,2.0,,
SVT01381,,0.0,,
SVT01382,,0.0,,
SVT01383,,18.0,,
SVT01384,,24.0,,
SVT01385,,41.0,,
SVT01386,,45.0,,
SVT01387,,4.0,,
SVT01388,,0.0,,
SVT01389,,20.0,,
SVT01390,,8.0,,
SVT01391,,0.0,,
SVT01392,,61.0,,
SVT01393,,4.0,,
SVT01394,,0.0,,
SVT01395,,23.0,,
SVT01396,,6.0,,
SVT01397,,9.0,,
SVT01398,,0.0,,
SVT01399,,15.0,,
SVT01400,,54.0,,
SVT01401,,26.0,,
SVT01402,,13.0,,
SVT01403,,49.0,,
SVT01405,,0.0,,
SVT01406,,50.0,,
SVT01407,,74.0,,
SVT01409,,2.0,,
SVT01410,,97.0,,
SVT01411,,0.0,,
SVT01412,,0.0,,
SVT01413,,7.0,,
SVT01415,,39.0,,
SVT01416,,0.0,,
SVT01417,,0.0,,
SVT01418,,0.0,,
SVT01419,,22.0,,
SVT01420,,42.0,,
SVT01421,,54.0,,
SVT01422,,5.0,,
SVT01423,,19.0,,
SVT01424,,39.0,,
SVT01425,,77.0,,
SVT01426,,18.0,,
SVT01427,,10.0,,
SVT01429,,53.0,,
SVT01430,,25.0,,
SVT01431,,6.0,,
SVT01432,,110.0,,
SVT01433,,30.0,,
SVT01434,,225.0,,
SVT01435,,33.0,,
SVT01436,,3.0,,
SVT01437,,18.0,,
SVT01439,,5.0,,
SVT01440,,0.0,,
SVT01442,,2.0,,
SVT01443,,124.0,,
SVT01444,,1.0,,
SVT01445,,77.0,,
SVT01446,,0.0,,
SVT01447,,196.0,,
SVT01448,,27.0,,
SVT01449,,1.0,,
SVT01450,,34.0,,
SVT01451,,0.0,,
SVT01452,,34.0,,
SVT01453,,114.0,,
SVT01455,,66.0,,
SVT01456,,1.0,,
SVT01460,,16.0,,
SVT01461,,0.0,,
SVT01462,,45.0,,
SVT01463,,2.0,,
SVT01464,,3.0,,
SVT01465,,3.0,,
SVT01466,,2.0,,
SVT01467,,5.0,,
SVT01468,,18.0,,
SVT01469,,0.0,,
SVT01470,,5.0,,
SVT01472,,0.0,,
SVT01474,,0.0,,
SVT01475,,21.0,,
SVT01476,,2.0,,
SVT01477,,11.0,,
SVT01479,,33.0,,
SVT01480,,20.0,,
SVT01481,,37.0,,
SVT01482,,4.0,,
SVT01483,,24.0,,
SVT01484,,3.0,,
SVT01485,,10.0,,
SVT01486,,20.0,,
SVT01487,,2.0,,
SVT01488,,0.0,,
SVT01490,,2.0,,
SVT01491,,3.0,,
SVT01492,,27.0,,
SVT01493,,10.0,,
SVT01494,,81.0,,
SVT01495,,41.0,,
SVT01496,,17.0,,
SVT01497,,11.0,,
SVT01498,,30.0,,
SVT01499,,73.0,,
SVT01500,,15.0,,
SVT01501,,16.0,,
SVT01502,,3.0,,
SVT01503,,0.0,,
SVT01504,,0.0,,
SVT01505,,14.0,,
SVT01506,,10.0,,
SVT01507,,14.0,,
SVT01508,,23.0,,
SVT01510,,22.0,,
SVT01511,,109.0,,
SVT01513,,0.0,,
SVT01514,,6.0,,
SVT01515,,123.0,,
SVT01516,,37.0,,
SVT01517,,9.0,,
SVT01518,,3.0,,
SVT01519,,5.0,,
SVT01520,,7.0,,
SVT01521,,51.0,,
SVT01523,,22.0,,
SVT01524,,12.0,,
SVT01525,,0.0,,
SVT01526,,0.0,,
SVT01528,,26.0,,
SVT01529,,1.0,,
SVT01530,,43.0,,
SVT01531,,10.0,,
SVT01532,,6.0,,
SVT01533,,4.0,,
SVT01534,,12.0,,
SVT01535,,22.0,,
SVT01536,,0.0,,
SVT01537,,2.0,,
SVT01538,,0.0,,
SVT01539,,15.0,,
SVT01540,,0.0,,
SVT01541,,18.0,,
SVT01542,,15.0,,
SVT01543,,9.0,,
SVT01544,,30.0,,
SVT01545,,1.0,,
SVT01547,,52.0,,
SVT01548,,30.0,,
SVT01549,,0.0,,
SVT01550,,78.0,,
SVT01551,,35.0,,
SVT01552,,24.0,,
SVT01553,,8.0,,
SVT01554,,15.0,,
SVT01555,,5.0,,
SVT01556,,29.0,,
SVT01557,,8.0,,
SVT01558,,8.0,,
SVT01559,,7.0,,
SVT01560,,3.0,,
SVT01561,,76.0,,
SVT01562,,76.0,,
SVT01563,,20.0,,
SVT01564,,10.0,,
SVT01565,,22.0,,
SVT01566,,10.0,,
SVT01567,,95.0,,
SVT01569,,0.0,,
SVT01570,,39.0,,
SVT01571,,80.0,,
SVT01572,,0.0,,
SVT01573,,147.0,,
SVT01574,,0.0,,
SVT01575,,54.0,,
SVT01576,,17.0,,
SVT01577,,7.0,,
SVT01578,,40.0,,
SVT01579,,33.0,,
SVT01580,,1.0,,
SVT01581,,2.0,,
SVT01583,,4.0,,
SVT01584,,2.0,,
SVT01585,,12.0,,
SVT01586,,98.0,,
SVT01587,,6.0,,
SVT01588,,17.0,,
SVT01589,,43.0,,
SVT01590,,0.0,,
SVT01591,,6.0,,
SVT01592,,75.0,,
SVT01594,,10.0,,
SVT01595,,29.0,,
SVT01596,,23.0,,
SVT01597,,23.0,,
SVT01598,,15.0,,
SVT01599,,60.0,,
SVT01600,,55.0,,
SVT01601,,1.0,,
SVT01602,,16.0,,
SVT01603,,1.0,,
SVT01604,,140.0,,
SVT01606,,21.0,,
SVT01607,,0.0,,
SVT01608,,19.0,,
SVT01609,,103.0,,
SVT01611,,25.0,,
SVT01612,,42.0,,
SVT01613,,7.0,,
SVT01614,,1.0,,
SVT01615,,0.0,,
SVT01616,,6.0,,
SVT01617,,13.0,,
SVT01618,,1.0,,
SVT01619,,31.0,,
SVT01620,,2.0,,
SVT01621,,3.0,,
SVT01622,,20.0,,
SVT01623,,8.0,,
SVT01624,,2.0,,
SVT01625,,52.0,,
SVT01626,,28.0,,
SVT01627,,53.0,,
SVT01629,,27.0,,
SVT01630,,61.0,,
SVT01631,,5.0,,
SVT01632,,89.0,,
SVT01633,,33.0,,
SVT01634,,5.0,,
SVT01636,,23.0,,
SVT01637,,19.0,,
SVT01638,,1.0,,
SVT01639,,33.0,,
SVT01640,,58.0,,
SVT01641,,63.0,,
SVT01642,,20.0,,
SVT01644,,70.0,,
SVT01645,,69.0,,
SVT01647,,67.0,,
SVT01648,,44.0,,
SVT01649,,134.0,,
SVT01650,,22.0,,
SVT01651,,7.0,,
SVT01652,,3.0,,
SVT01653,,0.0,,
SVT01655,,9.0,,
SVT01657,,0.0,,
SVT01658,,19.0,,
SVT01660,,14.0,,
SVT01661,,0.0,,
SVT01663,,5.0,,
SVT01664,,7.0,,
SVT01665,,2.0,,
SVT01666,,49.0,,
SVT01667,,65.0,,
SVT01668,,7.0,,
SVT01669,,203.0,,
SVT01670,,52.0,,
SVT01671,,1.0,,
SVT01672,,4.0,,
SVT01673,,29.0,,
SVT01674,,4.0,,
SVT01675,,22.0,,
SVT01676,,40.0,,
SVT01677,,69.0,,
SVT01678,,65.0,,
SVT01679,,2.0,,
SVT01680,,32.0,,
SVT01681,,0.0,,
SVT01682,,0.0,,
SVT01683,,11.0,,
SVT01684,,25.0,,
SVT01685,,16.0,,
SVT01686,,5.0,,
SVT01687,,1.0,,
SVT01688,,18.0,,
SVT01689,,1.0,,
SVT01690,,67.0,,
SVT01691,,7.0,,
SVT01692,,17.0,,
SVT01693,,2.0,,
SVT01694,,26.0,,
SVT01695,,7.0,,
SVT01696,,7.0,,
SVT01697,,44.0,,
SVT01698,,1.0,,
SVT01700,,4.0,,
SVT01701,,60.0,,
SVT01702,,3.0,,
SVT01703,,13.0,,
SVT01704,,34.0,,
SVT01705,,20.0,,
SVT01706,,22.0,,
SVT01707,,0.0,,
SVT01708,,17.0,,
SVT01710,,79.0,,
SVT01711,,54.0,,
SVT01712,,58.0,,
SVT01713,,45.0,,
SVT01714,,2.0,,
SVT01715,,0.0,,
SVT01716,,16.0,,
SVT01717,,4.0,,
SVT01718,,6.0,,
SVT01719,,42.0,,
SVT01720,,17.0,,
SVT01721,,2.0,,
SVT01722,,41.0,,
SVT01723,,6.0,,
SVT01724,,20.0,,
SVT01725,,35.0,,
SVT01726,,1.0,,
SVT01727,,44.0,,
SVT01728,,37.0,,
SVT01729,,62.0,,
SVT01730,,17.0,,
SVT01731,,26.0,,
SVT01733,,0.0,,
SVT01734,,19.0,,
SVT01735,,83.0,,
SVT01736,,4.0,,
SVT01737,,85.0,,
SVT01738,,5.0,,
SVT01739,,3.0,,
SVT01740,,4.0,,
SVT01741,,12.0,,
SVT01742,,61.0,,
SVT01745,,7.0,,
SVT01746,,0.0,,
SVT01747,,69.0,,
SVT01748,,58.0,,
SVT01750,,42.0,,
SVT01751,,4.0,,
SVT01752,,4.0,,
SVT01753,,0.0,,
SVT01754,,41.0,,
SVT01755,,1.0,,
SVT01756,,10.0,,
SVT01757,,12.0,,
SVT01758,,1.0,,
SVT01759,,0.0,,
SVT01760,,4.0,,
SVT01761,,10.0,,
SVT01762,,25.0,,
SVT01763,,0.0,,
SVT01764,,134.0,,
SVT01765,,23.0,,
SVT01766,,10.0,,
SVT01767,,0.0,,
SVT01768,,0.0,,
SVT01769,,4.0,,
SVT01770,,45.0,,
SVT01771,,0.0,,
SVT01772,,29.0,,
SVT01773,,42.0,,
SVT01774,,5.0,,
SVT01775,,6.0,,
SVT01776,,1.0,,
SVT01777,,10.0,,
SVT01778,,0.0,,
SVT01779,,81.0,,
SVT01780,,45.0,,
SVT01781,,2.0,,
SVT01783,,0.0,,
SVT01784,,29.0,,
SVT01785,,0.0,,
SVT01787,,5.0,,
SVT01789,,0.0,,
SVT01790,,0.0,,
SVT01791,,90.0,,
SVT01792,,45.0,,
SVT01793,,0.0,,
SVT01794,,12.0,,
SVT01796,,1.0,,
SVT01797,,103.0,,
SVT01798,,99.0,,
SVT01799,,179.0,,
SVT01800,,14.0,,
SVT01801,,11.0,,
SVT01802,,22.0,,
SVT01803,,0.0,,
SVT01804,,29.0,,
SVT01805,,38.0,,
SVT01806,,1.0,,
SVT01807,,39.0,,
SVT01808,,58.0,,
SVT01809,,101.0,,
SVT01810,,9.0,,
SVT01811,,3.0,,
SVT01812,,11.0,,
SVT01813,,37.0,,
SVT01814,,0.0,,
SVT01815,,2.0,,
SVT01816,,13.0,,
SVT01817,,1.0,,
SVT01818,,10.0,,
SVT01819,,26.0,,
SVT01820,,79.0,,
SVT01821,,22.0,,
SVT01822,,68.0,,
SVT01823,,0.0,,
SVT01824,,0.0,,
SVT01825,,13.0,,
SVT01826,,29.0,,
SVT01827,,14.0,,
SVT01828,,18.0,,
SVT01829,,4.0,,
SVT01830,,22.0,,
SVT01832,,7.0,,
SVT01833,,40.0,,
SVT01834,,4.0,,
SVT01835,,2.0,,
SVT01836,,17.0,,
SVT01837,,24.0,,
SVT01838,,73.0,,
SVT01839,,0.0,,
SVT01840,,40.0,,
SVT01841,,2.0,,
SVT01842,,62.0,,
SVT01843,,1.0,,
SVT01844,,6.0,,
SVT01845,,7.0,,
SVT01846,,0.0,,
SVT01847,,23.0,,
SVT01848,,33.0,,
SVT01849,,19.0,,
SVT01850,,0.0,,
SVT01851,,48.0,,
SVT01852,,44.0,,
SVT01853,,0.0,,
SVT01854,,13.0,,
SVT01855,,8.0,,
SVT01856,,55.0,,
SVT01857,,2.0,,
SVT01858,,40.0,,
SVT01859,,14.0,,
SVT01860,,27.0,,
SVT01861,,21.0,,
SVT01863,,1.0,,
SVT01864,,14.0,,
SVT01866,,0.0,,
SVT01867,,23.0,,
SVT01868,,21.0,,
SVT01869,,104.0,,
SVT01870,,68.0,,
SVT01871,,3.0,,
SVT01872,,3.0,,
SVT01873,,70.0,,
SVT01874,,0.0,,
SVT01876,,36.0,,
SVT01877,,8.0,,
SVT01878,,1.0,,
SVT01879,,3.0,,
SVT01880,,30.0,,
SVT01881,,0.0,,
SVT01882,,4.0,,
SVT01883,,34.0,,
SVT01884,,50.0,,
SVT01885,,31.0,,
SVT01887,,113.0,,
SVT01888,,108.0,,
SVT01889,,0.0,,
SVT01890,,11.0,,
SVT01891,,3.0,,
SVT01892,,0.0,,
SVT01893,,19.0,,
SVT01894,,46.0,,
SVT01895,,14.0,,
SVT01897,,2.0,,
SVT01899,,5.0,,
SVT01900,,9.0,,
SVT01901,,0.0,,
SVT01902,,19.0,,
SVT01903,,8.0,,
SVT01904,,6.0,,
SVT01905,,24.0,,
SVT01906,,2.0,,
SVT01907,,2.0,,
SVT01908,,0.0,,
SVT01909,,43.0,,
SVT01910,,19.0,,
SVT01911,,29.0,,
SVT01912,,61.0,,
SVT01913,,111.0,,
SVT01914,,6.0,,
SVT01915,,35.0,,
SVT01916,,0.0,,
SVT01919,,41.0,,
SVT01920,,5.0,,
SVT01921,,0.0,,
SVT01922,,7.0,,
SVT01923,,1.0,,
SVT01924,,0.0,,
SVT01926,,39.0,,
SVT01927,,18.0,,
SVT01929,,115.0,,
SVT01930,,57.0,,
SVT01931,,21.0,,
SVT01932,,10.0,,
SVT01933,,13.0,,
SVT01934,,35.0,,
SVT01935,,0.0,,
SVT01936,,1.0,,
SVT01937,,3.0,,
SVT01938,,22.0,,
SVT01939,,9.0,,
SVT01941,,8.0,,
SVT01942,,31.0,,
SVT01943,,1.0,,
SVT01944,,27.0,,
SVT01945,,0.0,,
SVT01946,,74.0,,
SVT01948,,0.0,,
SVT01949,,0.0,,
SVT01950,,68.0,,
SVT01952,,0.0,,
SVT01953,,19.0,,
SVT01955,,0.0,,
SVT01956,,33.0,,
SVT01957,,2.0,,
SVT01958,,50.0,,
SVT01959,,0.0,,
SVT01960,,13.0,,
SVT01961,,3.0,,
SVT01962,,0.0,,
SVT01963,,10.0,,
SVT01964,,15.0,,
SVT01965,,0.0,,
SVT01966,,18.0,,
SVT01967,,25.0,,
SVT01968,,22.0,,
SVT01969,,0.0,,
SVT01970,,21.0,,
SVT01971,,1.0,,
SVT01972,,13.0,,
SVT01973,,15.0,,
SVT01974,,13.0,,
SVT01975,,4.0,,
SVT01977,,39.0,,
SVT01978,,4.0,,
SVT01980,,53.0,,
SVT01981,,7.0,,
SVT01982,,9.0,,
SVT01983,,0.0,,
SVT01984,,46.0,,
SVT01985,,0.0,,
SVT01986,,32.0,,
SVT01987,,8.0,,
SVT01988,,26.0,,
SVT01989,,15.0,,
SVT01991,,0.0,,
SVT01993,,1.0,,
SVT01994,,56.0,,
SVT01995,,13.0,,
SVT01996,,1.0,,
SVT01997,,5.0,,
SVT01998,,74.0,,
SVT01999,,41.0,,
SVT02000,,4.0,,
SVT02001,,0.0,,
SVT02002,,68.0,,
SVT02003,,60.0,,
SVT02004,,17.0,,
SVT02005,,8.0,,
SVT02006,,43.0,,
SVT02008,,34.0,,
SVT02009,,7.0,,
SVT02011,,1.0,,
SVT02012,,12.0,,
SVT02013,,36.0,,
SVT02014,,4.0,,
SVT02015,,28.0,,
SVT02017,,7.0,,
SVT02021,,2.0,,
SVT02022,,19.0,,
SVT02023,,16.0,,
SVT02024,,23.0,,
SVT02025,,2.0,,
SVT02026,,23.0,,
SVT02027,,38.0,,
SVT02028,,27.0,,
SVT02029,,21.0,,
SVT02030,,0.0,,
SVT02031,,23.0,,
SVT02032,,48.0,,
SVT02033,,0.0,,
SVT02035,,0.0,,
SVT02037,,0.0,,
SVT02038,,33.0,,
SVT02039,,94.0,,
SVT02040,,4.0,,
SVT02042,,8.0,,
SVT02043,,35.0,,
SVT02044,,14.0,,
SVT02045,,9.0,,
SVT02046,,7.0,,
SVT02047,,6.0,,
SVT02048,,27.0,,
SVT02049,,0.0,,
SVT02050,,14.0,,
SVT02051,,0.0,,
SVT02053,,0.0,,
SVT02054,,0.0,,
SVT02055,,12.0,,
SVT02056,,4.0,,
SVT02057,,12.0,,
SVT02058,,62.0,,
SVT02059,,61.0,,
SVT02060,,3.0,,
SVT02061,,57.0,,
SVT02064,,3.0,,
SVT02065,,0.0,,
SVT02066,,2.0,,
SVT02067,,0.0,,
SVT02068,,12.0,,
SVT02069,,0.0,,
SVT02070,,4.0,,
SVT02071,,2.0,,
SVT02072,,42.0,,
SVT02073,,11.0,,
SVT02074,,7.0,,
SVT02075,,6.0,,
SVT02076,,208.0,,
SVT02077,,104.0,,
SVT02078,,0.0,,
SVT02079,,23.0,,
SVT02080,,0.0,,
SVT02081,,82.0,,
SVT02082,,32.0,,
SVT02083,,33.0,,
SVT02084,,30.0,,
SVT02085,,10.0,,
SVT02086,,4.0,,
SVT02087,,14.0,,
SVT02088,,1.0,,
SVT02090,,61.0,,
SVT02091,,0.0,,
SVT02092,,9.0,,
SVT02093,,1.0,,
SVT02094,,58.0,,
SVT02095,,16.0,,
SVT02096,,23.0,,
SVT02097,,9.0,,
SVT02098,,19.0,,
SVT02099,,0.0,,
SVT02100,,36.0,,
SVT02101,,13.0,,
SVT02102,,17.0,,
SVT02104,,20.0,,
SVT02105,,2.0,,
SVT02106,,4.0,,
SVT02107,,0.0,,
SVT02109,,37.0,,
SVT02110,,5.0,,
SVT02111,,66.0,,
SVT02112,,9.0,,
SVT02113,,47.0,,
SVT02114,,25.0,,
SVT02115,,9.0,,
SVT02116,,19.0,,
SVT02117,,50.0,,
SVT02118,,4.0,,
SVT02119,,36.0,,
SVT02120,,23.0,,
SVT02121,,22.0,,
SVT02122,,5.0,,
SVT02123,,141.0,,
SVT02124,,1.0,,
SVT02125,,67.0,,
SVT02126,,32.0,,
SVT02127,,8.0,,
SVT02128,,31.0,,
SVT02129,,10.0,,
SVT02130,,9.0,,
SVT02131,,16.0,,
SVT02132,,21.0,,
SVT02133,,0.0,,
SVT02134,,2.0,,
SVT02135,,3.0,,
SVT02136,,12.0,,
SVT02137,,10.0,,
SVT02138,,35.0,,
SVT02140,,22.0,,
SVT02142,,9.0,,
SVT02143,,8.0,,
SVT02144,,0.0,,
SVT02145,,0.0,,
SVT02146,,7.0,,
SVT02148,,21.0,,
SVT02149,,45.0,,
SVT02150,,20.0,,
SVT02151,,24.0,,
SVT02152,,41.0,,
SVT02153,,3.0,,
SVT02154,,76.0,,
SVT02155,,15.0,,
SVT02156,,0.0,,
SVT02157,,2.0,,
SVT02158,,8.0,,
SVT02159,,13.0,,
SVT02160,,4.0,,
SVT02161,,11.0,,
SVT02162,,1.0,,
SVT02163,,127.0,,
SVT02164,,39.0,,
SVT02165,,28.0,,
SVT02166,,18.0,,
SVT02168,,48.0,,
SVT02169,,109.0,,
SVT02170,,15.0,,
SVT02171,,50.0,,
SVT02172,,37.0,,
SVT02173,,0.0,,
SVT02174,,29.0,,
SVT02175,,0.0,,
SVT02178,,6.0,,
SVT02179,,33.0,,
SVT02180,,10.0,,
SVT02181,,81.0,,
SVT02182,,0.0,,
SVT02183,,14.0,,
SVT02184,,1.0,,
SVT02185,,11.0,,
SVT02186,,29.0,,
SVT02187,,17.0,,
SVT02188,,1.0,,
SVT02189,,28.0,,
SVT02190,,6.0,,
SVT02191,,0.0,,
SVT02192,,49.0,,
SVT02193,,0.0,,
SVT02194,,0.0,,
SVT02195,,1.0,,
SVT02196,,20.0,,
SVT02197,,38.0,,
SVT02199,,73.0,,
SVT02201,,33.0,,
SVT02202,,51.0,,
SVT02203,,29.0,,
SVT02205,,70.0,,
SVT02206,,33.0,,
SVT02207,,5.0,,
SVT02208,,0.0,,
SVT02209,,0.0,,
SVT02210,,10.0,,
SVT02212,,2.0,,
SVT02213,,0.0,,
SVT02214,,70.0,,
SVT02215,,0.0,,
SVT02216,,57.0,,
SVT02217,,16.0,,
SVT02218,,1.0,,
SVT02219,,36.0,,
SVT02221,,0.0,,
SVT02222,,9.0,,
SVT02223,,9.0,,
SVT02224,,3.0,,
SVT02225,,1.0,,
SVT02226,,0.0,,
SVT02228,,18.0,,
SVT02229,,4.0,,
SVT02230,,4.0,,
SVT02231,,1.0,,
SVT02233,,16.0,,
SVT02234,,11.0,,
SVT02235,,36.0,,
SVT02236,,0.0,,
SVT02237,,4.0,,
SVT02239,,84.0,,
SVT02240,,0.0,,
SVT02241,,10.0,,
SVT02242,,0.0,,
SVT02243,,3.0,,
SVT02244,,59.0,,
SVT02245,,13.0,,
SVT02246,,13.0,,
SVT02247,,3.0,,
SVT02248,,8.0,,
SVT02249,,156.0,,
SVT02250,,0.0,,
SVT02251,,237.0,,
SVT02252,,4.0,,
SVT02254,,24.0,,
SVT02255,,14.0,,
SVT02257,,4.0,,
SVT02258,,1.0,,
SVT02259,,2.0,,
SVT02260,,0.0,,
SVT02261,,0.0,,
SVT02262,,0.0,,
SVT02263,,7.0,,
SVT02264,,11.0,,
SVT02265,,0.0,,
SVT02267,,51.0,,
SVT02268,,18.0,,
SVT02269,,2.0,,
SVT02271,,18.0,,
SVT02272,,17.0,,
SVT02273,,67.0,,
SVT02274,,39.0,,
SVT02275,,145.0,,
SVT02277,,60.0,,
SVT02278,,133.0,,
SVT02279,,0.0,,
SVT02280,,20.0,,
SVT02281,,41.0,,
SVT02282,,0.0,,
SVT02283,,97.0,,
SVT02284,,17.0,,
SVT02285,,7.0,,
SVT02287,,0.0,,
SVT02288,,8.0,,
SVT02289,,28.0,,
SVT02290,,9.0,,
SVT02291,,55.0,,
SVT02292,,6.0,,
SVT02293,,14.0,,
SVT02296,,2.0,,
SVT02297,,2.0,,
SVT02298,,4.0,,
SVT02299,,42.0,,
SVT02300,,22.0,,
SVT02301,,64.0,,
SVT02302,,37.0,,
SVT02303,,5.0,,
SVT02304,,35.0,,
SVT02305,,0.0,,
SVT02306,,12.0,,
SVT02307,,10.0,,
SVT02308,,2.0,,
SVT02309,,24.0,,
SVT02310,,0.0,,
SVT02311,,5.0,,
SVT02312,,3.0,,
SVT02313,,13.0,,
SVT02314,,47.0,,
SVT02315,,1.0,,
SVT02316,,36.0,,
SVT02317,,15.0,,
SVT02318,,79.0,,
SVT02319,,15.0,,
SVT02320,,58.0,,
SVT02321,,13.0,,
SVT02322,,8.0,,
SVT02323,,7.0,,
SVT02324,,92.0,,
SVT02325,,56.0,,
SVT02327,,0.0,,
SVT02328,,25.0,,
SVT02329,,12.0,,
SVT02330,,74.0,,
SVT02331,,2.0,,
SVT02332,,63.0,,
SVT02333,,41.0,,
SVT02335,,10.0,,
SVT02336,,0.0,,
SVT02337,,69.0,,
SVT02338,,10.0,,
SVT02339,,4.0,,
SVT02340,,53.0,,
SVT02342,,17.0,,
SVT02343,,0.0,,
SVT02345,,30.0,,
SVT02346,,69.0,,
SVT02347,,0.0,,
SVT02348,,39.0,,
SVT02349,,19.0,,
SVT02350,,14.0,,
SVT02351,,8.0,,
SVT02352,,5.0,,
SVT02353,,35.0,,
SVT02354,,24.0,,
SVT02355,,17.0,,
SVT02356,,5.0,,
SVT02357,,9.0,,
SVT02358,,6.0,,
SVT02359,,24.0,,
SVT02360,,36.0,,
SVT02361,,149.0,,
SVT02362,,0.0,,
SVT02363,,2.0,,
SVT02364,,5.0,,
SVT02365,,16.0,,
SVT02366,,0.0,,
SVT02367,,0.0,,
SVT02368,,0.0,,
SVT02369,,35.0,,
SVT02370,,3.0,,
SVT02371,,14.0,,
SVT02373,,63.0,,
SVT02374,,0.0,,
SVT02375,,5.0,,
SVT02376,,18.0,,
SVT02377,,0.0,,
SVT02378,,2.0,,
SVT02379,,0.0,,
SVT02380,,34.0,,
SVT02381,,12.0,,
SVT02383,,5.0,,
SVT02384,,1.0,,
SVT02385,,1.0,,
SVT02386,,4.0,,
SVT02387,,5.0,,
SVT02388,,22.0,,
SVT02389,,87.0,,
SVT02390,,4.0,,
SVT02391,,25.0,,
SVT02392,,34.0,,
SVT02393,,21.0,,
SVT02394,,2.0,,
SVT02395,,29.0,,
SVT02396,,23.0,,
SVT02397,,14.0,,
SVT02398,,12.0,,
SVT02399,,14.0,,
SVT02401,,29.0,,
SVT02402,,25.0,,
SVT02403,,32.0,,
SVT02404,,41.0,,
SVT02405,,49.0,,
SVT02406,,18.0,,
SVT02407,,47.0,,
SVT02408,,15.0,,
SVT02409,,0.0,,
SVT02410,,0.0,,
SVT02411,,8.0,,
SVT02412,,50.0,,
SVT02413,,27.0,,
SVT02414,,63.0,,
SVT02416,,4.0,,
SVT02418,,0.0,,
SVT02419,,4.0,,
SVT02420,,21.0,,
SVT02421,,0.0,,
SVT02422,,5.0,,
SVT02423,,3.0,,
SVT02424,,35.0,,
SVT02425,,27.0,,
SVT02427,,3.0,,
SVT02428,,4.0,,
SVT02429,,7.0,,
SVT02430,,7.0,,
SVT02431,,7.0,,
SVT02433,,26.0,,
SVT02434,,12.0,,
SVT02435,,1.0,,
SVT02436,,0.0,,
SVT02437,,0.0,,
SVT02438,,20.0,,
SVT02439,,53.0,,
SVT02440,,11.0,,
SVT02441,,78.0,,
SVT02442,,60.0,,
SVT02443,,57.0,,
SVT02444,,1.0,,
SVT02445,,10.0,,
SVT02446,,9.0,,
SVT02447,,55.0,,
SVT02448,,162.0,,
SVT02450,,14.0,,
SVT02451,,0.0,,
SVT02452,,0.0,,
SVT02453,,12.0,,
SVT02455,,11.0,,
SVT02456,,9.0,,
SVT02457,,87.0,,
SVT02459,,0.0,,
SVT02460,,19.0,,
SVT02461,,18.0,,
SVT02462,,20.0,,
SVT02463,,33.0,,
SVT02464,,0.0,,
SVT02465,,0.0,,
SVT02466,,23.0,,
SVT02467,,0.0,,
SVT02468,,17.0,,
SVT02469,,13.0,,
SVT02470,,1.0,,
SVT02471,,32.0,,
SVT02472,,2.0,,
SVT02473,,22.0,,
SVT02474,,1.0,,
SVT02475,,5.0,,
SVT02476,,76.0,,
SVT02477,,50.0,,
SVT02478,,5.0,,
SVT02479,,4.0,,
SVT02480,,1.0,,
SVT02481,,24.0,,
SVT02482,,11.0,,
SVT02483,,61.0,,
SVT02484,,24.0,,
SVT02485,,11.0,,
SVT02487,,224.0,,
SVT02488,,43.0,,
SVT02489,,3.0,,
SVT02490,,24.0,,
SVT02491,,14.0,,
SVT02492,,3.0,,
SVT02493,,0.0,,
SVT02494,,21.0,,
SVT02495,,7.0,,
SVT02496,,17.0,,
SVT02498,,131.0,,
SVT02499,,3.0,,
SVT02500,,57.0,,
SVT02501,,23.0,,
SVT02502,,49.0,,
SVT02503,,0.0,,
SVT02504,,102.0,,
SVT02505,,7.0,,
SVT02506,,7.0,,
SVT02507,,16.0,,
SVT02508,,10.0,,
SVT02510,,8.0,,
SVT02511,,1.0,,
SVT02512,,40.0,,
SVT02513,,1.0,,
SVT02514,,1.0,,
SVT02515,,2.0,,
SVT02516,,3.0,,
SVT02517,,13.0,,
SVT02518,,24.0,,
SVT02519,,8.0,,
SVT02520,,21.0,,
SVT02521,,24.0,,
SVT02523,,3.0,,
SVT02525,,62.0,,
SVT02526,,60.0,,
SVT02527,,0.0,,
SVT02528,,120.0,,
SVT02529,,0.0,,
SVT02530,,112.0,,
SVT02531,,49.0,,
SVT02532,,76.0,,
SVT02533,,5.0,,
SVT02534,,8.0,,
SVT02535,,66.0,,
SVT02538,,31.0,,
SVT02540,,7.0,,
SVT02542,,0.0,,
SVT02543,,14.0,,
SVT02544,,29.0,,
SVT02546,,10.0,,
SVT02547,,2.0,,
SVT02548,,17.0,,
SVT02549,,17.0,,
SVT02550,,48.0,,
SVT02551,,26.0,,
SVT02552,,0.0,,
SVT02553,,37.0,,
SVT02554,,23.0,,
SVT02555,,15.0,,
SVT02556,,0.0,,
SVT02557,,6.0,,
SVT02558,,27.0,,
SVT02559,,3.0,,
SVT02560,,0.0,,
SVT02561,,0.0,,
SVT02562,,8.0,,
SVT02563,,27.0,,
SVT02564,,6.0,,
SVT02565,,14.0,,
SVT02566,,5.0,,
SVT02567,,0.0,,
SVT02568,,0.0,,
SVT02570,,6.0,,
SVT02571,,56.0,,
SVT02572,,1.0,,
SVT02573,,2.0,,
SVT02574,,45.0,,
SVT02576,,11.0,,
SVT02577,,74.0,,
SVT02578,,1.0,,
SVT02579,,40.0,,
SVT02581,,0.0,,
SVT02582,,1.0,,
SVT02583,,32.0,,
SVT02584,,0.0,,
SVT02585,,1.0,,
SVT02586,,0.0,,
SVT02587,,23.0,,
SVT02588,,26.0,,
SVT02589,,5.0,,
SVT02590,,7.0,,
SVT02591,,1.0,,
SVT02592,,5.0,,
SVT02593,,3.0,,
SVT02594,,2.0,,
SVT02595,,0.0,,
SVT02596,,4.0,,
SVT02597,,7.0,,
SVT02599,,35.0,,
SVT02600,,2.0,,
SVT02601,,21.0,,
SVT02602,,1.0,,
SVT02603,,1.0,,
SVT02604,,0.0,,
SVT02605,,0.0,,
SVT02606,,1.0,,
SVT02607,,14.0,,
SVT02608,,44.0,,
SVT02609,,0.0,,
SVT02611,,52.0,,
SVT02612,,23.0,,
SVT02613,,13.0,,
SVT02614,,10.0,,
SVT02615,,0.0,,
SVT02616,,0.0,,
SVT02617,,0.0,,
SVT02618,,1.0,,
SVT02619,,32.0,,
SVT02620,,84.0,,
SVT02621,,7.0,,
SVT02622,,1.0,,
SVT02623,,23.0,,
SVT02624,,20.0,,
SVT02625,,1.0,,
SVT02626,,21.0,,
SVT02627,,105.0,,
SVT02628,,54.0,,
SVT02632,,3.0,,
SVT02633,,36.0,,
SVT02634,,0.0,,
SVT02635,,150.0,,
SVT02636,,25.0,,
SVT02637,,25.0,,
SVT02638,,10.0,,
SVT02639,,52.0,,
SVT02640,,11.0,,
SVT02641,,96.0,,
SVT02642,,116.0,,
SVT02643,,50.0,,
SVT02644,,105.0,,
SVT02645,,86.0,,
SVT02646,,24.0,,
SVT02647,,3.0,,
SVT02648,,6.0,,
SVT02649,,13.0,,
SVT02650,,27.0,,
SVT02651,,26.0,,
SVT02652,,38.0,,
SVT02653,,27.0,,
SVT02654,,17.0,,
SVT02655,,0.0,,
SVT02656,,63.0,,
SVT02657,,42.0,,
SVT02659,,11.0,,
SVT02661,,1.0,,
SVT02662,,0.0,,
SVT02666,,0.0,,
SVT02669,,0.0,,
SVT02670,,31.0,,
SVT02672,,39.0,,
SVT02673,,17.0,,
SVT02674,,0.0,,
SVT02677,,48.0,,
SVT02679,,1.0,,
SVT02680,,21.0,,
SVT02683,,46.0,,
SVT02685,,44.0,,
SVT02686,,32.0,,
SVT02688,,7.0,,
SVT02689,,1.0,,
SVT02690,,81.0,,
SVT02691,,0.0,,
SVT02692,,12.0,,
SVT02693,,0.0,,
SVT02694,,1.0,,
SVT02695,,19.0,,
SVT02696,,2.0,,
SVT02697,,0.0,,
SVT02698,,9.0,,
SVT02699,,39.0,,
SVT02700,,0.0,,
SVT02701,,0.0,,
SVT02702,,22.0,,
SVT02703,,7.0,,
SVT02704,,39.0,,
SVT02711,,1.0,,
SVT02713,,11.0,,
SVT02714,,8.0,,
SVT02722,,28.0,,
SWS00002,,33.0,,
SWS00003,,0.0,,
SWS00004,,7.0,,
SWS00005,,26.0,,
SWS00006,,8.0,,
SWS00007,,0.0,,
SWS00008,,1.0,,
SWS00009,,13.0,,
SWS00010,,9.0,,
SWS00011,,4.0,,
SWS00012,,4.0,,
SWS00013,,3.0,,
SWS00014,,4.0,,
SWS00015,,10.0,,
SWS00016,,0.0,,
SWS00017,,3.0,,
SWS00018,,1.0,,
SWS00019,,34.0,,
SWS00020,,5.0,,
SWS00021,,36.0,,
SWS00022,,4.0,,
SWS00023,,92.0,,
SWS00024,,27.0,,
SWS00025,,5.0,,
SWS00026,,45.0,,
SWS00027,,113.0,,
SWS00028,,32.0,,
SWS00029,,0.0,,
SWS00030,,25.0,,
SWS00031,,21.0,,
SWS00032,,0.0,,
SWS00033,,5.0,,
SWS00034,,39.0,,
SWS00035,,59.0,,
SWS00036,,49.0,,
SWS00037,,47.0,,
SWS00039,,105.0,,
SWS00040,,66.0,,
SWS00041,,1.0,,
SWS00042,,125.0,,
SWS00043,,60.0,,
SWS00044,,17.0,,
SWS00045,,0.0,,
SWS00046,,101.0,,
SWS00047,,2.0,,
SWS00048,,0.0,,
SWS00049,,11.0,,
SWS00050,,5.0,,
SWS00051,,43.0,,
SWS00052,,30.0,,
SWS00053,,5.0,,
SWS00054,,4.0,,
SWS00055,,15.0,,
SWS00056,,34.0,,
SWS00057,,25.0,,
SWS00058,,24.0,,
SWS00059,,25.0,,
SWS00060,,47.0,,
SWS00061,,140.0,,
SWS00062,,21.0,,
SWS00063,,74.0,,
SWS00064,,26.0,,
SWS00065,,61.0,,
SWS00066,,23.0,,
SWS00067,,88.0,,
SWS00068,,0.0,,
SWS00069,,103.0,,
SWS00070,,4.0,,
SWS00071,,3.0,,
SWS00072,,4.0,,
SWS00073,,9.0,,
SWS00074,,19.0,,
SWS00075,,1.0,,
SWS00076,,4.0,,
SWS00077,,136.0,,
SWS00078,,74.0,,
SWS00079,,14.0,,
SWS00080,,33.0,,
SWS00081,,65.0,,
SWS00082,,2.0,,
SWS00083,,43.0,,
SWS00084,,19.0,,
SWS00085,,19.0,,
SWS00086,,63.0,,
SWS00087,,0.0,,
SWS00088,,34.0,,
SWS00089,,14.0,,
SWS00090,,9.0,,
SWS00091,,6.0,,
SWS00092,,0.0,,
SWS00093,,25.0,,
SWS00094,,0.0,,
SWS00095,,6.0,,
SWS00096,,2.0,,
SWS00097,,20.0,,
SWS00098,,17.0,,
SWS00099,,75.0,,
SWS00100,,0.0,,
SWS00101,,25.0,,
SWS00102,,20.0,,
SWS00103,,19.0,,
SWS00104,,2.0,,
SWS00105,,16.0,,
SWS00106,,1.0,,
SWS00107,,0.0,,
SWS00108,,19.0,,
SWS00109,,119.0,,
SWS00110,,47.0,,
SWS00111,,0.0,,
SWS00113,,42.0,,
SWS00114,,18.0,,
SWS00115,,49.0,,
SWS00116,,0.0,,
SWS00117,,1.0,,
SWS00118,,17.0,,
SWS00119,,2.0,,
SWS00120,,5.0,,
SWS00121,,94.0,,
SWS00122,,7.0,,
SWS00123,,1.0,,
SWS00124,,116.0,,
SWS00125,,31.0,,
SWS00126,,0.0,,
SWS00127,,134.0,,
SWS00128,,23.0,,
SWS00129,,4.0,,
SWS00130,,49.0,,
SWS00131,,97.0,,
SWS00132,,9.0,,
SWS00133,,112.0,,
SWS00134,,5.0,,
SWS00135,,0.0,,
SWS00136,,76.0,,
SWS00137,,72.0,,
SWS00138,,6.0,,
SWS00139,,20.0,,
SWS00140,,0.0,,
SWS00141,,0.0,,
SWS00142,,1.0,,
SWS00143,,11.0,,
SWS00144,,26.0,,
SWS00145,,9.0,,
SWS00146,,8.0,,
SWS00147,,59.0,,
SWS00148,,74.0,,
SWS00149,,18.0,,
SWS00150,,0.0,,
SWS00153,,3.0,,
SWS00154,,5.0,,
SWS00155,,65.0,,
SWS00156,,3.0,,
SWS00157,,4.0,,
SWS00158,,0.0,,
SWS00159,,9.0,,
SWS00160,,40.0,,
SWS00161,,13.0,,
SWS00162,,38.0,,
SWS00163,,1.0,,
SWS00164,,15.0,,
SWS00165,,0.0,,
SWS00167,,54.0,,
SWS00168,,1.0,,
SWS00169,,7.0,,
SWS00170,,38.0,,
SWS00171,,4.0,,
SWS00172,,82.0,,
SWS00173,,32.0,,
SWS00174,,73.0,,
SWS00175,,91.0,,
SWS00176,,12.0,,
SWS00177,,12.0,,
SWS00178,,17.0,,
SWS00179,,24.0,,
SWS00180,,2.0,,
SWS00181,,0.0,,
SWS00182,,19.0,,
SWS00183,,3.0,,
SWS00184,,18.0,,
SWS00185,,0.0,,
SWS00186,,10.0,,
SWS00187,,5.0,,
SWS00188,,38.0,,
SWS00189,,0.0,,
SWS00190,,89.0,,
SWS00191,,0.0,,
SWS00192,,2.0,,
SWS00193,,3.0,,
SWS00194,,7.0,,
SWS00195,,2.0,,
SWS00196,,4.0,,
SWS00197,,32.0,,
SWS00198,,7.0,,
SWS00199,,28.0,,
SWS00200,,16.0,,
SWS00201,,28.0,,
SWS00202,,0.0,,
SWS00203,,0.0,,
SWS00204,,5.0,,
SWS00205,,1.0,,
SWS00206,,19.0,,
SWS00207,,0.0,,
SWS00208,,82.0,,
SWS00209,,32.0,,
SWS00210,,9.0,,
SWS00211,,1.0,,
SWS00212,,0.0,,
SWS00213,,72.0,,
SWS00214,,72.0,,
SWS00215,,2.0,,
SWS00216,,71.0,,
SWS00217,,14.0,,
SWS00218,,10.0,,
SWS00219,,21.0,,
SWS00220,,0.0,,
SWS00221,,62.0,,
SWS00222,,93.0,,
SWS00223,,28.0,,
SWS00224,,32.0,,
SWS00225,,50.0,,
SWS00226,,10.0,,
SWS00227,,47.0,,
SWS00228,,2.0,,
SWS00229,,29.0,,
SWS00230,,1.0,,
SWS00231,,14.0,,
SWS00232,,25.0,,
SWS00233,,36.0,,
SWS00234,,66.0,,
SWS00235,,0.0,,
SWS00236,,33.0,,
SWS00237,,1.0,,
SWS00238,,0.0,,
SWS00239,,13.0,,
SWS00240,,86.0,,
SWS00241,,2.0,,
SWS00242,,1.0,,
SWS00243,,10.0,,
SWS00244,,4.0,,
SWS00245,,110.0,,
SWS00246,,0.0,,
SWS00247,,15.0,,
SWS00248,,0.0,,
SWS00249,,0.0,,
SWS00250,,1.0,,
SWS00251,,158.0,,
SWS00252,,0.0,,
SWS00253,,59.0,,
SWS00254,,36.0,,
SWS00255,,34.0,,
SWS00256,,97.0,,
SWS00257,,3.0,,
SWS00258,,35.0,,
SWS00259,,79.0,,
SWS00260,,3.0,,
SWS00261,,48.0,,
SWS00262,,3.0,,
SWS00263,,28.0,,
SWS00264,,59.0,,
SWS00265,,2.0,,
SWS00266,,0.0,,
SWS00267,,21.0,,
SWS00268,,16.0,,
SWS00269,,156.0,,
SWS00270,,67.0,,
SWS00271,,32.0,,
SWS00272,,3.0,,
SWS00273,,85.0,,
SWS00274,,0.0,,
SWS00275,,4.0,,
SWS00276,,4.0,,
SWS00277,,5.0,,
SWS00278,,14.0,,
SWS00279,,6.0,,
SWS00280,,48.0,,
SWS00281,,67.0,,
SWS00282,,41.0,,
SWS00283,,2.0,,
SWS00284,,61.0,,
SWS00285,,0.0,,
SWS00286,,21.0,,
SWS00287,,20.0,,
SWS00288,,18.0,,
SWS00289,,1.0,,
SWS00290,,0.0,,
SWS00291,,1.0,,
SWS00292,,38.0,,
SWS00293,,79.0,,
SWS00294,,79.0,,
SWS00295,,15.0,,
SWS00296,,51.0,,
SWS00297,,43.0,,
SWS00298,,8.0,,
SWS00299,,64.0,,
SWS00300,,1.0,,
SWS00301,,70.0,,
SWS00302,,14.0,,
SWS00303,,7.0,,
SWS00304,,108.0,,
SWS00305,,25.0,,
SWS00306,,1.0,,
SWS00308,,54.0,,
SWS00309,,20.0,,
SWS00310,,17.0,,
SWS00311,,33.0,,
SWS00312,,80.0,,
SWS00313,,0.0,,
SWS00314,,0.0,,
SWS00315,,1.0,,
SWS00316,,117.0,,
SWS00317,,40.0,,
SWS00318,,132.0,,
SWS00319,,10.0,,
SWS00320,,0.0,,
SWS00321,,0.0,,
SWS00322,,50.0,,
SWS00323,,13.0,,
SWS00324,,83.0,,
SWS00325,,13.0,,
SWS00326,,2.0,,
SWS00327,,6.0,,
SWS00328,,0.0,,
SWS00329,,115.0,,
SWS00330,,46.0,,
SWS00331,,2.0,,
SWS00332,,97.0,,
SWS00333,,21.0,,
SWS00334,,17.0,,
SWS00335,,0.0,,
SWS00336,,0.0,,
SWS00337,,25.0,,
SWS00338,,74.0,,
SWS00339,,35.0,,
SWS00340,,19.0,,
SWS00341,,8.0,,
SWS00342,,14.0,,
SWS00343,,34.0,,
SWS00344,,2.0,,
SWS00345,,3.0,,
SWS00346,,0.0,,
SWS00347,,0.0,,
SWS00348,,0.0,,
SWS00349,,16.0,,
SWS00350,,1.0,,
SWS00351,,7.0,,
SWS00352,,28.0,,
SWS00353,,12.0,,
SWS00354,,87.0,,
SWS00355,,2.0,,
SWS00356,,32.0,,
SWS00357,,47.0,,
SWS00358,,0.0,,
SWS00359,,23.0,,
SWS00360,,26.0,,
SWS00361,,2.0,,
SWS00362,,23.0,,
SWS00363,,0.0,,
SWS00364,,57.0,,
SWS00365,,9.0,,
SWS00366,,7.0,,
SWS00367,,2.0,,
SWS00368,,1.0,,
SWS00369,,12.0,,
SWS00370,,54.0,,
SWS00371,,0.0,,
SWS00372,,1.0,,
SWS00373,,1.0,,
SWS00374,,18.0,,
SWS00375,,1.0,,
SWS00376,,56.0,,
SWS00377,,2.0,,
SWS00378,,9.0,,
SWS00379,,2.0,,
SWS00380,,86.0,,
SWS00381,,29.0,,
SWS00382,,30.0,,
SWS00383,,77.0,,
SWS00384,,75.0,,
SWS00385,,34.0,,
SWS00386,,0.0,,
SWS00387,,183.0,,
SWS00388,,22.0,,
SWS00389,,259.0,,
SWS00390,,66.0,,
SWS00391,,63.0,,
SWS00392,,0.0,,
SWS00393,,8.0,,
SWS00394,,6.0,,
SWS00395,,7.0,,
SWS00396,,193.0,,
SWS00397,,1.0,,
SWS00398,,2.0,,
SWS00399,,98.0,,
SWS00400,,2.0,,
SWS00401,,31.0,,
SWS00402,,95.0,,
SWS00403,,71.0,,
SWS00404,,11.0,,
SWS00405,,0.0,,
SWS00406,,22.0,,
SWS00407,,19.0,,
SWS00408,,213.0,,
SWS00409,,74.0,,
SWS00410,,57.0,,
SWS00411,,0.0,,
SWS00412,,18.0,,
SWS00413,,71.0,,
SWS00414,,48.0,,
SWS00415,,95.0,,
SWS00416,,124.0,,
SWS00417,,111.0,,
SWS00418,,0.0,,
SWS00419,,34.0,,
SWS00420,,7.0,,
SWS00421,,4.0,,
SWS00422,,40.0,,
SWS00423,,98.0,,
SWS00424,,45.0,,
SWS00425,,85.0,,
SWS00426,,36.0,,
SWS00427,,1.0,,
SWS00428,,85.0,,
SWS00429,,0.0,,
SWS00430,,7.0,,
SWS00431,,26.0,,
SWS00432,,0.0,,
SWS00433,,13.0,,
SWS00434,,44.0,,
SWS00435,,0.0,,
SWS00436,,37.0,,
SWS00437,,8.0,,
SWS00438,,25.0,,
SWS00439,,0.0,,
SWS00440,,30.0,,
SWS00441,,61.0,,
SWS00442,,27.0,,
SWS00443,,14.0,,
SWS00444,,4.0,,
SWS00445,,21.0,,
SWS00446,,44.0,,
SWS00447,,72.0,,
SWS00448,,28.0,,
SWS00449,,45.0,,
SWS00450,,20.0,,
SWS00451,,0.0,,
SWS00452,,99.0,,
SWS00453,,17.0,,
SWS00454,,5.0,,
SWS00455,,40.0,,
SWS00456,,66.0,,
SWS00457,,7.0,,
SWS00458,,40.0,,
SWS00459,,24.0,,
SWS00460,,31.0,,
SWS00461,,89.0,,
SWS00462,,8.0,,
SWS00463,,0.0,,
SWS00464,,24.0,,
SWS00465,,0.0,,
SWS00466,,1.0,,
SWS00467,,75.0,,
SWS00468,,5.0,,
SWS00469,,23.0,,
SWS00470,,0.0,,
SWS00471,,17.0,,
SWS00472,,13.0,,
SWS00473,,0.0,,
SWS00474,,14.0,,
SWS00475,,18.0,,
SWS00476,,4.0,,
SWS00477,,0.0,,
SWS00478,,252.0,,
SWS00479,,4.0,,
SWS00480,,0.0,,
SWS00481,,27.0,,
SWS00482,,54.0,,
SWS00483,,6.0,,
SWS00484,,33.0,,
SWS00485,,1.0,,
SWS00486,,11.0,,
SWS00487,,11.0,,
SWS00488,,0.0,,
SWS00489,,15.0,,
SWS00490,,85.0,,
SWS00491,,57.0,,
SWS00492,,20.0,,
SWS00493,,8.0,,
SWS00494,,4.0,,
SWS00495,,81.0,,
SWS00496,,287.0,,
SWS00497,,4.0,,
SWS00498,,28.0,,
SWS00499,,0.0,,
SWS00500,,0.0,,
SWS00501,,1.0,,
SWS00502,,86.0,,
SWS00503,,226.0,,
SWS00504,,4.0,,
SWS00505,,124.0,,
SWS00506,,10.0,,
SWS00507,,3.0,,
SWS00508,,10.0,,
SWS00509,,12.0,,
SWS00510,,79.0,,
SWS00511,,0.0,,
SWS00512,,59.0,,
SWS00513,,154.0,,
SWS00514,,0.0,,
SWS00515,,0.0,,
SWS00516,,0.0,,
SWS00517,,6.0,,
SWS00518,,1.0,,
SWS00519,,21.0,,
SWS00520,,0.0,,
SWS00521,,9.0,,
SWS00522,,6.0,,
SWS00523,,23.0,,
SWS00524,,121.0,,
SWS00525,,13.0,,
SWS00526,,0.0,,
SWS00527,,56.0,,
SWS00528,,18.0,,
SWS00529,,8.0,,
SWS00530,,18.0,,
SWS00531,,3.0,,
SWS00532,,84.0,,
SWS00533,,5.0,,
SWS00534,,100.0,,
SWS00535,,38.0,,
SWS00536,,0.0,,
SWS00537,,3.0,,
SWS00538,,32.0,,
SWS00539,,19.0,,
SWS00540,,9.0,,
SWS00541,,15.0,,
SWS00542,,0.0,,
SWS00543,,28.0,,
SWS00544,,131.0,,
SWS00545,,1.0,,
SWS00546,,0.0,,
SWS00547,,9.0,,
SWS00548,,45.0,,
SWS00549,,4.0,,
SWS00550,,3.0,,
SWS00551,,56.0,,
SWS00552,,0.0,,
SWS00553,,21.0,,
SWS00554,,0.0,,
SWS00555,,2.0,,
SWS00556,,0.0,,
SWS00557,,124.0,,
SWS00558,,0.0,,
SWS00559,,9.0,,
SWS00560,,0.0,,
SWS00561,,0.0,,
SWS00562,,1.0,,
SWS00563,,4.0,,
SWS00564,,43.0,,
SWS00565,,0.0,,
SWS00566,,21.0,,
SWS00567,,68.0,,
SWS00568,,58.0,,
SWS00569,,9.0,,
SWS00570,,6.0,,
SWS00571,,53.0,,
SWS00572,,1.0,,
SWS00573,,1.0,,
SWS00574,,16.0,,
SWS00575,,50.0,,
SWS00576,,21.0,,
SWS00577,,13.0,,
SWS00578,,23.0,,
SWS00579,,99.0,,
SWS00580,,1.0,,
SWS00581,,12.0,,
SWS00582,,1.0,,
SWS00583,,27.0,,
SWS00584,,92.0,,
SWS00585,,0.0,,
SWS00586,,81.0,,
SWS00587,,3.0,,
SWS00588,,1.0,,
SWS00589,,2.0,,
SWS00590,,0.0,,
SWS00591,,104.0,,
SWS00592,,20.0,,
SWS00593,,4.0,,
SWS00594,,4.0,,
SWS00595,,45.0,,
SWS00596,,24.0,,
SWS00597,,20.0,,
SWS00598,,29.0,,
SWS00599,,7.0,,
SWS00600,,129.0,,
SWS00601,,28.0,,
SWS00602,,28.0,,
SWS00603,,3.0,,
SWS00604,,34.0,,
SWS00605,,100.0,,
SWS00606,,3.0,,
SWS00607,,2.0,,
SWS00608,,49.0,,
SWS00609,,3.0,,
SWS00610,,0.0,,
SWS00611,,0.0,,
SWS00612,,29.0,,
SWS00613,,2.0,,
SWS00614,,0.0,,
SWS00615,,32.0,,
SWS00616,,2.0,,
SWS00617,,83.0,,
SWS00618,,5.0,,
SWS00619,,68.0,,
SWS00620,,1.0,,
SWS00621,,8.0,,
SWS00622,,91.0,,
SWS00623,,7.0,,
SWS00624,,14.0,,
SWS00625,,32.0,,
SWS00626,,2.0,,
SWS00627,,9.0,,
SWS00628,,57.0,,
SWS00629,,5.0,,
SWS00630,,61.0,,
SWS00631,,1.0,,
SWS00632,,27.0,,
SWS00633,,144.0,,
SWS00634,,0.0,,
SWS00635,,1.0,,
SWS00636,,41.0,,
SWS00637,,71.0,,
SWS00638,,39.0,,
SWS00639,,21.0,,
SWS00640,,72.0,,
SWS00641,,1.0,,
SWS00642,,4.0,,
SWS00643,,2.0,,
SWS00644,,100.0,,
SWS00645,,61.0,,
SWS00646,,25.0,,
SWS00648,,1.0,,
SWS00649,,20.0,,
SWS00650,,50.0,,
SWS00651,,78.0,,
SWS00652,,3.0,,
SWS00653,,1.0,,
SWS00654,,10.0,,
SWS00655,,6.0,,
SWS00656,,126.0,,
SWS00657,,100.0,,
SWS00658,,49.0,,
SWS00659,,0.0,,
SWS00660,,8.0,,
SWS00661,,0.0,,
SWS00662,,13.0,,
SWS00663,,7.0,,
SWS00664,,30.0,,
SWS00665,,0.0,,
SWS00666,,58.0,,
SWS00667,,41.0,,
SWS00668,,46.0,,
SWS00669,,0.0,,
SWS00670,,37.0,,
SWS00671,,46.0,,
SWS00672,,4.0,,
SWS00673,,6.0,,
SWS00674,,91.0,,
SWS00675,,95.0,,
SWS00676,,39.0,,
SWS00677,,76.0,,
SWS00678,,1.0,,
SWS00679,,101.0,,
SWS00680,,55.0,,
SWS00681,,55.0,,
SWS00682,,0.0,,
SWS00683,,0.0,,
SWS00684,,14.0,,
SWS00685,,146.0,,
SWS00686,,21.0,,
SWS00687,,11.0,,
SWS00688,,53.0,,
SWS00689,,1.0,,
SWS00690,,9.0,,
SWS00691,,3.0,,
SWS00692,,1.0,,
SWS00693,,114.0,,
SWS00694,,1.0,,
SWS00695,,3.0,,
SWS00696,,0.0,,
SWS00697,,0.0,,
SWS00698,,96.0,,
SWS00699,,3.0,,
SWS00700,,0.0,,
SWS00701,,99.0,,
SWS00702,,3.0,,
SWS00703,,138.0,,
SWS00704,,29.0,,
SWS00705,,0.0,,
SWS00706,,7.0,,
SWS00707,,0.0,,
SWS00708,,0.0,,
SWS00709,,24.0,,
SWS00710,,63.0,,
SWS00711,,62.0,,
SWS00712,,4.0,,
SWS00713,,3.0,,
SWS00714,,1.0,,
SWS00715,,0.0,,
SWS00716,,59.0,,
SWS00717,,38.0,,
SWS00718,,68.0,,
SWS00719,,18.0,,
SWS00720,,2.0,,
SWS00721,,75.0,,
SWS00722,,4.0,,
SWS00723,,125.0,,
SWS00724,,20.0,,
SWS00725,,10.0,,
SWS00726,,10.0,,
SWS00727,,57.0,,
SWS00728,,25.0,,
SWS00729,,70.0,,
SWS00730,,58.0,,
SWS00731,,1.0,,
SWS00732,,1.0,,
SWS00733,,13.0,,
SWS00734,,1.0,,
SWS00735,,4.0,,
SWS00736,,4.0,,
SWS00737,,0.0,,
SWS00738,,116.0,,
SWS00739,,0.0,,
SWS00740,,2.0,,
SWS00741,,155.0,,
SWS00742,,128.0,,
SWS00743,,0.0,,
SWS00744,,1.0,,
SWS00745,,1.0,,
SWS00746,,58.0,,
SWS00747,,8.0,,
SWS00748,,37.0,,
SWS00749,,0.0,,
SWS00750,,20.0,,
SWS00751,,1.0,,
SWS00752,,13.0,,
SWS00753,,0.0,,
SWS00754,,6.0,,
SWS00755,,32.0,,
SWS00756,,3.0,,
SWS00757,,1.0,,
SWS00758,,4.0,,
SWS00759,,2.0,,
SWS00760,,16.0,,
SWS00761,,18.0,,
SWS00762,,0.0,,
SWS00763,,48.0,,
SWS00764,,13.0,,
SWS00765,,19.0,,
SWS00766,,77.0,,
SWS00767,,0.0,,
SWS00768,,9.0,,
SWS00769,,0.0,,
SWS00770,,63.0,,
SWS00771,,17.0,,
SWS00772,,78.0,,
SWS00773,,3.0,,
SWS00774,,57.0,,
SWS00775,,7.0,,
SWS00776,,5.0,,
SWS00777,,33.0,,
SWS00778,,69.0,,
SWS00779,,142.0,,
SWS00780,,0.0,,
SWS00781,,104.0,,
SWS00782,,84.0,,
SWS00783,,75.0,,
SWS00784,,68.0,,
SWS00785,,9.0,,
SWS00786,,1.0,,
SWS00787,,3.0,,
SWS00788,,58.0,,
SWS00789,,51.0,,
SWS00790,,172.0,,
SWS00791,,5.0,,
SWS00792,,1.0,,
SWS00793,,2.0,,
SWS00794,,57.0,,
SWS00795,,22.0,,
SWS00796,,122.0,,
SWS00797,,35.0,,
SWS00798,,3.0,,
SWS00799,,5.0,,
SWS00800,,11.0,,
SWS00801,,35.0,,
SWS00802,,0.0,,
SWS00803,,3.0,,
SWS00804,,2.0,,
SWS00805,,2.0,,
SWS00806,,2.0,,
SWS00807,,5.0,,
SWS00808,,15.0,,
SWS00809,,1.0,,
SWS00810,,31.0,,
SWS00811,,143.0,,
SWS00812,,16.0,,
SWS00813,,17.0,,
SWS00814,,38.0,,
SWS00815,,114.0,,
SWS00816,,16.0,,
SWS00817,,4.0,,
SWS00818,,0.0,,
SWS00819,,1.0,,
SWS00820,,17.0,,
SWS00821,,80.0,,
SWS00822,,52.0,,
SWS00823,,30.0,,
SWS00824,,16.0,,
SWS00825,,0.0,,
SWS00826,,6.0,,
SWS00827,,7.0,,
SWS00829,,0.0,,
SWS00830,,39.0,,
SWS00831,,100.0,,
SWS00832,,44.0,,
SWS00833,,54.0,,
SWS00834,,2.0,,
SWS00835,,9.0,,
SWS00836,,45.0,,
SWS00837,,22.0,,
SWS00838,,85.0,,
SWS00839,,1.0,,
SWS00840,,0.0,,
SWS00841,,5.0,,
SWS00842,,2.0,,
SWS00843,,3.0,,
SWS00844,,73.0,,
SWS00845,,128.0,,
SWS00846,,7.0,,
SWS00847,,11.0,,
SWS00848,,24.0,,
SWS00849,,1.0,,
SWS00850,,2.0,,
SWS00851,,37.0,,
SWS00852,,41.0,,
SWS00853,,22.0,,
SWS00854,,9.0,,
SWS00855,,45.0,,
SWS00856,,35.0,,
SWS00857,,3.0,,
SWS00858,,0.0,,
SWS00859,,3.0,,
SWS00860,,8.0,,
SWS00861,,81.0,,
SWS00862,,4.0,,
SWS00863,,31.0,,
SWS00864,,1.0,,
SWS00865,,16.0,,
SWS00866,,156.0,,
SWS00867,,67.0,,
SWS00868,,1.0,,
SWS00869,,13.0,,
SWS00870,,5.0,,
SWS00871,,6.0,,
SWS00872,,52.0,,
SWS00873,,13.0,,
SWS00874,,50.0,,
SWS00875,,68.0,,
SWS00876,,3.0,,
SWS00877,,32.0,,
SWS00878,,0.0,,
SWS00879,,0.0,,
SWS00880,,9.0,,
SWS00881,,0.0,,
SWS00882,,52.0,,
SWS00883,,12.0,,
SWS00884,,5.0,,
SWS00885,,14.0,,
SWS00886,,73.0,,
SWS00887,,69.0,,
SWS00888,,91.0,,
SWS00889,,27.0,,
SWS00890,,23.0,,
SWS00891,,22.0,,
SWS00892,,19.0,,
SWS00893,,29.0,,
SWS00894,,41.0,,
SWS00895,,76.0,,
SWS00896,,1.0,,
SWS00897,,2.0,,
SWS00898,,3.0,,
SWS00899,,10.0,,
SWS00900,,0.0,,
SWS00901,,0.0,,
SWS00902,,2.0,,
SWS00903,,78.0,,
SWS00904,,20.0,,
SWS00905,,0.0,,
SWS00906,,0.0,,
SWS00907,,8.0,,
SWS00908,,0.0,,
SWS00909,,6.0,,
SWS00910,,41.0,,
SWS00911,,113.0,,
SWS00912,,0.0,,
SWS00913,,26.0,,
SWS00914,,7.0,,
SWS00915,,63.0,,
SWS00916,,0.0,,
SWS00917,,1.0,,
SWS00918,,10.0,,
SWS00919,,1.0,,
SWS00920,,28.0,,
SWS00921,,1.0,,
SWS00922,,3.0,,
SWS00923,,54.0,,
SWS00924,,17.0,,
SWS00925,,135.0,,
SWS00926,,216.0,,
SWS00927,,35.0,,
SWS00928,,0.0,,
SWS00929,,0.0,,
SWS00930,,2.0,,
SWS00931,,7.0,,
SWS00932,,24.0,,
SWS00933,,93.0,,
SWS00936,,24.0,,
SWS00937,,11.0,,
SWS00938,,32.0,,
SWS00939,,0.0,,
SWS00940,,0.0,,
SWS00941,,4.0,,
SWS00942,,4.0,,
SWS00943,,7.0,,
SWS00944,,105.0,,
SWS00945,,6.0,,
SWS00946,,7.0,,
SWS00947,,0.0,,
SWS00948,,47.0,,
SWS00949,,21.0,,
SWS00950,,94.0,,
SWS00951,,56.0,,
SWS00952,,76.0,,
SWS00953,,17.0,,
SWS00954,,17.0,,
SWS00955,,22.0,,
SWS00956,,12.0,,
SWS00957,,1.0,,
SWS00958,,40.0,,
SWS00959,,109.0,,
SWS00960,,51.0,,
SWS00961,,54.0,,
SWS00962,,27.0,,
SWS00963,,81.0,,
SWS00964,,24.0,,
SWS00965,,29.0,,
SWS00966,,8.0,,
SWS00967,,86.0,,
SWS00968,,1.0,,
SWS00969,,35.0,,
SWS00970,,1.0,,
SWS00971,,110.0,,
SWS00972,,35.0,,
SWS00973,,71.0,,
SWS00974,,29.0,,
SWS00976,,63.0,,
SWS00977,,12.0,,
SWS00978,,14.0,,
SWS00979,,0.0,,
SWS00980,,0.0,,
SWS00981,,0.0,,
SWS00982,,60.0,,
SWS00983,,28.0,,
SWW0001,47.0,,,
SWW0002,6.0,,,
SWW0003,16.0,,,
SWW0004,2.0,,,
SWW0005,3.0,,,
SWW0006,3.0,,,
SWW0007,0.0,,,
SWW0008,29.0,,,
SWW0009,48.0,,,
SWW0010,20.0,,,
SWW0011,0.0,,,
SWW0012,1.0,,,
SWW0013,2.0,,,
SWW0014,35.0,,,
SWW0015,6.0,,,
SWW0016,3.0,,,
SWW0017,8.0,,,
SWW0018,111.0,,,
SWW0019,41.0,,,
SWW0020,0.0,,,
SWW0021,10.0,,,
SWW0022,3.0,,,
SWW0023,0.0,,,
SWW0024,45.0,,,
SWW0025,0.0,,,
SWW0026,153.0,,,
SWW0027,17.0,,,
SWW0028,3.0,,,
SWW0029,40.0,,,
SWW0030,16.0,,,
SWW0031,7.0,,,
SWW0032,41.0,,,
SWW0033,63.0,,,
SWW0034,7.0,,,
SWW0035,30.0,,,
SWW0036,2.0,,,
SWW0037,8.0,,,
SWW0038,1.0,,,
SWW0039,326.0,,,
SWW0040,31.0,,,
SWW0041,36.0,,,
SWW0042,22.0,,,
SWW0043,0.0,,,
SWW0044,58.0,,,
SWW0045,145.0,,,
SWW0046,1.0,,,
SWW0047,130.0,,,
SWW0048,2.0,,,
SWW0050,0.0,,,
SWW0051,12.0,,,
SWW0052,34.0,,,
SWW0053,0.0,,,
SWW0054,61.0,,,
SWW0055,44.0,,,
SWW0056,13.0,,,
SWW0057,42.0,,,
SWW0058,62.0,,,
SWW0059,53.0,,,
SWW0060,9.0,,,
SWW0061,36.0,,,
SWW0062,1.0,,,
SWW0063,136.0,,,
SWW0064,66.0,,,
SWW0068,64.0,,,
SWW0069,0.0,,,
SWW0070,0.0,,,
SWW0071,5.0,,,
SWW0072,66.0,,,
SWW0073,0.0,,,
SWW0074,0.0,,,
SWW0075,64.0,,,
SWW0076,31.0,,,
SWW0077,56.0,,,
SWW0078,30.0,,,
SWW0079,48.0,,,
SWW0080,8.0,,,
SWW0082,21.0,,,
SWW0083,0.0,,,
SWW0084,104.0,,,
SWW0085,346.0,,,
SWW0086,45.0,,,
SWW0087,0.0,,,
SWW0088,133.0,,,
SWW0089,0.0,,,
SWW0090,150.0,,,
SWW0091,141.0,,,
SWW0092,60.0,,,
SWW0093,95.0,,,
SWW0094,0.0,,,
SWW0095,0.0,,,
SWW0096,0.0,,,
SWW0097,99.0,,,
SWW0098,27.0,,,
SWW0099,0.0,,,
SWW0100,18.0,,,
SWW0101,34.0,,,
SWW0102,61.0,,,
SWW0103,18.0,,,
SWW0104,14.0,,,
SWW0105,2.0,,,
SWW0106,0.0,,,
SWW0107,161.0,,,
SWW0108,113.0,,,
SWW0109,180.0,,,
SWW0110,62.0,,,
SWW0111,53.0,,,
SWW0112,31.0,,,
SWW0113,0.0,,,
SWW0114,0.0,,,
SWW0116,46.0,,,
SWW0117,112.0,,,
SWW0118,71.0,,,
SWW0119,96.0,,,
SWW0120,10.0,,,
SWW0121,29.0,,,
SWW0122,1.0,,,
SWW0123,4.0,,,
SWW0124,26.0,,,
SWW0125,15.0,,,
SWW0126,43.0,,,
SWW0127,56.0,,,
SWW0128,0.0,,,
SWW0129,32.0,,,
SWW0130,1.0,,,
SWW0131,7.0,,,
SWW0132,0.0,,,
SWW0133,134.0,,,
SWW0134,171.0,,,
SWW0135,1.0,,,
SWW0136,13.0,,,
SWW0137,137.0,,,
SWW0138,210.0,,,
SWW0139,178.0,,,
SWW0140,0.0,,,
SWW0141,42.0,,,
SWW0143,127.0,,,
SWW0144,26.0,,,
SWW0145,78.0,,,
SWW0146,42.0,,,
SWW0147,120.0,,,
SWW0148,90.0,,,
SWW0149,60.0,,,
SWW0150,47.0,,,
SWW0151,61.0,,,
SWW0152,6.0,,,
SWW0153,43.0,,,
SWW0154,56.0,,,
SWW0155,77.0,,,
SWW0156,87.0,,,
SWW0157,40.0,,,
SWW0158,103.0,,,
SWW0159,64.0,,,
SWW0160,29.0,,,
SWW0161,177.0,,,
SWW0162,0.0,,,
SWW0163,42.0,,,
SWW0164,3.0,,,
SWW0166,9.0,,,
SWW0167,50.0,,,
SWW0168,0.0,,,
SWW0169,123.0,,,
SWW0170,86.0,,,
SWW0171,6.0,,,
SWW0172,110.0,,,
SWW0173,50.0,,,
SWW0174,23.0,,,
SWW0175,0.0,,,
SWW0176,0.0,,,
SWW0177,0.0,,,
SWW0178,97.0,,,
SWW0179,0.0,,,
SWW0180,0.0,,,
SWW0181,40.0,,,
SWW0182,68.0,,,
SWW0183,173.0,,,
SWW0184,19.0,,,
SWW0185,57.0,,,
SWW0186,0.0,,,
SWW0187,108.0,,,
SWW0188,9.0,,,
SWW0189,60.0,,,
SWW0190,7.0,,,
SWW0191,3.0,,,
SWW0192,65.0,,,
SWW0193,88.0,,,
SWW0194,61.0,,,
SWW0195,76.0,,,
SWW0196,78.0,,,
SWW0197,2.0,,,
SWW0198,0.0,,,
SWW0199,44.0,,,
SWW0200,290.0,,,
SWW0201,21.0,,,
SWW0202,58.0,,,
SWW0203,0.0,,,
SWW0204,2.0,,,
SWW0205,0.0,,,
SWW0206,0.0,,,
SWW0207,28.0,,,
SWW0208,0.0,,,
SWW0209,16.0,,,
SWW0210,16.0,,,
SWW0211,85.0,,,
SWW0212,1.0,,,
SWW0213,2.0,,,
SWW0214,141.0,,,
SWW0215,44.0,,,
SWW0216,133.0,,,
SWW0217,47.0,,,
SWW0218,9.0,,,
SWW0219,53.0,,,
SWW0220,0.0,,,
SWW0221,13.0,,,
SWW0222,28.0,,,
SWW0223,26.0,,,
SWW0224,7.0,,,
SWW0225,43.0,,,
SWW0226,20.0,,,
SWW0227,17.0,,,
SWW0228,20.0,,,
SWW0229,82.0,,,
SWW0230,2.0,,,
SWW0231,94.0,,,
SWW0233,0.0,,,
SWW0234,0.0,,,
SWW0235,22.0,,,
SWW0236,0.0,,,
SWW0237,0.0,,,
SWW0238,3.0,,,
SWW0239,102.0,,,
SWW0240,361.0,,,
SWW0241,74.0,,,
SWW0242,27.0,,,
SWW0243,112.0,,,
SWW0244,81.0,,,
SWW0245,43.0,,,
SWW0246,125.0,,,
SWW0247,118.0,,,
SWW0248,158.0,,,
SWW0249,2.0,,,
SWW0250,0.0,,,
SWW0251,0.0,,,
SWW0252,28.0,,,
SWW0253,9.0,,,
SWW0254,42.0,,,
SWW0255,68.0,,,
SWW0256,10.0,,,
SWW0257,3.0,,,
SWW0258,11.0,,,
SWW0259,13.0,,,
SWW0260,40.0,,,
SWW0261,0.0,,,
SWW0262,11.0,,,
SWW0263,70.0,,,
SWW0264,55.0,,,
SWW0265,0.0,,,
SWW0266,21.0,,,
SWW0267,38.0,,,
SWW0268,6.0,,,
SWW0269,3.0,,,
SWW0270,0.0,,,
SWW0271,6.0,,,
SWW0272,102.0,,,
SWW0273,0.0,,,
SWW0274,45.0,,,
SWW0275,3.0,,,
SWW0276,0.0,,,
SWW0277,133.0,,,
SWW0278,5.0,,,
SWW0279,73.0,,,
SWW0280,0.0,,,
SWW0281,34.0,,,
SWW0282,82.0,,,
SWW0283,0.0,,,
SWW0284,16.0,,,
SWW0285,41.0,,,
SWW0286,17.0,,,
SWW0287,96.0,,,
SWW0288,16.0,,,
SWW0289,11.0,,,
SWW0290,0.0,,,
SWW0291,0.0,,,
SWW0292,89.0,,,
SWW0293,123.0,,,
SWW0294,69.0,,,
SWW0295,45.0,,,
SWW0296,142.0,,,
SWW0297,63.0,,,
SWW0298,63.0,,,
SWW0299,8.0,,,
SWW0300,18.0,,,
SWW0301,38.0,,,
SWW0302,67.0,,,
SWW0303,3.0,,,
SWW0304,32.0,,,
SWW0305,152.0,,,
SWW0306,57.0,,,
SWW0307,123.0,,,
SWW0308,0.0,,,
SWW0309,37.0,,,
SWW0310,73.0,,,
SWW0311,40.0,,,
SWW0312,4.0,,,
SWW0313,17.0,,,
SWW0314,31.0,,,
SWW0315,37.0,,,
SWW0316,5.0,,,
SWW0317,5.0,,,
SWW0318,0.0,,,
SWW0319,145.0,,,
SWW0320,3.0,,,
SWW0321,83.0,,,
SWW0322,0.0,,,
SWW0323,92.0,,,
SWW0325,0.0,,,
SWW0326,0.0,,,
SWW0327,73.0,,,
SWW0328,27.0,,,
SWW0329,6.0,,,
SWW0330,64.0,,,
SWW0331,0.0,,,
SWW0332,3.0,,,
SWW0333,76.0,,,
SWW0334,16.0,,,
SWW0335,28.0,,,
SWW0336,39.0,,,
SWW0337,83.0,,,
SWW0338,4.0,,,
SWW0339,98.0,,,
SWW0340,3.0,,,
SWW0341,165.0,,,
SWW0342,178.0,,,
SWW0343,79.0,,,
SWW0344,23.0,,,
SWW0345,0.0,,,
SWW0346,91.0,,,
SWW0347,166.0,,,
SWW0348,2.0,,,
SWW0349,122.0,,,
SWW0350,26.0,,,
SWW0351,62.0,,,
SWW0352,0.0,,,
SWW0353,39.0,,,
SWW0354,30.0,,,
SWW0355,0.0,,,
SWW0356,96.0,,,
SWW0357,42.0,,,
SWW0358,75.0,,,
SWW0359,39.0,,,
SWW0360,153.0,,,
SWW0361,21.0,,,
SWW0362,87.0,,,
SWW0363,160.0,,,
SWW0364,32.0,,,
SWW0365,42.0,,,
SWW0366,258.0,,,
SWW0367,365.0,,,
SWW0368,149.0,,,
SWW0369,55.0,,,
SWW0370,6.0,,,
SWW0371,64.0,,,
SWW0372,3.0,,,
SWW0373,52.0,,,
SWW0374,146.0,,,
SWW0375,49.0,,,
SWW0376,76.0,,,
SWW0377,114.0,,,
SWW0378,70.0,,,
SWW0379,146.0,,,
SWW0380,0.0,,,
SWW0381,34.0,,,
SWW0382,98.0,,,
SWW0383,28.0,,,
SWW0384,0.0,,,
SWW0385,52.0,,,
SWW0386,37.0,,,
SWW0387,20.0,,,
SWW0388,16.0,,,
SWW0389,21.0,,,
SWW0390,13.0,,,
SWW0391,15.0,,,
SWW0392,136.0,,,
SWW0393,0.0,,,
SWW0394,0.0,,,
SWW0395,0.0,,,
SWW0396,19.0,,,
SWW0397,4.0,,,
SWW0398,0.0,,,
SWW0399,0.0,,,
SWW0400,4.0,,,
SWW0401,33.0,,,
SWW0402,106.0,,,
SWW0403,90.0,,,
SWW0404,9.0,,,
SWW0405,1.0,,,
SWW0406,60.0,,,
SWW0407,2.0,,,
SWW0408,5.0,,,
SWW0409,0.0,,,
SWW0410,35.0,,,
SWW0411,0.0,,,
SWW0412,28.0,,,
SWW0413,30.0,,,
SWW0414,0.0,,,
SWW0415,132.0,,,
SWW0416,79.0,,,
SWW0417,9.0,,,
SWW0418,2.0,,,
SWW0419,0.0,,,
SWW0421,60.0,,,
SWW0422,7.0,,,
SWW0423,66.0,,,
SWW0424,62.0,,,
SWW0425,97.0,,,
SWW0426,2.0,,,
SWW0427,2.0,,,
SWW0428,0.0,,,
SWW0429,112.0,,,
SWW0430,65.0,,,
SWW0431,1.0,,,
SWW0432,0.0,,,
SWW0433,5.0,,,
SWW0434,6.0,,,
SWW0435,22.0,,,
SWW0436,23.0,,,
SWW0437,43.0,,,
SWW0438,96.0,,,
SWW0439,75.0,,,
SWW0440,31.0,,,
SWW0441,0.0,,,
SWW0442,41.0,,,
SWW0443,170.0,,,
SWW0444,82.0,,,
SWW0445,67.0,,,
SWW0446,28.0,,,
SWW0447,46.0,,,
SWW0448,20.0,,,
SWW0449,11.0,,,
SWW0450,67.0,,,
SWW0451,0.0,,,
SWW0452,4.0,,,
SWW0453,28.0,,,
SWW0454,100.0,,,
SWW0455,103.0,,,
SWW0456,2.0,,,
SWW0457,26.0,,,
SWW0458,17.0,,,
SWW0459,25.0,,,
SWW0460,10.0,,,
SWW0461,0.0,,,
SWW0462,16.0,,,
SWW0463,30.0,,,
SWW0464,0.0,,,
SWW0465,74.0,,,
SWW0466,86.0,,,
SWW0467,14.0,,,
SWW0468,60.0,,,
SWW0469,89.0,,,
SWW0470,21.0,,,
SWW0471,194.0,,,
SWW0472,140.0,,,
SWW0473,4.0,,,
SWW0474,0.0,,,
SWW0475,92.0,,,
SWW0476,9.0,,,
SWW0477,85.0,,,
SWW0478,77.0,,,
SWW0479,116.0,,,
SWW0480,46.0,,,
SWW0481,71.0,,,
SWW0482,5.0,,,
SWW0483,53.0,,,
SWW0484,57.0,,,
SWW0485,81.0,,,
SWW0486,21.0,,,
SWW0487,32.0,,,
SWW0488,9.0,,,
SWW0489,9.0,,,
SWW0490,2.0,,,
SWW0492,175.0,,,
SWW0493,151.0,,,
SWW0494,166.0,,,
SWW0495,44.0,,,
SWW0496,10.0,,,
SWW0498,59.0,,,
SWW0499,9.0,,,
SWW0500,0.0,,,
SWW0501,88.0,,,
SWW0502,79.0,,,
SWW0503,124.0,,,
SWW0504,62.0,,,
SWW0505,49.0,,,
SWW0506,158.0,,,
SWW0507,2.0,,,
SWW0508,0.0,,,
SWW0509,9.0,,,
SWW0510,121.0,,,
SWW0511,70.0,,,
SWW0512,0.0,,,
SWW0513,80.0,,,
SWW0514,157.0,,,
SWW0515,170.0,,,
SWW0516,160.0,,,
SWW0517,32.0,,,
SWW0519,8.0,,,
SWW0520,30.0,,,
SWW0521,11.0,,,
SWW0522,189.0,,,
SWW0523,12.0,,,
SWW0524,77.0,,,
SWW0525,92.0,,,
SWW0526,23.0,,,
SWW0527,109.0,,,
SWW0528,87.0,,,
SWW0529,98.0,,,
SWW0530,29.0,,,
SWW0531,51.0,,,
SWW0532,111.0,,,
SWW0533,21.0,,,
SWW0534,89.0,,,
SWW0535,9.0,,,
SWW0536,18.0,,,
SWW0537,96.0,,,
SWW0538,0.0,,,
SWW0539,2.0,,,
SWW0540,132.0,,,
SWW0541,5.0,,,
SWW0542,50.0,,,
SWW0543,131.0,,,
SWW0544,14.0,,,
SWW0545,72.0,,,
SWW0546,5.0,,,
SWW0548,17.0,,,
SWW0549,12.0,,,
SWW0550,26.0,,,
SWW0551,0.0,,,
SWW0552,55.0,,,
SWW0553,252.0,,,
SWW0554,78.0,,,
SWW0555,41.0,,,
SWW0556,37.0,,,
SWW0557,63.0,,,
SWW0558,70.0,,,
SWW0559,29.0,,,
SWW0560,6.0,,,
SWW0561,0.0,,,
SWW0562,82.0,,,
SWW0563,53.0,,,
SWW0564,0.0,,,
SWW0565,73.0,,,
SWW0566,85.0,,,
SWW0567,65.0,,,
SWW0568,62.0,,,
SWW0569,46.0,,,
SWW0570,131.0,,,
SWW0571,3.0,,,
SWW0572,119.0,,,
SWW0573,78.0,,,
SWW0574,148.0,,,
SWW0575,104.0,,,
SWW0576,3.0,,,
SWW0577,21.0,,,
SWW0578,42.0,,,
SWW0579,174.0,,,
SWW0580,0.0,,,
SWW0581,139.0,,,
SWW0582,71.0,,,
SWW0583,5.0,,,
SWW0584,0.0,,,
SWW0585,0.0,,,
SWW0586,140.0,,,
SWW0587,22.0,,,
SWW0588,0.0,,,
SWW0589,6.0,,,
SWW0590,10.0,,,
SWW0591,87.0,,,
SWW0592,76.0,,,
SWW0593,111.0,,,
SWW0594,0.0,,,
SWW0595,0.0,,,
SWW0596,15.0,,,
SWW0597,5.0,,,
SWW0598,3.0,,,
SWW0599,31.0,,,
SWW0600,13.0,,,
SWW0601,10.0,,,
SWW0602,9.0,,,
SWW0603,25.0,,,
SWW0604,8.0,,,
SWW0605,15.0,,,
SWW0606,65.0,,,
SWW0607,90.0,,,
SWW0608,0.0,,,
SWW0609,53.0,,,
SWW0610,137.0,,,
SWW0611,143.0,,,
SWW0612,141.0,,,
SWW0613,78.0,,,
SWW0614,171.0,,,
SWW0615,0.0,,,
SWW0616,24.0,,,
SWW0617,0.0,,,
SWW0618,68.0,,,
SWW0619,1.0,,,
SWW0620,19.0,,,
SWW0621,83.0,,,
SWW0622,0.0,,,
SWW0623,42.0,,,
SWW0624,141.0,,,
SWW0625,0.0,,,
SWW0626,20.0,,,
SWW0627,22.0,,,
SWW0628,80.0,,,
SWW0629,82.0,,,
SWW0630,69.0,,,
SWW0631,7.0,,,
SWW0632,1.0,,,
SWW0633,1.0,,,
SWW0634,30.0,,,
SWW0635,138.0,,,
SWW0636,52.0,,,
SWW0637,7.0,,,
SWW0638,48.0,,,
SWW0639,20.0,,,
SWW0640,19.0,,,
SWW0641,232.0,,,
SWW0642,32.0,,,
SWW0643,7.0,,,
SWW0644,110.0,,,
SWW0645,0.0,,,
SWW0646,138.0,,,
SWW0647,6.0,,,
SWW0648,127.0,,,
SWW0649,3.0,,,
SWW0650,0.0,,,
SWW0651,25.0,,,
SWW0652,76.0,,,
SWW0653,212.0,,,
SWW0654,28.0,,,
SWW0655,0.0,,,
SWW0656,7.0,,,
SWW0657,0.0,,,
SWW0658,84.0,,,
SWW0659,5.0,,,
SWW0660,73.0,,,
SWW0661,87.0,,,
SWW0662,95.0,,,
SWW0663,118.0,,,
SWW0664,118.0,,,
SWW0665,3.0,,,
SWW0666,102.0,,,
SWW0667,68.0,,,
SWW0668,0.0,,,
SWW0669,107.0,,,
SWW0670,113.0,,,
SWW0671,3.0,,,
SWW0672,32.0,,,
SWW0673,95.0,,,
SWW0674,68.0,,,
SWW0675,24.0,,,
SWW0676,4.0,,,
SWW0677,41.0,,,
SWW0678,32.0,,,
SWW0680,0.0,,,
SWW0681,56.0,,,
SWW0682,0.0,,,
SWW0683,34.0,,,
SWW0684,1.0,,,
SWW0685,42.0,,,
SWW0686,3.0,,,
SWW0687,10.0,,,
SWW0688,3.0,,,
SWW0689,0.0,,,
SWW0690,29.0,,,
SWW0691,94.0,,,
SWW0692,122.0,,,
SWW0693,101.0,,,
SWW0694,80.0,,,
SWW0695,10.0,,,
SWW0696,79.0,,,
SWW0697,102.0,,,
SWW0698,44.0,,,
SWW0700,50.0,,,
SWW0701,72.0,,,
SWW0702,83.0,,,
SWW0704,74.0,,,
SWW0705,19.0,,,
SWW0706,7.0,,,
SWW0707,0.0,,,
SWW0708,84.0,,,
SWW0709,0.0,,,
SWW0710,83.0,,,
SWW0711,26.0,,,
SWW0712,1.0,,,
SWW0713,10.0,,,
SWW0714,12.0,,,
SWW0715,0.0,,,
SWW0716,28.0,,,
SWW0717,50.0,,,
SWW0718,0.0,,,
SWW0719,0.0,,,
SWW0720,50.0,,,
SWW0721,27.0,,,
SWW0722,3.0,,,
SWW0723,0.0,,,
SWW0724,86.0,,,
SWW0725,120.0,,,
SWW0726,2.0,,,
SWW0727,91.0,,,
SWW0728,8.0,,,
SWW0729,16.0,,,
SWW0730,34.0,,,
SWW0731,2.0,,,
SWW0732,2.0,,,
SWW0734,148.0,,,
SWW0735,125.0,,,
SWW0736,27.0,,,
SWW0737,106.0,,,
SWW0738,63.0,,,
SWW0739,118.0,,,
SWW0740,0.0,,,
SWW0741,8.0,,,
SWW0742,120.0,,,
SWW0743,0.0,,,
SWW0744,0.0,,,
SWW0745,1.0,,,
SWW0746,11.0,,,
SWW0747,1.0,,,
SWW0748,40.0,,,
SWW0749,29.0,,,
SWW0750,40.0,,,
SWW0751,9.0,,,
SWW0752,2.0,,,
SWW0753,5.0,,,
SWW0754,11.0,,,
SWW0755,6.0,,,
SWW0756,7.0,,,
SWW0757,37.0,,,
SWW0758,138.0,,,
SWW0759,1.0,,,
SWW0760,184.0,,,
SWW0761,2.0,,,
SWW0762,5.0,,,
SWW0763,77.0,,,
SWW0764,87.0,,,
SWW0765,38.0,,,
SWW0766,61.0,,,
SWW0767,1.0,,,
SWW0768,45.0,,,
SWW0769,2.0,,,
SWW0770,0.0,,,
SWW0771,4.0,,,
SWW0772,180.0,,,
SWW0773,149.0,,,
SWW0774,135.0,,,
SWW0775,0.0,,,
SWW0776,79.0,,,
SWW0777,186.0,,,
SWW0778,0.0,,,
SWW0779,7.0,,,
SWW0780,87.0,,,
SWW0781,0.0,,,
SWW0782,46.0,,,
SWW0783,2.0,,,
SWW0784,13.0,,,
SWW0785,80.0,,,
SWW0786,40.0,,,
SWW0787,81.0,,,
SWW0788,53.0,,,
SWW0789,82.0,,,
SWW0790,121.0,,,
SWW0791,62.0,,,
SWW0792,60.0,,,
SWW0793,0.0,,,
SWW0794,4.0,,,
SWW0795,63.0,,,
SWW0796,14.0,,,
SWW0797,13.0,,,
SWW0798,0.0,,,
SWW0799,11.0,,,
SWW0800,25.0,,,
SWW0801,56.0,,,
SWW0802,69.0,,,
SWW0803,53.0,,,
SWW0804,7.0,,,
SWW0805,98.0,,,
SWW0806,1.0,,,
SWW0807,4.0,,,
SWW0808,0.0,,,
SWW0809,55.0,,,
SWW0810,82.0,,,
SWW0811,3.0,,,
SWW0812,202.0,,,
SWW0814,183.0,,,
SWW0815,0.0,,,
SWW0816,2.0,,,
SWW0817,0.0,,,
SWW0818,0.0,,,
SWW0819,63.0,,,
SWW0820,58.0,,,
SWW0821,56.0,,,
SWW0822,8.0,,,
SWW0823,70.0,,,
SWW0824,19.0,,,
SWW0825,21.0,,,
SWW0826,114.0,,,
SWW0827,0.0,,,
SWW0828,0.0,,,
SWW0829,24.0,,,
SWW0830,43.0,,,
SWW0831,29.0,,,
SWW0832,10.0,,,
SWW0833,10.0,,,
SWW0834,45.0,,,
SWW0835,214.0,,,
SWW0836,3.0,,,
SWW0837,77.0,,,
SWW0838,4.0,,,
SWW0839,12.0,,,
SWW0840,12.0,,,
SWW0841,49.0,,,
SWW0842,23.0,,,
SWW0843,8.0,,,
SWW0844,0.0,,,
SWW0845,38.0,,,
SWW0846,111.0,,,
SWW0847,23.0,,,
SWW0848,7.0,,,
SWW0849,0.0,,,
SWW0850,13.0,,,
SWW0851,16.0,,,
SWW0852,14.0,,,
SWW0853,67.0,,,
SWW0854,49.0,,,
SWW0855,7.0,,,
SWW0856,56.0,,,
SWW0857,36.0,,,
SWW0858,1.0,,,
SWW0859,2.0,,,
SWW0860,10.0,,,
SWW0861,33.0,,,
SWW0862,1.0,,,
SWW0863,5.0,,,
SWW0864,7.0,,,
SWW0865,97.0,,,
SWW0866,1.0,,,
SWW0867,5.0,,,
SWW0868,21.0,,,
SWW0869,72.0,,,
SWW0870,5.0,,,
SWW0871,65.0,,,
SWW0872,0.0,,,
SWW0873,18.0,,,
SWW0874,3.0,,,
SWW0875,0.0,,,
SWW0877,174.0,,,
SWW0878,64.0,,,
SWW0879,116.0,,,
SWW0880,8.0,,,
SWW0881,0.0,,,
SWW0882,51.0,,,
SWW0883,0.0,,,
SWW0884,10.0,,,
SWW0885,97.0,,,
SWW0886,61.0,,,
SWW0887,0.0,,,
SWW0888,28.0,,,
SWW0889,34.0,,,
SWW0890,0.0,,,
SWW0891,72.0,,,
SWW0892,54.0,,,
SWW0893,33.0,,,
SWW0894,131.0,,,
SWW0895,42.0,,,
SWW0896,31.0,,,
SWW0897,0.0,,,
SWW0898,9.0,,,
SWW0899,15.0,,,
SWW0900,4.0,,,
SWW0901,36.0,,,
SWW0902,0.0,,,
SWW0904,77.0,,,
SWW0905,1.0,,,
SWW0906,114.0,,,
SWW0907,104.0,,,
SWW0908,75.0,,,
SWW0909,2.0,,,
SWW0910,2.0,,,
SWW0911,0.0,,,
SWW0912,24.0,,,
SWW0913,7.0,,,
SWW0914,1.0,,,
SWW0915,38.0,,,
SWW0916,97.0,,,
SWW0917,9.0,,,
SWW0918,2.0,,,
SWW0919,4.0,,,
SWW0920,105.0,,,
SWW0921,94.0,,,
SWW0922,11.0,,,
SWW0923,7.0,,,
SWW0924,3.0,,,
SWW0925,0.0,,,
SWW0926,64.0,,,
SWW0927,3.0,,,
SWW0928,6.0,,,
SWW0929,0.0,,,
SWW0930,2.0,,,
SWW0931,0.0,,,
SWW0932,5.0,,,
SWW0933,27.0,,,
SWW0934,0.0,,,
SWW0935,0.0,,,
SWW0936,0.0,,,
SWW0937,11.0,,,
SWW0938,68.0,,,
SWW0939,0.0,,,
SWW0940,22.0,,,
SWW0941,2.0,,,
SWW0942,49.0,,,
SWW0943,0.0,,,
SWW0944,54.0,,,
SWW0946,9.0,,,
SWW0947,65.0,,,
SWW0948,77.0,,,
SWW0949,10.0,,,
SWW0950,58.0,,,
SWW0951,253.0,,,
SWW0952,0.0,,,
SWW0953,8.0,,,
SWW0954,58.0,,,
SWW0955,0.0,,,
SWW0956,137.0,,,
SWW0957,88.0,,,
SWW0958,202.0,,,
SWW0959,10.0,,,
SWW0960,2.0,,,
SWW0961,2.0,,,
SWW0962,26.0,,,
SWW0963,0.0,,,
SWW0964,34.0,,,
SWW0965,26.0,,,
SWW0966,7.0,,,
SWW0967,15.0,,,
SWW0968,20.0,,,
SWW0969,2.0,,,
SWW0970,1.0,,,
SWW0971,17.0,,,
SWW0972,23.0,,,
SWW0973,78.0,,,
SWW0974,49.0,,,
SWW0975,6.0,,,
SWW0976,0.0,,,
SWW0977,5.0,,,
SWW0978,65.0,,,
SWW0979,0.0,,,
SWW0980,149.0,,,
SWW0981,91.0,,,
SWW0982,1.0,,,
SWW0983,14.0,,,
SWW0984,13.0,,,
SWW0985,4.0,,,
SWW0986,54.0,,,
SWW0987,0.0,,,
SWW0988,49.0,,,
SWW0989,136.0,,,
SWW0990,23.0,,,
SWW0991,293.0,,,
SWW0992,17.0,,,
SWW0993,69.0,,,
SWW0994,18.0,,,
SWW0995,0.0,,,
SWW0996,11.0,,,
SWW0997,14.0,,,
SWW0998,0.0,,,
SWW1000,0.0,,,
SWW1001,59.0,,,
SWW1002,0.0,,,
SWW1003,28.0,,,
SWW1004,2.0,,,
SWW1005,98.0,,,
SWW1006,0.0,,,
SWW1007,47.0,,,
SWW1008,24.0,,,
SWW1009,39.0,,,
SWW1010,9.0,,,
SWW1011,11.0,,,
SWW1012,223.0,,,
SWW1013,20.0,,,
SWW1014,0.0,,,
SWW1015,23.0,,,
SWW1016,12.0,,,
SWW1017,137.0,,,
SWW1018,61.0,,,
SWW1019,57.0,,,
SWW1020,44.0,,,
SWW1021,43.0,,,
SWW1022,19.0,,,
SWW1023,21.0,,,
SWW1024,0.0,,,
SWW1025,132.0,,,
SWW1026,0.0,,,
SWW1027,84.0,,,
SWW1028,24.0,,,
SWW1029,3.0,,,
SWW1030,43.0,,,
SWW1031,3.0,,,
SWW1032,81.0,,,
SWW1033,84.0,,,
SWW1034,42.0,,,
SWW1035,22.0,,,
SWW1036,18.0,,,
SWW1037,22.0,,,
SWW1038,94.0,,,
SWW1039,15.0,,,
SWW1040,10.0,,,
SWW1041,31.0,,,
SWW1042,22.0,,,
SWW1043,133.0,,,
SWW1044,160.0,,,
SWW1045,262.0,,,
SWW1046,0.0,,,
SWW1047,0.0,,,
SWW1048,5.0,,,
SWW1049,62.0,,,
SWW1050,2.0,,,
SWW1051,0.0,,,
SWW1052,0.0,,,
SWW1053,2.0,,,
SWW1054,43.0,,,
SWW1055,55.0,,,
SWW1056,9.0,,,
SWW1057,22.0,,,
SWW1058,22.0,,,
SWW1059,14.0,,,
SWW1060,52.0,,,
SWW1061,1.0,,,
SWW1062,97.0,,,
SWW1063,80.0,,,
SWW1064,13.0,,,
SWW1065,104.0,,,
SWW1067,69.0,,,
SWW1068,131.0,,,
SWW1069,93.0,,,
SWW1070,10.0,,,
SWW1071,68.0,,,
SWW1072,101.0,,,
SWW1073,55.0,,,
SWW1074,0.0,,,
SWW1075,30.0,,,
SWW1076,1.0,,,
SWW1077,8.0,,,
SWW1078,76.0,,,
SWW1079,42.0,,,
SWW1080,7.0,,,
SWW1081,11.0,,,
SWW1082,33.0,,,
SWW1083,87.0,,,
SWW1084,63.0,,,
SWW1085,0.0,,,
SWW1086,125.0,,,
SWW1087,14.0,,,
SWW1088,0.0,,,
SWW1089,40.0,,,
SWW1090,117.0,,,
SWW1091,4.0,,,
SWW1092,39.0,,,
SWW1093,48.0,,,
SWW1094,92.0,,,
SWW1095,149.0,,,
SWW1096,111.0,,,
SWW1097,87.0,,,
SWW1098,18.0,,,
SWW1099,0.0,,,
SWW1100,84.0,,,
SWW1101,76.0,,,
SWW1102,26.0,,,
SWW1103,15.0,,,
SWW1104,10.0,,,
SWW1105,18.0,,,
SWW1106,61.0,,,
SWW1107,0.0,,,
SWW1108,38.0,,,
SWW1109,76.0,,,
SWW1110,31.0,,,
SWW1111,6.0,,,
SWW1112,13.0,,,
SWW1113,0.0,,,
SWW1114,35.0,,,
SWW1115,22.0,,,
SWW1116,3.0,,,
SWW1117,24.0,,,
SWW1118,133.0,,,
SWW1119,66.0,,,
SWW1120,272.0,,,
SWW1121,1.0,,,
SWW1122,121.0,,,
SWW1123,2.0,,,
SWW1124,2.0,,,
SWW1125,1.0,,,
SWW1126,19.0,,,
SWW1127,0.0,,,
SWW1128,0.0,,,
SWW1129,16.0,,,
SWW1130,6.0,,,
SWW1131,17.0,,,
SWW1132,21.0,,,
SWW1133,32.0,,,
SWW1134,186.0,,,
SWW1135,18.0,,,
SWW1136,0.0,,,
SWW1137,0.0,,,
SWW1138,0.0,,,
SWW1139,104.0,,,
SWW1140,54.0,,,
SWW1141,153.0,,,
SWW1142,141.0,,,
SWW1143,0.0,,,
SWW1144,0.0,,,
SWW1145,65.0,,,
SWW1146,0.0,,,
SWW1147,67.0,,,
SWW1148,126.0,,,
SWW1149,27.0,,,
SWW1150,2.0,,,
SWW1151,83.0,,,
SWW1152,110.0,,,
SWW1153,46.0,,,
SWW1154,2.0,,,
SWW1155,27.0,,,
SWW1156,0.0,,,
SWW1157,35.0,,,
SWW1158,17.0,,,
SWW1159,52.0,,,
SWW1160,0.0,,,
SWW1161,14.0,,,
SWW1162,24.0,,,
SWW1163,94.0,,,
SWW1164,0.0,,,
SWW1165,0.0,,,
SWW1166,2.0,,,
SWW1167,66.0,,,
SWW1168,82.0,,,
SWW1169,2.0,,,
SWW1170,5.0,,,
SWW1171,21.0,,,
SWW1172,52.0,,,
SWW1173,6.0,,,
SWW1174,131.0,,,
SWW1175,29.0,,,
SWW1176,37.0,,,
SWW1177,6.0,,,
SWW1178,0.0,,,
SWW1179,59.0,,,
SWW1180,59.0,,,
SWW1181,1.0,,,
SWW1182,1.0,,,
SWW1183,13.0,,,
SWW1184,10.0,,,
SWW1185,11.0,,,
SWW1186,37.0,,,
SWW1187,15.0,,,
SWW1188,96.0,,,
SWW1189,86.0,,,
SWW1190,3.0,,,
SWW1191,9.0,,,
SWW1192,23.0,,,
SWW1193,29.0,,,
SWW1194,7.0,,,
SWW1195,0.0,,,
SWW1196,0.0,,,
SWW1197,18.0,,,
SWW1198,19.0,,,
SWW1199,1.0,,,
SWW1200,18.0,,,
SWW1201,38.0,,,
SWW1202,27.0,,,
SWW1203,31.0,,,
SWW1204,21.0,,,
SWW1205,13.0,,,
SWW1206,0.0,,,
SWW1207,41.0,,,
SWW1209,38.0,,,
SWW1210,20.0,,,
SWW1211,7.0,,,
SWW1212,57.0,,,
SWW1213,33.0,,,
SWW1214,56.0,,,
SWW1215,3.0,,,
SWW1216,0.0,,,
SWW1217,45.0,,,
SWW1218,10.0,,,
SWW1219,3.0,,,
SWW1220,44.0,,,
SWW1221,103.0,,,
SWW1222,69.0,,,
SWW1223,30.0,,,
SWW1224,50.0,,,
SWW1225,93.0,,,
SWW1226,125.0,,,
SWW1227,21.0,,,
SWW1228,2.0,,,
SWW1229,75.0,,,
SWW1230,5.0,,,
SWW1231,35.0,,,
SWW1232,33.0,,,
SWW1233,52.0,,,
SWW1234,4.0,,,
SWW1235,111.0,,,
SWW1236,10.0,,,
SWW1237,18.0,,,
SWW1238,12.0,,,
SWW1239,34.0,,,
SWW1240,0.0,,,
SWW1241,46.0,,,
SWW1242,30.0,,,
SWW1243,31.0,,,
SWW1244,39.0,,,
SWW1245,134.0,,,
SWW1246,13.0,,,
SWW1247,46.0,,,
SWW1248,29.0,,,
SWW1249,56.0,,,
SWW1250,14.0,,,
SWW1251,74.0,,,
SWW1252,6.0,,,
SWW1253,48.0,,,
SWW1254,45.0,,,
SWW1255,0.0,,,
SWW1256,0.0,,,
SWW1257,8.0,,,
SWW1258,46.0,,,
SWW1259,42.0,,,
SWW1260,7.0,,,
SWW1261,31.0,,,
SWW1262,3.0,,,
SWW1263,0.0,,,
SWW1264,3.0,,,
SWW1265,0.0,,,
SWW1266,0.0,,,
SWW1267,47.0,,,
SWW1268,7.0,,,
SWW1269,21.0,,,
SWW1271,3.0,,,
SWW1272,19.0,,,
SWW1273,15.0,,,
SWW1274,0.0,,,
SWW1275,102.0,,,
SWW1276,15.0,,,
SWW1277,0.0,,,
SWW1278,6.0,,,
SWW1279,8.0,,,
SWW1280,198.0,,,
SWW1281,18.0,,,
SWW1282,42.0,,,
SWW1283,84.0,,,
SWW1284,69.0,,,
SWW1285,9.0,,,
SWW1286,73.0,,,
SWW1287,7.0,,,
SWW1288,27.0,,,
SWW1289,7.0,,,
SWW1290,85.0,,,
SWW1291,70.0,,,
SWW1292,6.0,,,
SWW1293,4.0,,,
SWW1294,0.0,,,
SWW1295,53.0,,,
SWW1296,17.0,,,
SWW1297,6.0,,,
SWW1299,68.0,,,
SWW1300,0.0,,,
SWW1301,1.0,,,
SWW1302,78.0,,,
SWW1303,222.0,,,
SWW1305,166.0,,,
SWW1306,26.0,,,
SWW1307,0.0,,,
SWW1308,18.0,,,
SWW1309,12.0,,,
SWW1310,24.0,,,
SWW1311,7.0,,,
SWW1312,14.0,,,
SWW1313,44.0,,,
SWW1314,12.0,,,
SWW1315,30.0,,,
SWW1316,1.0,,,
SWW1317,76.0,,,
SWW1318,90.0,,,
SWW1319,61.0,,,
SWW1320,31.0,,,
SWW1321,116.0,,,
SWW1322,96.0,,,
SWW1323,129.0,,,
SWW1324,0.0,,,
SWW1325,32.0,,,
SWW1326,2.0,,,
SWW1327,132.0,,,
SWW1328,47.0,,,
SWW1329,94.0,,,
SWW1330,117.0,,,
SWW1331,33.0,,,
SWW1332,2.0,,,
SWW1333,0.0,,,
SWW1334,5.0,,,
SWW1335,7.0,,,
SWW1336,34.0,,,
SWW1337,32.0,,,
SWW1338,32.0,,,
SWW1339,97.0,,,
SWW1340,67.0,,,
SWW1341,32.0,,,
SWW1342,70.0,,,
SWW1344,0.0,,,
SWW1345,0.0,,,
SWW1346,9.0,,,
SWW1347,0.0,,,
SWW1348,0.0,,,
SWW1349,0.0,,,
SWW1350,7.0,,,
SWW1351,0.0,,,
SWW1352,0.0,,,
SWW1353,0.0,,,
SWW1355,0.0,,,
SWW1356,0.0,,,
SWW1357,0.0,,,
SWW1359,0.0,,,
SWW1360,0.0,,,
SWW1362,0.0,,,
SWW1364,0.0,,,
SWW1366,2.0,,,
SWW1367,0.0,,,
SWW1368,0.0,,,
SWW1370,0.0,,,
SWW1371,0.0,,,
SWW1372,0.0,,,
SWW1373,71.0,,,
SWW1374,0.0,,,
SWW1375,0.0,,,
SWW1377,7.0,,,
SWW1378,0.0,,,
SWW1379,0.0,,,
TWL00001,,0.0,,
TWL00002,,124.0,,
TWL00003,,0.0,,
TWL00004,,85.0,,
TWL00005,,22.0,,
TWL00006,,48.0,,
TWL00007,,20.0,,
TWL00008,,0.0,,
TWL00009,,210.0,,
TWL00010,,147.0,,
TWL00011,,129.0,,
TWL00012,,0.0,,
TWL00013,,160.0,,
TWL00014,,53.0,,
TWL00015,,1.0,,
TWL00016,,19.0,,
TWL00017,,23.0,,
TWL00018,,7.0,,
TWL00019,,14.0,,
TWL00020,,36.0,,
TWL00021,,0.0,,
TWL00023,,7.0,,
TWL00024,,160.0,,
TWL00025,,126.0,,
TWL00026,,0.0,,
TWL00027,,70.0,,
TWL00028,,82.0,,
TWL00029,,13.0,,
TWL00030,,10.0,,
TWL00031,,54.0,,
TWL00032,,31.0,,
TWL00033,,7.0,,
TWL00034,,101.0,,
TWL00035,,62.0,,
TWL00037,,157.0,,
TWL00038,,89.0,,
TWL00039,,0.0,,
TWL00040,,12.0,,
TWL00041,,29.0,,
TWL00042,,114.0,,
TWL00043,,120.0,,
TWL00044,,45.0,,
TWL00045,,71.0,,
TWL00046,,13.0,,
TWL00047,,235.0,,
TWL00048,,21.0,,
TWL00049,,153.0,,
TWL00050,,9.0,,
TWL00051,,53.0,,
TWL00052,,30.0,,
TWL00053,,33.0,,
TWL00054,,46.0,,
TWL00055,,95.0,,
TWL00056,,67.0,,
TWL00057,,58.0,,
TWL00058,,15.0,,
TWL00059,,18.0,,
TWL00060,,25.0,,
TWL00061,,73.0,,
TWL00062,,31.0,,
TWL00063,,25.0,,
TWL00064,,96.0,,
TWL00065,,133.0,,
TWL00066,,3.0,,
TWL00067,,31.0,,
TWL00068,,32.0,,
TWL00069,,15.0,,
TWL00070,,25.0,,
TWL00071,,1.0,,
TWL00072,,26.0,,
TWL00073,,2.0,,
TWL00074,,57.0,,
TWL00075,,22.0,,
TWL00076,,10.0,,
TWL00077,,12.0,,
TWL00078,,51.0,,
TWL00079,,84.0,,
TWL00080,,147.0,,
TWL00081,,112.0,,
TWL00082,,17.0,,
TWL00083,,22.0,,
TWL00084,,2.0,,
TWL00085,,120.0,,
TWL00086,,35.0,,
TWL00087,,1.0,,
TWL00088,,104.0,,
TWL00089,,141.0,,
TWL00090,,7.0,,
TWL00092,,2.0,,
TWL00093,,105.0,,
TWL00094,,56.0,,
TWL00095,,61.0,,
TWL00096,,78.0,,
TWL00097,,45.0,,
TWL00098,,158.0,,
TWL00099,,4.0,,
TWL00100,,4.0,,
TWL00101,,6.0,,
TWL00102,,236.0,,
TWL00103,,172.0,,
TWL00104,,34.0,,
TWL00105,,36.0,,
TWL00106,,11.0,,
TWL00107,,53.0,,
TWL00108,,25.0,,
TWL00109,,0.0,,
TWL00110,,130.0,,
TWL00111,,13.0,,
TWL00112,,52.0,,
TWL00113,,10.0,,
TWL00115,,190.0,,
TWL00116,,21.0,,
TWL00117,,103.0,,
TWL00118,,46.0,,
TWL00119,,107.0,,
TWL00120,,81.0,,
TWL00121,,19.0,,
TWL00122,,147.0,,
TWL00123,,30.0,,
TWL00124,,22.0,,
TWL00125,,53.0,,
TWL00126,,14.0,,
TWL00127,,1.0,,
TWL00128,,3.0,,
TWL00129,,2.0,,
TWL00130,,21.0,,
TWL00131,,14.0,,
TWL00132,,22.0,,
TWL00133,,1.0,,
TWL00134,,4.0,,
TWL00135,,1.0,,
TWL00136,,10.0,,
TWL00137,,4.0,,
TWL00138,,11.0,,
TWL00139,,1.0,,
TWL00140,,6.0,,
TWL00141,,0.0,,
TWL00142,,5.0,,
TWL00144,,7.0,,
TWL00145,,13.0,,
TWL00146,,135.0,,
TWL00147,,78.0,,
TWL00148,,48.0,,
TWL00149,,53.0,,
TWL00151,,0.0,,
TWL00152,,26.0,,
TWL00153,,9.0,,
TWL00154,,43.0,,
TWL00155,,94.0,,
TWL00156,,3.0,,
TWL00157,,63.0,,
TWL00158,,12.0,,
TWL00159,,69.0,,
TWL00160,,54.0,,
TWL00161,,1.0,,
TWL00162,,128.0,,
TWL00163,,23.0,,
TWL00164,,0.0,,
TWL00165,,0.0,,
TWL00166,,28.0,,
TWL00167,,35.0,,
TWL00168,,2.0,,
TWL00169,,42.0,,
TWL00170,,0.0,,
TWL00171,,9.0,,
TWL00172,,68.0,,
TWL00174,,78.0,,
TWL00175,,17.0,,
TWL00176,,68.0,,
TWL00177,,131.0,,
TWL00178,,202.0,,
TWL00179,,39.0,,
TWL00180,,138.0,,
TWL00181,,160.0,,
TWL00182,,52.0,,
TWL00183,,5.0,,
TWL00184,,38.0,,
TWL00185,,29.0,,
TWL00186,,103.0,,
TWL00187,,23.0,,
TWL00188,,5.0,,
TWL00189,,0.0,,
TWL00190,,4.0,,
TWL00191,,17.0,,
TWL00192,,49.0,,
TWL00193,,44.0,,
TWL00194,,0.0,,
TWL00195,,7.0,,
TWL00196,,144.0,,
TWL00197,,25.0,,
TWL00198,,1.0,,
TWL00199,,0.0,,
TWL00200,,2.0,,
TWL00201,,67.0,,
TWL00202,,48.0,,
TWL00203,,12.0,,
TWL00204,,68.0,,
TWL00206,,46.0,,
TWL00207,,76.0,,
TWL00208,,35.0,,
TWL00209,,8.0,,
TWL00210,,27.0,,
TWL00211,,55.0,,
TWL00212,,86.0,,
TWL00213,,1.0,,
TWL00214,,152.0,,
TWL00215,,32.0,,
TWL00216,,39.0,,
TWL00217,,52.0,,
TWL00218,,27.0,,
TWL00219,,97.0,,
TWL00220,,39.0,,
TWL00221,,2.0,,
TWL00222,,86.0,,
TWL00223,,108.0,,
TWL00224,,0.0,,
TWL00225,,1.0,,
TWL00226,,29.0,,
TWL00227,,66.0,,
TWL00228,,2.0,,
TWL00229,,24.0,,
TWL00230,,4.0,,
TWL00231,,107.0,,
TWL00232,,19.0,,
TWL00233,,43.0,,
TWL00234,,42.0,,
TWL00235,,120.0,,
TWL00236,,47.0,,
TWL00237,,17.0,,
TWL00238,,76.0,,
TWL00239,,4.0,,
TWL00240,,15.0,,
TWL00241,,35.0,,
TWL00242,,63.0,,
TWL00243,,1.0,,
TWL00244,,61.0,,
TWL00245,,1.0,,
TWL00246,,8.0,,
TWL00247,,0.0,,
TWL00248,,0.0,,
TWL00249,,0.0,,
TWL00250,,3.0,,
TWL00252,,23.0,,
TWL00253,,3.0,,
TWL00254,,9.0,,
TWL00255,,36.0,,
TWL00256,,119.0,,
TWL00257,,143.0,,
TWL00258,,0.0,,
TWL00259,,56.0,,
TWL00260,,59.0,,
TWL00261,,9.0,,
TWL00262,,82.0,,
TWL00263,,128.0,,
TWL00264,,91.0,,
TWL00265,,42.0,,
TWL00266,,14.0,,
TWL00267,,31.0,,
TWL00268,,69.0,,
TWL00269,,50.0,,
TWL00270,,9.0,,
TWL00271,,168.0,,
TWL00272,,52.0,,
TWL00273,,26.0,,
TWL00274,,9.0,,
TWL00275,,11.0,,
TWL00276,,19.0,,
TWL00277,,38.0,,
TWL00278,,14.0,,
TWL00279,,0.0,,
TWL00280,,2.0,,
TWL00281,,14.0,,
TWL00282,,35.0,,
TWL00283,,99.0,,
TWL00284,,20.0,,
TWL00285,,3.0,,
TWL00286,,17.0,,
TWL00287,,2.0,,
TWL00288,,9.0,,
TWL00289,,4.0,,
TWL00290,,124.0,,
TWL00291,,3.0,,
TWL00292,,187.0,,
TWL00293,,172.0,,
TWL00294,,69.0,,
TWL00295,,0.0,,
TWL00296,,19.0,,
TWL00297,,26.0,,
TWL00298,,44.0,,
TWL00299,,53.0,,
TWL00300,,55.0,,
TWL00301,,3.0,,
TWL00302,,3.0,,
TWL00303,,152.0,,
TWL00304,,50.0,,
TWL00305,,26.0,,
TWL00306,,63.0,,
TWL00307,,56.0,,
TWL00309,,94.0,,
TWL00310,,16.0,,
TWL00311,,44.0,,
TWL00312,,10.0,,
TWL00313,,72.0,,
TWL00314,,11.0,,
TWL00315,,16.0,,
TWL00316,,11.0,,
TWL00317,,5.0,,
TWL00318,,7.0,,
TWL00319,,72.0,,
TWL00320,,6.0,,
TWL00321,,16.0,,
TWL00322,,0.0,,
TWL00323,,162.0,,
TWL00324,,70.0,,
TWL00325,,1.0,,
TWL00326,,0.0,,
TWL00327,,66.0,,
TWL00328,,19.0,,
TWL00329,,8.0,,
TWL00330,,1.0,,
TWL00331,,73.0,,
TWL00332,,13.0,,
TWL00333,,95.0,,
TWL00334,,9.0,,
TWL00335,,0.0,,
TWL00336,,11.0,,
TWL00337,,53.0,,
TWL00338,,127.0,,
TWL00339,,3.0,,
TWL00340,,23.0,,
TWL00341,,0.0,,
TWL00342,,6.0,,
TWL00343,,47.0,,
TWL00344,,3.0,,
TWL00345,,0.0,,
TWL00346,,13.0,,
TWL00347,,83.0,,
TWL00348,,43.0,,
TWL00349,,6.0,,
TWL00350,,15.0,,
TWL00351,,0.0,,
TWL00352,,2.0,,
TWL00353,,1.0,,
TWL00354,,11.0,,
TWL00355,,25.0,,
TWL00356,,28.0,,
TWL00357,,26.0,,
TWL00358,,8.0,,
TWL00359,,37.0,,
TWL00360,,5.0,,
TWL00361,,119.0,,
TWL00362,,135.0,,
TWL00363,,67.0,,
TWL00364,,12.0,,
TWL00365,,0.0,,
TWL00366,,60.0,,
TWL00367,,47.0,,
TWL00368,,125.0,,
TWL00369,,190.0,,
TWL00370,,97.0,,
TWL00371,,2.0,,
TWL00372,,16.0,,
TWL00374,,2.0,,
TWL00376,,3.0,,
TWL00377,,71.0,,
TWL00378,,261.0,,
TWL00379,,12.0,,
TWL00380,,58.0,,
TWL00381,,12.0,,
TWL00382,,0.0,,
TWL00383,,9.0,,
TWL00384,,4.0,,
TWL00385,,180.0,,
TWL00386,,17.0,,
TWL00387,,0.0,,
TWL00388,,64.0,,
TWL00389,,123.0,,
TWL00391,,217.0,,
TWL00392,,157.0,,
TWL00393,,56.0,,
TWL00394,,5.0,,
TWL00395,,0.0,,
TWL00396,,12.0,,
TWL00397,,70.0,,
TWL00398,,0.0,,
TWL00399,,0.0,,
TWL00400,,38.0,,
TWL00401,,2.0,,
TWL00402,,47.0,,
TWL00403,,30.0,,
TWL00404,,100.0,,
TWL00405,,1.0,,
TWL00406,,5.0,,
TWL00407,,13.0,,
TWL00408,,30.0,,
TWL00409,,105.0,,
TWL00410,,1.0,,
TWL00411,,8.0,,
TWL00412,,34.0,,
TWL00413,,115.0,,
TWL00414,,71.0,,
TWL00415,,4.0,,
TWL00416,,2.0,,
TWL00417,,32.0,,
TWL00418,,5.0,,
TWL00419,,101.0,,
TWL00420,,63.0,,
TWL00421,,20.0,,
TWL00422,,150.0,,
TWL00423,,2.0,,
TWL00424,,36.0,,
TWL00425,,96.0,,
TWL00426,,1.0,,
TWL00427,,124.0,,
TWL00428,,46.0,,
TWL00429,,27.0,,
TWL00430,,67.0,,
TWL00431,,2.0,,
TWL00432,,0.0,,
TWL00433,,90.0,,
TWL00434,,11.0,,
TWL00435,,19.0,,
TWL00436,,11.0,,
TWL00437,,99.0,,
TWL00438,,18.0,,
TWL00439,,18.0,,
TWL00440,,18.0,,
TWL00441,,86.0,,
TWL00442,,3.0,,
TWL00443,,86.0,,
TWL00444,,3.0,,
TWL00445,,81.0,,
TWL00446,,160.0,,
TWL00447,,69.0,,
TWL00448,,2.0,,
TWL00449,,36.0,,
TWL00450,,10.0,,
TWL00451,,159.0,,
TWL00452,,133.0,,
TWL00453,,88.0,,
TWL00454,,219.0,,
TWL00455,,33.0,,
TWL00457,,141.0,,
TWL00458,,35.0,,
TWL00459,,74.0,,
TWL00460,,9.0,,
TWL00461,,52.0,,
TWL00462,,41.0,,
TWL00464,,93.0,,
TWL00465,,1.0,,
TWL00468,,2.0,,
TWL00472,,6.0,,
TWL00474,,5.0,,
TWL00475,,0.0,,
TWL00478,,54.0,,
TWL00479,,30.0,,
TWL00480,,16.0,,
TWL00483,,0.0,,
TWL00484,,14.0,,
TWL00486,,0.0,,
TWL00489,,71.0,,
TWL00491,,0.0,,
TWL00498,,7.0,,
TWL00500,,15.0,,
TWL00503,,2.0,,
TWL00505,,0.0,,
TWL00506,,1.0,,
TWL00514,,15.0,,
TWL00515,,10.0,,
TWL00519,,2.0,,
TWL00521,,2.0,,
TWL00527,,48.0,,
TWL00528,,0.0,,
TWL00533,,12.0,,
TWL00540,,21.0,,
TWL00544,,5.0,,
TWL00545,,18.0,,
TWL00546,,35.0,,
TWL00549,,3.0,,
TWL00550,,2.0,,
TWL00551,,3.0,,
TWL00557,,3.0,,
TWL00561,,2.0,,
TWL00563,,1.0,,
TWL00566,,2.0,,
TWL00570,,0.0,,
TWL00571,,10.0,,
TWL00574,,9.0,,
TWL00575,,70.0,,
TWL00579,,0.0,,
TWL00580,,5.0,,
TWL00581,,14.0,,
TWL00583,,21.0,,
TWL00584,,1.0,,
TWL00585,,1.0,,
TWL00588,,0.0,,
TWL00590,,3.0,,
TWL00591,,2.0,,
TWL00596,,26.0,,
TWL00599,,3.0,,
TWL00600,,56.0,,
TWL00608,,6.0,,
TWL00612,,0.0,,
TWL00613,,0.0,,
TWL00619,,0.0,,
TWL00620,,0.0,,
TWL00621,,3.0,,
TWL00624,,3.0,,
TWL00625,,34.0,,
TWL00627,,2.0,,
TWL00634,,2.0,,
TWL00636,,0.0,,
TWL00638,,35.0,,
TWL00644,,55.0,,
TWL00648,,67.0,,
TWL00650,,0.0,,
TWL00656,,2.0,,
TWL00658,,16.0,,
TWL00660,,12.0,,
TWL00662,,0.0,,
TWL00666,,2.0,,
TWL00669,,0.0,,
TWL00670,,5.0,,
TWL00671,,7.0,,
TWL00672,,24.0,,
TWL00678,,16.0,,
TWL00679,,33.0,,
TWL00683,,0.0,,
TWL00684,,6.0,,
TWL00689,,55.0,,
TWL00695,,73.0,,
TWL00701,,51.0,,
TWL00704,,2.0,,
TWL00713,,50.0,,
TWL00714,,45.0,,
TWL00715,,2.0,,
TWL00718,,11.0,,
TWL00719,,13.0,,
TWL00722,,2.0,,
TWL00723,,20.0,,
TWL00726,,138.0,,
TWL00728,,74.0,,
TWL00729,,49.0,,
TWL00730,,1.0,,
TWL00731,,1.0,,
TWL00732,,1.0,,
TWL00733,,42.0,,
TWL00734,,0.0,,
TWL00738,,4.0,,
TWL00739,,26.0,,
TWL00743,,36.0,,
TWL00744,,14.0,,
TWL00747,,29.0,,
TWL00752,,4.0,,
TWL00756,,29.0,,
TWL00758,,0.0,,
TWL00762,,0.0,,
TWL00763,,12.0,,
TWL00765,,0.0,,
TWL00766,,1.0,,
TWL00767,,1.0,,
TWL00780,,0.0,,
TWL00782,,7.0,,
TWL00783,,12.0,,
TWL00784,,3.0,,
TWL00785,,0.0,,
TWL00786,,2.0,,
TWL00787,,1.0,,
TWL00788,,34.0,,
TWL00789,,19.0,,
TWL00790,,18.0,,
TWL00791,,5.0,,
TWL00792,,21.0,,
TWL00793,,7.0,,
TWL00794,,22.0,,
TWL00795,,3.0,,
TWL00796,,12.0,,
TWL00797,,11.0,,
TWL00798,,6.0,,
TWL00799,,30.0,,
TWL00800,,3.0,,
TWL00803,,66.0,,
TWL00804,,28.0,,
TWL00805,,57.0,,
TWL00806,,7.0,,
ThW0001,38.0,,,
ThW0002,39.0,,,
ThW0003,17.0,,,
ThW0004,12.0,,,
ThW0005,130.0,,,
ThW0006,115.0,,,
ThW0007,121.0,,,
ThW0008,52.0,,,
ThW0009,17.0,,,
ThW0010,20.0,,,
ThW0011,15.0,,,
ThW0012,3.0,,,
ThW0013,25.0,,,
ThW0014,21.0,,,
ThW0015,135.0,,,
ThW0016,79.0,,,
ThW0017,44.0,,,
ThW0018,62.0,,,
ThW0019,12.0,,,
ThW0020,99.0,,,
ThW0021,33.0,,,
ThW0022,66.0,,,
ThW0023,0.0,,,
ThW0024,65.0,,,
ThW0025,120.0,,,
ThW0026,94.0,,,
ThW0027,19.0,,,
ThW0028,159.0,,,
ThW0029,8.0,,,
ThW0030,0.0,,,
ThW0031,37.0,,,
ThW0032,50.0,,,
ThW0033,108.0,,,
ThW0034,85.0,,,
ThW0035,48.0,,,
ThW0036,0.0,,,
ThW0037,132.0,,,
ThW0038,51.0,,,
ThW0039,61.0,,,
ThW0040,29.0,,,
ThW0041,64.0,,,
ThW0042,132.0,,,
ThW0043,85.0,,,
ThW0044,31.0,,,
ThW0045,11.0,,,
ThW0046,77.0,,,
ThW0047,67.0,,,
ThW0048,5.0,,,
ThW0049,3.0,,,
ThW0050,89.0,,,
ThW0051,28.0,,,
ThW0052,42.0,,,
ThW0053,45.0,,,
ThW0054,2.0,,,
ThW0055,120.0,,,
ThW0056,165.0,,,
ThW0057,150.0,,,
ThW0058,13.0,,,
ThW0059,0.0,,,
ThW0060,111.0,,,
ThW0061,0.0,,,
ThW0062,114.0,,,
ThW0063,56.0,,,
ThW0064,3.0,,,
ThW0065,22.0,,,
ThW0066,27.0,,,
ThW0067,23.0,,,
ThW0068,9.0,,,
ThW0070,114.0,,,
ThW0071,37.0,,,
ThW0072,29.0,,,
ThW0073,11.0,,,
ThW0074,38.0,,,
ThW0075,61.0,,,
ThW0076,4.0,,,
ThW0078,71.0,,,
ThW0079,19.0,,,
ThW0080,46.0,,,
ThW0081,116.0,,,
ThW0082,0.0,,,
ThW0083,78.0,,,
ThW0084,7.0,,,
ThW0085,4.0,,,
ThW0086,12.0,,,
ThW0087,1.0,,,
ThW0088,3.0,,,
ThW0089,1.0,,,
ThW0090,1.0,,,
ThW0091,30.0,,,
ThW0092,87.0,,,
ThW0093,101.0,,,
ThW0094,162.0,,,
ThW0095,116.0,,,
ThW0096,37.0,,,
ThW0097,20.0,,,
ThW0098,71.0,,,
ThW0099,29.0,,,
ThW0100,86.0,,,
ThW0101,3.0,,,
ThW0102,15.0,,,
ThW0103,120.0,,,
ThW0104,14.0,,,
ThW0105,0.0,,,
ThW0106,20.0,,,
ThW0107,3.0,,,
ThW0108,76.0,,,
ThW0109,15.0,,,
ThW0110,19.0,,,
ThW0111,83.0,,,
ThW0112,93.0,,,
ThW0113,69.0,,,
ThW0114,4.0,,,
ThW0115,6.0,,,
ThW0116,15.0,,,
ThW0117,46.0,,,
ThW0118,70.0,,,
ThW0119,120.0,,,
ThW0120,1.0,,,
ThW0121,39.0,,,
ThW0122,118.0,,,
ThW0123,13.0,,,
ThW0124,35.0,,,
ThW0125,80.0,,,
ThW0126,41.0,,,
ThW0127,2.0,,,
ThW0128,55.0,,,
ThW0129,6.0,,,
ThW0130,34.0,,,
ThW0131,70.0,,,
ThW0132,16.0,,,
ThW0133,134.0,,,
ThW0134,25.0,,,
ThW0135,39.0,,,
ThW0136,14.0,,,
ThW0137,61.0,,,
ThW0138,12.0,,,
ThW0139,57.0,,,
ThW0140,61.0,,,
ThW0141,0.0,,,
ThW0142,3.0,,,
ThW0143,98.0,,,
ThW0144,0.0,,,
ThW0145,52.0,,,
ThW0146,4.0,,,
ThW0147,172.0,,,
ThW0148,2.0,,,
ThW0149,99.0,,,
ThW0150,23.0,,,
ThW0151,17.0,,,
ThW0152,19.0,,,
ThW0153,37.0,,,
ThW0154,126.0,,,
ThW0155,18.0,,,
ThW0156,4.0,,,
ThW0157,150.0,,,
ThW0158,45.0,,,
ThW0159,36.0,,,
ThW0160,94.0,,,
ThW0161,3.0,,,
ThW0162,133.0,,,
ThW0163,26.0,,,
ThW0164,5.0,,,
ThW0165,0.0,,,
ThW0166,3.0,,,
ThW0167,24.0,,,
ThW0168,22.0,,,
ThW0169,15.0,,,
ThW0170,13.0,,,
ThW0171,18.0,,,
ThW0172,48.0,,,
ThW0173,0.0,,,
ThW0174,67.0,,,
ThW0175,30.0,,,
ThW0176,81.0,,,
ThW0177,38.0,,,
ThW0178,112.0,,,
ThW0179,32.0,,,
ThW0180,87.0,,,
ThW0181,1.0,,,
ThW0182,96.0,,,
ThW0183,162.0,,,
ThW0184,131.0,,,
ThW0185,4.0,,,
ThW0186,2.0,,,
ThW0187,35.0,,,
ThW0188,91.0,,,
ThW0190,162.0,,,
ThW0191,145.0,,,
ThW0192,62.0,,,
ThW0193,9.0,,,
ThW0194,81.0,,,
ThW0195,36.0,,,
ThW0196,38.0,,,
ThW0197,32.0,,,
ThW0198,115.0,,,
ThW0199,68.0,,,
ThW0200,1.0,,,
ThW0201,86.0,,,
ThW0202,44.0,,,
ThW0203,75.0,,,
ThW0204,102.0,,,
ThW0205,78.0,,,
ThW0206,35.0,,,
ThW0207,111.0,,,
ThW0208,8.0,,,
ThW0209,73.0,,,
ThW0210,81.0,,,
ThW0211,124.0,,,
ThW0212,93.0,,,
ThW0213,0.0,,,
ThW0214,2.0,,,
ThW0215,16.0,,,
ThW0216,133.0,,,
ThW0217,141.0,,,
ThW0218,119.0,,,
ThW0219,23.0,,,
ThW0220,59.0,,,
ThW0221,52.0,,,
ThW0222,0.0,,,
ThW0223,13.0,,,
ThW0224,0.0,,,
ThW0225,67.0,,,
ThW0226,5.0,,,
ThW0227,10.0,,,
ThW0228,55.0,,,
ThW0229,71.0,,,
ThW0230,23.0,,,
ThW0231,1.0,,,
ThW0233,2.0,,,
ThW0234,13.0,,,
ThW0235,0.0,,,
ThW0236,2.0,,,
ThW0237,16.0,,,
ThW0238,16.0,,,
ThW0239,43.0,,,
ThW0240,78.0,,,
ThW0241,2.0,,,
ThW0242,14.0,,,
ThW0243,19.0,,,
ThW0244,10.0,,,
ThW0245,30.0,,,
ThW0247,55.0,,,
ThW0248,1.0,,,
ThW0249,36.0,,,
ThW0250,5.0,,,
ThW0251,0.0,,,
ThW0252,27.0,,,
ThW0253,7.0,,,
ThW0254,46.0,,,
ThW0255,8.0,,,
ThW0256,8.0,,,
ThW0257,25.0,,,
ThW0258,1.0,,,
ThW0259,4.0,,,
ThW0260,76.0,,,
ThW0261,25.0,,,
ThW0262,2.0,,,
ThW0263,31.0,,,
ThW0264,4.0,,,
ThW0265,29.0,,,
ThW0266,31.0,,,
ThW0267,5.0,,,
ThW0268,0.0,,,
ThW0269,3.0,,,
ThW0270,28.0,,,
ThW0271,5.0,,,
ThW0272,12.0,,,
ThW0273,20.0,,,
ThW0274,18.0,,,
ThW0275,0.0,,,
ThW0276,0.0,,,
ThW0277,20.0,,,
ThW0278,7.0,,,
ThW0279,6.0,,,
ThW0280,12.0,,,
ThW0281,17.0,,,
ThW0282,21.0,,,
ThW0283,0.0,,,
ThW0284,13.0,,,
ThW0285,7.0,,,
ThW0286,0.0,,,
ThW0287,22.0,,,
ThW0288,0.0,,,
ThW0289,18.0,,,
ThW0290,5.0,,,
ThW0291,6.0,,,
ThW0292,2.0,,,
ThW0293,24.0,,,
ThW0294,0.0,,,
ThW0295,11.0,,,
ThW0296,30.0,,,
ThW0297,41.0,,,
ThW0298,0.0,,,
ThW0299,8.0,,,
ThW0300,0.0,,,
ThW0301,1.0,,,
ThW0302,41.0,,,
ThW0303,1.0,,,
ThW0304,61.0,,,
ThW0305,10.0,,,
ThW0306,61.0,,,
ThW0307,16.0,,,
ThW0308,1.0,,,
ThW0309,14.0,,,
ThW0310,32.0,,,
ThW0311,1.0,,,
ThW0312,130.0,,,
ThW0313,0.0,,,
ThW0314,1.0,,,
ThW0315,1.0,,,
ThW0316,43.0,,,
ThW0317,61.0,,,
ThW0318,7.0,,,
ThW0319,34.0,,,
ThW0320,22.0,,,
ThW0321,33.0,,,
ThW0322,1.0,,,
ThW0323,1.0,,,
ThW0324,9.0,,,
ThW0325,6.0,,,
ThW0326,4.0,,,
ThW0327,5.0,,,
ThW0328,4.0,,,
ThW0329,2.0,,,
ThW0330,42.0,,,
ThW0331,45.0,,,
ThW0332,13.0,,,
ThW0334,19.0,,,
ThW0335,31.0,,,
ThW0336,21.0,,,
ThW0337,13.0,,,
ThW0338,0.0,,,
ThW0339,0.0,,,
ThW0340,1.0,,,
ThW0341,6.0,,,
ThW0343,2.0,,,
ThW0344,3.0,,,
ThW0345,0.0,,,
ThW0346,0.0,,,
ThW0347,4.0,,,
ThW0348,32.0,,,
ThW0349,0.0,,,
ThW0350,1.0,,,
ThW0352,45.0,,,
ThW0353,3.0,,,
ThW0354,28.0,,,
ThW0355,14.0,,,
ThW0356,6.0,,,
ThW0357,3.0,,,
ThW0358,0.0,,,
ThW0359,2.0,,,
ThW0360,0.0,,,
ThW0361,12.0,,,
ThW0362,18.0,,,
ThW0363,11.0,,,
ThW0364,1.0,,,
ThW0366,16.0,,,
ThW0367,73.0,,,
ThW0368,6.0,,,
ThW0369,15.0,,,
ThW0370,0.0,,,
ThW0371,7.0,,,
ThW0372,5.0,,,
ThW0373,1.0,,,
ThW0374,6.0,,,
ThW0375,22.0,,,
ThW0376,0.0,,,
ThW0377,0.0,,,
ThW0378,5.0,,,
ThW0379,1.0,,,
ThW0380,110.0,,,
ThW0381,16.0,,,
ThW0382,16.0,,,
ThW0383,126.0,,,
ThW0384,28.0,,,
ThW0385,3.0,,,
ThW0386,26.0,,,
ThW0387,11.0,,,
ThW0388,18.0,,,
ThW0389,36.0,,,
ThW0390,27.0,,,
ThW0391,15.0,,,
ThW0392,3.0,,,
ThW0393,115.0,,,
ThW0394,32.0,,,
ThW0395,8.0,,,
ThW0396,6.0,,,
ThW0397,5.0,,,
ThW0398,11.0,,,
ThW0399,4.0,,,
ThW0400,40.0,,,
ThW0401,119.0,,,
ThW0402,0.0,,,
ThW0403,3.0,,,
ThW0404,1.0,,,
ThW0405,20.0,,,
ThW0406,21.0,,,
ThW0407,1.0,,,
ThW0408,11.0,,,
ThW0409,3.0,,,
ThW0410,10.0,,,
ThW0411,5.0,,,
ThW0412,14.0,,,
ThW0413,32.0,,,
ThW0414,0.0,,,
ThW0415,60.0,,,
ThW0416,24.0,,,
ThW0417,7.0,,,
ThW0418,1.0,,,
ThW0419,8.0,,,
ThW0420,4.0,,,
ThW0421,2.0,,,
ThW0422,45.0,,,
ThW0423,0.0,,,
ThW0424,68.0,,,
ThW0425,0.0,,,
ThW0426,2.0,,,
ThW0427,1.0,,,
ThW0428,0.0,,,
ThW0429,1.0,,,
ThW0430,0.0,,,
ThW0431,3.0,,,
ThW0432,61.0,,,
ThW0433,19.0,,,
ThW0434,11.0,,,
ThW0435,5.0,,,
ThW0436,2.0,,,
ThW0437,14.0,,,
ThW0438,41.0,,,
ThW0439,0.0,,,
ThW0440,0.0,,,
ThW0441,0.0,,,
ThW0442,4.0,,,
ThW0443,44.0,,,
ThW0444,4.0,,,
ThW0445,32.0,,,
ThW0446,115.0,,,
ThW0447,103.0,,,
ThW0448,16.0,,,
ThW0449,56.0,,,
ThW0450,60.0,,,
ThW0451,2.0,,,
ThW0452,0.0,,,
ThW0453,1.0,,,
ThW0454,0.0,,,
ThW0455,28.0,,,
ThW0456,46.0,,,
ThW0457,50.0,,,
ThW0458,63.0,,,
ThW0459,0.0,,,
ThW0460,29.0,,,
ThW0461,59.0,,,
ThW0462,0.0,,,
ThW0466,4.0,,,
ThW0468,0.0,,,
ThW0471,8.0,,,
ThW0472,13.0,,,
ThW0475,66.0,,,
ThW0477,3.0,,,
ThW0478,8.0,,,
ThW0479,10.0,,,
ThW0485,0.0,,,
ThW0487,26.0,,,
ThW0488,17.0,,,
ThW0489,31.0,,,
ThW0497,9.0,,,
ThW0498,1.0,,,
ThW0502,128.0,,,
ThW0508,48.0,,,
ThW0511,20.0,,,
ThW0517,38.0,,,
ThW0518,0.0,,,
ThW0519,1.0,,,
ThW0521,11.0,,,
ThW0523,2.0,,,
ThW0525,0.0,,,
ThW0526,0.0,,,
ThW0527,0.0,,,
ThW0528,0.0,,,
ThW0529,50.0,,,
ThW0530,0.0,,,
ThW0536,0.0,,,
ThW0539,0.0,,,
ThW0542,4.0,,,
ThW0544,0.0,,,
ThW0545,16.0,,,
ThW0546,5.0,,,
ThW0547,5.0,,,
ThW0549,19.0,,,
ThW0550,0.0,,,
ThW0552,1.0,,,
ThW0554,0.0,,,
ThW0562,7.0,,,
ThW0563,29.0,,,
ThW0564,1.0,,,
ThW0566,1.0,,,
ThW0568,0.0,,,
ThW0569,0.0,,,
ThW0572,0.0,,,
ThW0573,2.0,,,
ThW0574,0.0,,,
ThW0577,0.0,,,
ThW0578,1.0,,,
ThW0579,0.0,,,
ThW0580,0.0,,,
ThW0581,0.0,,,
ThW0584,4.0,,,
ThW0585,4.0,,,
ThW0587,0.0,,,
ThW0588,0.0,,,
ThW0592,2.0,,,
ThW0596,0.0,,,
ThW0597,1.0,,,
ThW0598,1.0,,,
ThW0599,0.0,,,
ThW0602,0.0,,,
ThW0603,0.0,,,
ThW0604,2.0,,,
ThW0607,0.0,,,
ThW0609,11.0,,,
ThW0610,6.0,,,
ThW0612,3.0,,,
ThW0615,0.0,,,
ThW0616,0.0,,,
ThW0617,1.0,,,
ThW0618,30.0,,,
ThW0619,0.0,,,
ThW0620,10.0,,,
ThW0621,2.0,,,
ThW0624,0.0,,,
ThW0625,0.0,,,
ThW0630,19.0,,,
ThW0631,0.0,,,
ThW0634,1.0,,,
ThW0635,0.0,,,
ThW0636,9.0,,,
ThW0637,0.0,,,
ThW0640,0.0,,,
ThW0641,0.0,,,
ThW0642,0.0,,,
ThW0643,1.0,,,
ThW0644,3.0,,,
ThW0645,2.0,,,
ThW0646,0.0,,,
ThW0648,7.0,,,
ThW0649,14.0,,,
ThW0650,0.0,,,
ThW0651,1.0,,,
ThW0652,0.0,,,
ThW0653,0.0,,,
ThW0660,0.0,,,
ThW0662,7.0,,,
ThW0663,0.0,,,
ThW0664,0.0,,,
ThW0665,0.0,,,
ThW0666,1.0,,,
ThW0669,8.0,,,
ThW0670,10.0,,,
ThW0673,0.0,,,
ThW0674,0.0,,,
ThW0678,0.0,,,
ThW0679,0.0,,,
ThW0680,0.0,,,
ThW0681,0.0,,,
ThW0683,0.0,,,
ThW0684,0.0,,,
ThW0685,39.0,,,
ThW0716,8.0,,,
ThW0718,18.0,,,
ThW0722,57.0,,,
ThW0724,15.0,,,
ThW0725,0.0,,,
ThW0726,0.0,,,
ThW0727,9.0,,,
ThW0728,0.0,,,
ThW0736,0.0,,,
ThW0737,0.0,,,
ThW0738,0.0,,,
ThW0739,34.0,,,
ThW0740,2.0,,,
ThW0741,3.0,,,
ThW0744,7.0,,,
ThW0747,23.0,,,
ThW0748,0.0,,,
ThW0750,1.0,,,
ThW0754,9.0,,,
ThW0757,1.0,,,
ThW0759,44.0,,,
ThW0760,42.0,,,
ThW0761,0.0,,,
ThW0765,14.0,,,
ThW0772,9.0,,,
ThW0773,3.0,,,
ThW0774,0.0,,,
ThW0775,27.0,,,
ThW0776,0.0,,,
ThW0777,22.0,,,
ThW0778,12.0,,,
ThW0783,1.0,,,
ThW0784,19.0,,,
ThW0785,9.0,,,
ThW0786,14.0,,,
ThW0787,0.0,,,
ThW0788,6.0,,,
ThW0789,9.0,,,
ThW0791,27.0,,,
ThW0793,8.0,,,
ThW0797,60.0,,,
ThW0805,5.0,,,
ThW0809,0.0,,,
UUG0001,14.0,,,
UUG0002,60.0,,,
UUG0003,15.0,,,
UUG0004,1.0,,,
UUG0005,7.0,,,
UUG0006,88.0,,,
UUG0007,181.0,,,
UUG0008,1.0,,,
UUG0009,113.0,,,
UUG0010,7.0,,,
UUG0011,102.0,,,
UUG0012,1.0,,,
UUG0013,57.0,,,
UUG0014,58.0,,,
UUG0015,54.0,,,
UUG0016,1.0,,,
UUG0017,51.0,,,
UUG0018,83.0,,,
UUG0019,0.0,,,
UUG0020,4.0,,,
UUG0021,6.0,,,
UUG0022,61.0,,,
UUG0023,167.0,,,
UUG0024,5.0,,,
UUG0025,16.0,,,
UUG0026,64.0,,,
UUG0027,5.0,,,
UUG0028,4.0,,,
UUG0029,52.0,,,
UUG0030,3.0,,,
UUG0031,23.0,,,
UUG0032,20.0,,,
UUG0033,83.0,,,
UUG0034,41.0,,,
UUG0035,111.0,,,
UUG0036,77.0,,,
UUG0037,149.0,,,
UUG0038,14.0,,,
UUG0039,14.0,,,
UUG0040,71.0,,,
UUG0041,71.0,,,
UUG0042,63.0,,,
UUG0043,0.0,,,
UUG0044,23.0,,,
UUG0045,2.0,,,
UUG0046,9.0,,,
UUG0047,27.0,,,
UUG0048,76.0,,,
UUG0049,48.0,,,
UUG0050,51.0,,,
UUG0051,19.0,,,
UUG0052,51.0,,,
UUG0053,77.0,,,
UUG0054,69.0,,,
UUG0055,13.0,,,
UUG0056,44.0,,,
UUG0057,56.0,,,
UUG0058,91.0,,,
UUG0059,27.0,,,
UUG0061,0.0,,,
UUG0062,23.0,,,
UUG0063,44.0,,,
UUG0064,31.0,,,
UUG0065,5.0,,,
UUG0067,161.0,,,
UUG0068,29.0,,,
UUG0069,55.0,,,
UUG0070,59.0,,,
UUG0071,0.0,,,
UUG0074,14.0,,,
UUG0078,65.0,,,
UUG0080,174.0,,,
UUG0081,26.0,,,
UUG0082,55.0,,,
UUG0083,1.0,,,
UUG0084,24.0,,,
UUG0085,5.0,,,
UUG0086,46.0,,,
UUG0087,36.0,,,
UUG0088,2.0,,,
UUG0089,151.0,,,
UUG0090,0.0,,,
UUG0092,103.0,,,
UUG0093,75.0,,,
UUG0094,75.0,,,
UUG0095,112.0,,,
UUG0096,108.0,,,
UUG0097,109.0,,,
UUG0098,104.0,,,
UUG0099,0.0,,,
UUG0100,7.0,,,
UUG0101,4.0,,,
UUG0102,68.0,,,
UUG0103,23.0,,,
UUG0104,3.0,,,
UUG0105,36.0,,,
UUG0106,9.0,,,
UUG0107,7.0,,,
UUG0108,4.0,,,
UUG0109,16.0,,,
UUG0110,38.0,,,
UUG0111,12.0,,,
UUG0112,5.0,,,
UUG0113,36.0,,,
UUG0114,0.0,,,
UUG0115,88.0,,,
UUG0116,4.0,,,
UUG0117,22.0,,,
UUG0118,131.0,,,
UUG0119,2.0,,,
UUG0120,0.0,,,
UUG0121,80.0,,,
UUG0122,121.0,,,
UUG0123,30.0,,,
UUG0124,80.0,,,
UUG0125,22.0,,,
UUG0126,18.0,,,
UUG0127,2.0,,,
UUG0128,38.0,,,
UUG0129,20.0,,,
UUG0130,2.0,,,
UUG0131,25.0,,,
UUG0132,80.0,,,
UUG0133,24.0,,,
UUG0134,50.0,,,
UUG0135,11.0,,,
UUG0136,70.0,,,
UUG0137,143.0,,,
UUG0139,91.0,,,
UUG0140,74.0,,,
UUG0141,0.0,,,
UUG0142,2.0,,,
UUG0143,0.0,,,
UUG0144,15.0,,,
UUG0145,100.0,,,
UUG0146,45.0,,,
UUG0147,86.0,,,
UUG0148,33.0,,,
UUG0150,64.0,,,
UUG0151,1.0,,,
UUG0152,8.0,,,
UUG0153,50.0,,,
UUG0154,2.0,,,
UUG0155,86.0,,,
UUG0156,0.0,,,
UUG0157,152.0,,,
UUG0158,104.0,,,
UUG0159,99.0,,,
UUG0160,116.0,,,
UUG0161,14.0,,,
UUG0162,10.0,,,
UUG0163,138.0,,,
UUG0164,22.0,,,
UUG0165,13.0,,,
UUG0166,0.0,,,
UUG0167,49.0,,,
UUG0168,26.0,,,
UUG0169,0.0,,,
UUG0170,21.0,,,
UUG0171,57.0,,,
UUG0172,20.0,,,
UUG0173,2.0,,,
UUG0174,72.0,,,
UUG0175,142.0,,,
UUG0176,43.0,,,
UUG0177,126.0,,,
UUG0179,111.0,,,
UUG0180,177.0,,,
UUG0181,183.0,,,
UUG0182,17.0,,,
UUG0183,4.0,,,
UUG0184,5.0,,,
UUG0185,6.0,,,
UUG0186,0.0,,,
UUG0187,7.0,,,
UUG0188,2.0,,,
UUG0189,10.0,,,
UUG0190,83.0,,,
UUG0191,19.0,,,
UUG0193,60.0,,,
UUG0194,95.0,,,
UUG0195,0.0,,,
UUG0196,46.0,,,
UUG0197,35.0,,,
UUG0198,34.0,,,
UUG0199,97.0,,,
UUG0200,49.0,,,
UUG0201,21.0,,,
UUG0202,5.0,,,
UUG0203,5.0,,,
UUG0204,20.0,,,
UUG0205,4.0,,,
UUG0206,59.0,,,
UUG0207,76.0,,,
UUG0208,43.0,,,
UUG0209,80.0,,,
UUG0210,176.0,,,
UUG0211,0.0,,,
UUG0212,21.0,,,
UUG0213,39.0,,,
UUG0214,205.0,,,
UUG0215,9.0,,,
UUG0216,154.0,,,
UUG0217,4.0,,,
UUG0218,71.0,,,
UUG0219,85.0,,,
UUG0220,0.0,,,
UUG0221,25.0,,,
UUG0222,93.0,,,
UUG0223,17.0,,,
UUG0224,88.0,,,
UUG0226,22.0,,,
UUG0227,0.0,,,
UUG0228,42.0,,,
UUG0229,109.0,,,
UUG0230,5.0,,,
UUG0231,10.0,,,
UUG0232,86.0,,,
UUG0233,0.0,,,
UUG0234,13.0,,,
UUG0235,91.0,,,
UUG0236,0.0,,,
UUG0237,0.0,,,
UUG0238,18.0,,,
UUG0239,11.0,,,
UUG0240,56.0,,,
UUG0241,74.0,,,
UUG0242,48.0,,,
UUG0243,0.0,,,
UUG0244,64.0,,,
UUG0245,0.0,,,
UUG0247,25.0,,,
UUG0248,1.0,,,
UUG0249,7.0,,,
UUG0250,81.0,,,
UUG0251,87.0,,,
UUG0252,0.0,,,
UUG0253,36.0,,,
UUG0254,18.0,,,
UUG0255,34.0,,,
UUG0256,11.0,,,
UUG0257,35.0,,,
UUG0258,11.0,,,
UUG0259,36.0,,,
UUG0260,0.0,,,
UUG0261,107.0,,,
UUG0262,43.0,,,
UUG0263,2.0,,,
UUG0264,120.0,,,
UUG0266,27.0,,,
UUG0267,8.0,,,
UUG0268,212.0,,,
UUG0269,85.0,,,
UUG0270,153.0,,,
UUG0271,6.0,,,
UUG0272,9.0,,,
UUG0273,82.0,,,
UUG0275,118.0,,,
UUG0276,27.0,,,
UUG0277,44.0,,,
UUG0278,8.0,,,
UUG0279,15.0,,,
UUG0280,22.0,,,
UUG0281,6.0,,,
UUG0282,47.0,,,
UUG0283,0.0,,,
UUG0284,31.0,,,
UUG0285,21.0,,,
UUG0286,43.0,,,
UUG0287,39.0,,,
UUG0288,13.0,,,
UUG0289,103.0,,,
UUG0290,116.0,,,
UUG0291,202.0,,,
UUG0292,133.0,,,
UUG0293,89.0,,,
UUG0294,0.0,,,
UUG0295,108.0,,,
UUG0296,86.0,,,
UUG0297,59.0,,,
UUG0298,49.0,,,
UUG0299,181.0,,,
UUG0300,38.0,,,
UUG0301,146.0,,,
UUG0302,124.0,,,
UUG0303,166.0,,,
UUG0304,155.0,,,
UUG0305,37.0,,,
UUG0306,14.0,,,
UUG0307,87.0,,,
UUG0308,52.0,,,
UUG0309,0.0,,,
UUG0310,108.0,,,
UUG0311,29.0,,,
UUG0312,85.0,,,
UUG0313,3.0,,,
UUG0314,0.0,,,
UUG0316,103.0,,,
UUG0317,4.0,,,
UUG0318,2.0,,,
UUG0319,15.0,,,
UUG0320,5.0,,,
UUG0321,1.0,,,
UUG0322,28.0,,,
UUG0323,46.0,,,
UUG0324,102.0,,,
UUG0325,67.0,,,
UUG0326,0.0,,,
UUG0327,0.0,,,
UUG0328,165.0,,,
UUG0329,8.0,,,
UUG0330,104.0,,,
UUG0331,3.0,,,
UUG0332,2.0,,,
UUG0333,8.0,,,
UUG0334,29.0,,,
UUG0335,10.0,,,
UUG0336,35.0,,,
UUG0337,66.0,,,
UUG0338,0.0,,,
UUG0339,6.0,,,
UUG0340,2.0,,,
UUG0341,0.0,,,
UUG0342,1.0,,,
UUG0343,6.0,,,
UUG0344,68.0,,,
UUG0345,86.0,,,
UUG0346,118.0,,,
UUG0347,73.0,,,
UUG0348,23.0,,,
UUG0349,5.0,,,
UUG0350,3.0,,,
UUG0351,2.0,,,
UUG0352,0.0,,,
UUG0353,110.0,,,
UUG0354,51.0,,,
UUG0355,162.0,,,
UUG0356,27.0,,,
UUG0357,85.0,,,
UUG0358,16.0,,,
UUG0359,2.0,,,
UUG0360,40.0,,,
UUG0361,283.0,,,
UUG0362,39.0,,,
UUG0363,93.0,,,
UUG0364,32.0,,,
UUG0365,54.0,,,
UUG0366,31.0,,,
UUG0367,58.0,,,
UUG0368,4.0,,,
UUG0369,23.0,,,
UUG0371,50.0,,,
UUG0372,72.0,,,
UUG0373,84.0,,,
UUG0374,17.0,,,
UUG0375,39.0,,,
UUG0376,107.0,,,
UUG0377,6.0,,,
UUG0378,48.0,,,
UUG0379,48.0,,,
UUG0380,1.0,,,
UUG0382,5.0,,,
UUG0383,21.0,,,
UUG0384,153.0,,,
UUG0385,2.0,,,
UUG0386,16.0,,,
UUG0387,5.0,,,
UUG0388,10.0,,,
UUG0389,4.0,,,
UUG0390,20.0,,,
UUG0391,9.0,,,
UUG0392,6.0,,,
UUG0393,9.0,,,
UUG0394,12.0,,,
UUG0395,32.0,,,
UUG0396,44.0,,,
UUG0397,3.0,,,
UUG0398,85.0,,,
UUG0399,56.0,,,
UUG0400,42.0,,,
UUG0401,0.0,,,
UUG0402,27.0,,,
UUG0403,11.0,,,
UUG0404,98.0,,,
UUG0405,47.0,,,
UUG0406,44.0,,,
UUG0407,11.0,,,
UUG0408,49.0,,,
UUG0409,73.0,,,
UUG0410,146.0,,,
UUG0411,34.0,,,
UUG0412,8.0,,,
UUG0413,69.0,,,
UUG0414,62.0,,,
UUG0415,50.0,,,
UUG0416,63.0,,,
UUG0417,54.0,,,
UUG0418,6.0,,,
UUG0419,57.0,,,
UUG0420,0.0,,,
UUG0421,64.0,,,
UUG0422,0.0,,,
UUG0423,26.0,,,
UUG0424,64.0,,,
UUG0425,34.0,,,
UUG0426,64.0,,,
UUG0427,18.0,,,
UUG0428,21.0,,,
UUG0429,0.0,,,
UUG0430,22.0,,,
UUG0431,36.0,,,
UUG0432,41.0,,,
UUG0433,44.0,,,
UUG0434,21.0,,,
UUG0435,113.0,,,
UUG0436,0.0,,,
UUG0437,14.0,,,
UUG0438,63.0,,,
UUG0439,84.0,,,
UUG0440,67.0,,,
UUG0441,43.0,,,
UUG0442,1.0,,,
UUG0443,16.0,,,
UUG0444,43.0,,,
UUG0445,60.0,,,
UUG0446,95.0,,,
UUG0447,29.0,,,
UUG0448,29.0,,,
UUG0449,16.0,,,
UUG0450,52.0,,,
UUG0452,105.0,,,
UUG0453,133.0,,,
UUG0454,154.0,,,
UUG0455,7.0,,,
UUG0456,36.0,,,
UUG0457,3.0,,,
UUG0458,49.0,,,
UUG0459,78.0,,,
UUG0460,42.0,,,
UUG0461,162.0,,,
UUG0462,16.0,,,
UUG0463,44.0,,,
UUG0464,86.0,,,
UUG0465,174.0,,,
UUG0466,9.0,,,
UUG0467,90.0,,,
UUG0468,98.0,,,
UUG0469,0.0,,,
UUG0470,0.0,,,
UUG0471,0.0,,,
UUG0472,6.0,,,
UUG0473,69.0,,,
UUG0474,5.0,,,
UUG0475,48.0,,,
UUG0476,0.0,,,
UUG0477,79.0,,,
UUG0478,20.0,,,
UUG0479,22.0,,,
UUG0480,10.0,,,
UUG0481,178.0,,,
UUG0482,7.0,,,
UUG0483,10.0,,,
UUG0484,2.0,,,
UUG0485,2.0,,,
UUG0486,57.0,,,
UUG0487,17.0,,,
UUG0488,125.0,,,
UUG0489,51.0,,,
UUG0490,15.0,,,
UUG0491,20.0,,,
UUG0492,74.0,,,
UUG0493,22.0,,,
UUG0494,118.0,,,
UUG0495,75.0,,,
UUG0496,7.0,,,
UUG0497,68.0,,,
UUG0498,19.0,,,
UUG0499,81.0,,,
UUG0500,59.0,,,
UUG0501,2.0,,,
UUG0502,0.0,,,
UUG0503,0.0,,,
UUG0504,15.0,,,
UUG0505,71.0,,,
UUG0506,6.0,,,
UUG0507,118.0,,,
UUG0508,24.0,,,
UUG0509,40.0,,,
UUG0510,1.0,,,
UUG0511,2.0,,,
UUG0512,0.0,,,
UUG0513,179.0,,,
UUG0514,2.0,,,
UUG0515,108.0,,,
UUG0516,10.0,,,
UUG0517,2.0,,,
UUG0518,74.0,,,
UUG0519,71.0,,,
UUG0520,13.0,,,
UUG0521,0.0,,,
UUG0522,0.0,,,
UUG0523,2.0,,,
UUG0524,5.0,,,
UUG0525,168.0,,,
UUG0527,64.0,,,
UUG0528,39.0,,,
UUG0529,14.0,,,
UUG0530,0.0,,,
UUG0531,2.0,,,
UUG0532,51.0,,,
UUG0533,26.0,,,
UUG0534,59.0,,,
UUG0535,99.0,,,
UUG0536,92.0,,,
UUG0537,155.0,,,
UUG0538,54.0,,,
UUG0539,7.0,,,
UUG0540,0.0,,,
UUG0541,53.0,,,
UUG0542,47.0,,,
UUG0543,6.0,,,
UUG0544,18.0,,,
UUG0545,53.0,,,
UUG0546,1.0,,,
UUG0547,35.0,,,
UUG0548,19.0,,,
UUG0549,31.0,,,
UUG0550,50.0,,,
UUG0551,40.0,,,
UUG0552,3.0,,,
UUG0553,0.0,,,
UUG0554,92.0,,,
UUG0555,11.0,,,
UUG0556,35.0,,,
UUG0557,129.0,,,
UUG0558,49.0,,,
UUG0559,20.0,,,
UUG0560,96.0,,,
UUG0561,22.0,,,
UUG0562,89.0,,,
UUG0563,90.0,,,
UUG0564,38.0,,,
UUG0565,6.0,,,
UUG0566,0.0,,,
UUG0567,14.0,,,
UUG0568,34.0,,,
UUG0569,23.0,,,
UUG0571,81.0,,,
UUG0572,61.0,,,
UUG0573,20.0,,,
UUG0574,1.0,,,
UUG0575,89.0,,,
UUG0576,0.0,,,
UUG0577,1.0,,,
UUG0578,6.0,,,
UUG0579,84.0,,,
UUG0581,7.0,,,
UUG0582,6.0,,,
UUG0583,14.0,,,
UUG0584,20.0,,,
UUG0585,126.0,,,
UUG0586,45.0,,,
UUG0587,110.0,,,
UUG0588,131.0,,,
UUG0589,30.0,,,
UUG0590,10.0,,,
UUG0591,47.0,,,
UUG0592,22.0,,,
UUG0593,41.0,,,
UUG0594,4.0,,,
UUG0595,31.0,,,
UUG0596,33.0,,,
UUG0597,61.0,,,
UUG0598,10.0,,,
UUG0599,28.0,,,
UUG0600,69.0,,,
UUG0601,0.0,,,
UUG0602,30.0,,,
UUG0603,26.0,,,
UUG0604,18.0,,,
UUG0606,110.0,,,
UUG0607,90.0,,,
UUG0608,62.0,,,
UUG0609,15.0,,,
UUG0610,84.0,,,
UUG0611,11.0,,,
UUG0612,0.0,,,
UUG0613,13.0,,,
UUG0614,1.0,,,
UUG0615,41.0,,,
UUG0616,30.0,,,
UUG0617,6.0,,,
UUG0618,12.0,,,
UUG0619,6.0,,,
UUG0620,62.0,,,
UUG0621,2.0,,,
UUG0622,9.0,,,
UUG0623,13.0,,,
UUG0624,0.0,,,
UUG0625,4.0,,,
UUG0626,10.0,,,
UUG0627,1.0,,,
UUG0628,37.0,,,
UUG0629,42.0,,,
UUG0630,10.0,,,
UUG0631,66.0,,,
UUG0632,40.0,,,
UUG0633,11.0,,,
UUG0634,53.0,,,
UUG0635,3.0,,,
UUG0636,49.0,,,
UUG0638,0.0,,,
UUG0639,23.0,,,
UUG0640,78.0,,,
UUG0641,124.0,,,
UUG0642,114.0,,,
UUG0643,132.0,,,
UUG0644,114.0,,,
UUG0645,96.0,,,
UUG0646,30.0,,,
UUG0647,13.0,,,
UUG0648,11.0,,,
UUG0649,85.0,,,
UUG0650,39.0,,,
UUG0651,17.0,,,
UUG0652,24.0,,,
UUG0653,53.0,,,
UUG0654,31.0,,,
UUG0655,29.0,,,
UUG0656,21.0,,,
UUG0657,18.0,,,
UUG0658,123.0,,,
UUG0659,9.0,,,
UUG0660,72.0,,,
UUG0661,5.0,,,
UUG0662,38.0,,,
UUG0663,1.0,,,
UUG0664,11.0,,,
UUG0665,3.0,,,
UUG0666,48.0,,,
UUG0667,16.0,,,
UUG0668,27.0,,,
UUG0669,307.0,,,
UUG0670,40.0,,,
UUG0671,21.0,,,
UUG0672,5.0,,,
UUG0673,22.0,,,
UUG0674,1.0,,,
UUG0675,0.0,,,
UUG0676,71.0,,,
UUG0677,4.0,,,
UUG0678,0.0,,,
UUG0679,64.0,,,
UUG0680,124.0,,,
UUG0681,0.0,,,
UUG0682,70.0,,,
UUG0683,193.0,,,
UUG0684,110.0,,,
UUG0685,38.0,,,
UUG0686,47.0,,,
UUG0687,156.0,,,
UUG0688,103.0,,,
UUG0689,174.0,,,
UUG0690,0.0,,,
UUG0691,0.0,,,
UUG0692,2.0,,,
UUG0693,86.0,,,
UUG0694,49.0,,,
UUG0695,10.0,,,
UUG0696,14.0,,,
UUG0697,19.0,,,
UUG0698,121.0,,,
UUG0699,0.0,,,
UUG0700,10.0,,,
UUG0701,28.0,,,
UUG0702,31.0,,,
UUG0703,21.0,,,
UUG0704,3.0,,,
UUG0705,9.0,,,
UUG0706,74.0,,,
UUG0707,2.0,,,
UUG0708,0.0,,,
UUG0709,52.0,,,
UUG0710,55.0,,,
UUG0711,0.0,,,
UUG0712,50.0,,,
UUG0713,5.0,,,
UUG0714,50.0,,,
UUG0715,0.0,,,
UUG0716,0.0,,,
UUG0717,39.0,,,
UUG0718,93.0,,,
UUG0719,36.0,,,
UUG0720,12.0,,,
UUG0721,90.0,,,
UUG0722,37.0,,,
UUG0723,0.0,,,
UUG0724,208.0,,,
UUG0725,32.0,,,
UUG0726,0.0,,,
UUG0727,20.0,,,
UUG0728,1.0,,,
UUG0729,48.0,,,
UUG0730,20.0,,,
UUG0731,26.0,,,
UUG0732,26.0,,,
UUG0733,22.0,,,
UUG0734,67.0,,,
UUG0735,0.0,,,
UUG0737,3.0,,,
UUG0738,9.0,,,
UUG0739,88.0,,,
UUG0740,62.0,,,
UUG0741,29.0,,,
UUG0742,12.0,,,
UUG0743,70.0,,,
UUG0744,54.0,,,
UUG0745,92.0,,,
UUG0746,98.0,,,
UUG0747,1.0,,,
UUG0748,1.0,,,
UUG0749,73.0,,,
UUG0750,0.0,,,
UUG0751,48.0,,,
UUG0754,0.0,,,
UUG0755,0.0,,,
UUG0756,0.0,,,
UUG0757,0.0,,,
UUG0758,28.0,,,
UUG0759,7.0,,,
UUG0760,84.0,,,
UUG0761,37.0,,,
UUG0762,98.0,,,
UUG0763,7.0,,,
UUG0764,223.0,,,
UUG0765,12.0,,,
UUG0766,101.0,,,
UUG0767,173.0,,,
UUG0768,78.0,,,
UUG0769,8.0,,,
UUG0770,104.0,,,
UUG0771,96.0,,,
UUG0772,42.0,,,
UUG0773,46.0,,,
UUG0774,7.0,,,
UUG0775,10.0,,,
UUG0776,63.0,,,
UUG0777,119.0,,,
UUG0778,202.0,,,
UUG0779,46.0,,,
UUG0780,62.0,,,
UUG0781,83.0,,,
UUG0782,198.0,,,
UUG0783,16.0,,,
UUG0784,4.0,,,
UUG0785,120.0,,,
UUG0786,13.0,,,
UUG0787,93.0,,,
UUG0788,103.0,,,
UUG0789,105.0,,,
UUG0790,13.0,,,
UUG0791,86.0,,,
UUG0792,125.0,,,
UUG0793,37.0,,,
UUG0794,27.0,,,
UUG0795,18.0,,,
UUG0796,6.0,,,
UUG0797,63.0,,,
UUG0798,41.0,,,
UUG0799,46.0,,,
UUG0800,4.0,,,
UUG0801,64.0,,,
UUG0802,11.0,,,
UUG0803,32.0,,,
UUG0804,7.0,,,
UUG0805,34.0,,,
UUG0806,8.0,,,
UUG0807,96.0,,,
UUG0808,19.0,,,
UUG0809,2.0,,,
UUG0811,25.0,,,
UUG0812,127.0,,,
UUG0813,33.0,,,
UUG0814,160.0,,,
UUG0815,15.0,,,
UUG0816,0.0,,,
UUG0817,56.0,,,
UUG0818,3.0,,,
UUG0819,4.0,,,
UUG0820,29.0,,,
UUG0821,4.0,,,
UUG0822,2.0,,,
UUG0823,201.0,,,
UUG0824,36.0,,,
UUG0825,18.0,,,
UUG0826,8.0,,,
UUG0827,65.0,,,
UUG0828,24.0,,,
UUG0829,25.0,,,
UUG0830,1.0,,,
UUG0831,46.0,,,
UUG0832,1.0,,,
UUG0833,2.0,,,
UUG0834,12.0,,,
UUG0835,32.0,,,
UUG0836,3.0,,,
UUG0837,10.0,,,
UUG0838,20.0,,,
UUG0839,36.0,,,
UUG0840,8.0,,,
UUG0841,0.0,,,
UUG0842,18.0,,,
UUG0843,42.0,,,
UUG0844,46.0,,,
UUG0845,0.0,,,
UUG0846,32.0,,,
UUG0847,128.0,,,
UUG0848,43.0,,,
UUG0849,90.0,,,
UUG0850,4.0,,,
UUG0851,24.0,,,
UUG0852,94.0,,,
UUG0853,82.0,,,
UUG0854,14.0,,,
UUG0855,22.0,,,
UUG0856,11.0,,,
UUG0858,37.0,,,
UUG0859,28.0,,,
UUG0860,30.0,,,
UUG0862,85.0,,,
UUG0863,31.0,,,
UUG0864,34.0,,,
UUG0865,0.0,,,
UUG0866,44.0,,,
UUG0867,33.0,,,
UUG0868,0.0,,,
UUG0869,51.0,,,
UUG0870,52.0,,,
UUG0871,34.0,,,
UUG0872,146.0,,,
UUG0873,42.0,,,
UUG0874,0.0,,,
UUG0875,115.0,,,
UUG0876,28.0,,,
UUG0877,41.0,,,
UUG0878,83.0,,,
UUG0880,123.0,,,
UUG0881,0.0,,,
UUG0882,86.0,,,
UUG0883,29.0,,,
UUG0884,45.0,,,
UUG0885,1.0,,,
UUG0886,4.0,,,
UUG0887,12.0,,,
UUG0888,127.0,,,
UUG0889,14.0,,,
UUG0890,5.0,,,
UUG0891,18.0,,,
UUG0892,14.0,,,
UUG0894,6.0,,,
UUG0895,3.0,,,
UUG0896,0.0,,,
UUG0897,0.0,,,
UUG0898,23.0,,,
UUG0899,17.0,,,
UUG0900,53.0,,,
UUG0901,30.0,,,
UUG0902,4.0,,,
UUG0903,49.0,,,
UUG0904,13.0,,,
UUG0905,58.0,,,
UUG0906,88.0,,,
UUG0907,36.0,,,
UUG0908,11.0,,,
UUG0909,10.0,,,
UUG0910,100.0,,,
UUG0911,3.0,,,
UUG0912,31.0,,,
UUG0913,53.0,,,
UUG0914,80.0,,,
UUG0915,26.0,,,
UUG0916,17.0,,,
UUG0917,0.0,,,
UUG0918,0.0,,,
UUG0919,164.0,,,
UUG0920,77.0,,,
UUG0921,34.0,,,
UUG0922,84.0,,,
UUG0923,0.0,,,
UUG0924,104.0,,,
UUG0925,63.0,,,
UUG0926,8.0,,,
UUG0927,103.0,,,
UUG0928,11.0,,,
UUG0929,130.0,,,
UUG0930,35.0,,,
UUG0931,38.0,,,
UUG0932,0.0,,,
UUG0933,20.0,,,
UUG0934,50.0,,,
UUG0935,1.0,,,
UUG0936,18.0,,,
UUG0937,79.0,,,
UUG0938,94.0,,,
UUG0939,0.0,,,
UUG0940,45.0,,,
UUG0941,41.0,,,
UUG0942,65.0,,,
UUG0943,16.0,,,
UUG0944,116.0,,,
UUG0945,153.0,,,
UUG0947,120.0,,,
UUG0949,32.0,,,
UUG0950,2.0,,,
UUG0951,17.0,,,
UUG0952,8.0,,,
UUG0953,81.0,,,
UUG0954,59.0,,,
UUG0955,61.0,,,
UUG0956,32.0,,,
UUG0957,85.0,,,
UUG0958,73.0,,,
UUG0959,54.0,,,
UUG0960,110.0,,,
UUG0962,8.0,,,
UUG0963,25.0,,,
UUG0964,30.0,,,
UUG0965,37.0,,,
UUG0966,2.0,,,
UUG0967,16.0,,,
UUG0968,30.0,,,
UUG0969,48.0,,,
UUG0970,39.0,,,
UUG0971,44.0,,,
UUG0972,0.0,,,
UUG0973,65.0,,,
UUG0974,9.0,,,
UUG0975,93.0,,,
UUG0976,5.0,,,
UUG0977,5.0,,,
UUG0978,41.0,,,
UUG0979,46.0,,,
UUG0980,40.0,,,
UUG0981,11.0,,,
UUG0982,12.0,,,
UUG0983,17.0,,,
UUG0984,4.0,,,
UUG0985,25.0,,,
UUG0986,1.0,,,
UUG0987,62.0,,,
UUG0988,3.0,,,
UUG0989,17.0,,,
UUG0990,8.0,,,
UUG0991,5.0,,,
UUG0993,17.0,,,
UUG0994,153.0,,,
UUG0995,67.0,,,
UUG0996,70.0,,,
UUG0997,74.0,,,
UUG0998,9.0,,,
UUG0999,15.0,,,
UUG1000,53.0,,,
UUG1001,53.0,,,
UUG1002,10.0,,,
UUG1003,81.0,,,
UUG1004,40.0,,,
UUG1005,39.0,,,
UUG1006,172.0,,,
UUG1007,135.0,,,
UUG1008,168.0,,,
UUG1009,23.0,,,
UUG1010,90.0,,,
UUG1011,60.0,,,
UUG1012,61.0,,,
UUG1013,38.0,,,
UUG1014,53.0,,,
UUG1015,76.0,,,
UUG1016,15.0,,,
UUG1017,81.0,,,
UUG1018,84.0,,,
UUG1019,15.0,,,
UUG1020,14.0,,,
UUG1021,77.0,,,
UUG1022,23.0,,,
UUG1023,0.0,,,
UUG1024,78.0,,,
UUG1025,60.0,,,
UUG1026,72.0,,,
UUG1027,120.0,,,
UUG1028,1.0,,,
UUG1029,106.0,,,
UUG1030,5.0,,,
UUG1031,6.0,,,
UUG1032,62.0,,,
UUG1033,69.0,,,
UUG1034,38.0,,,
UUG1035,64.0,,,
UUG1036,73.0,,,
UUG1037,130.0,,,
UUG1038,50.0,,,
UUG1039,26.0,,,
UUG1041,10.0,,,
UUG1042,88.0,,,
UUG1043,109.0,,,
UUG1044,201.0,,,
UUG1045,71.0,,,
UUG1046,72.0,,,
UUG1047,0.0,,,
UUG1048,87.0,,,
UUG1049,88.0,,,
UUG1050,24.0,,,
UUG1051,153.0,,,
UUG1052,0.0,,,
UUG1053,43.0,,,
UUG1054,0.0,,,
UUG1055,0.0,,,
UUG1056,183.0,,,
UUG1057,80.0,,,
UUG1058,79.0,,,
UUG1059,124.0,,,
UUG1060,37.0,,,
UUG1061,81.0,,,
UUG1062,70.0,,,
UUG1063,1.0,,,
UUG1064,8.0,,,
UUG1065,3.0,,,
UUG1066,44.0,,,
UUG1067,2.0,,,
UUG1068,0.0,,,
UUG1070,1.0,,,
UUG1071,26.0,,,
UUG1072,10.0,,,
UUG1073,12.0,,,
UUG1075,2.0,,,
UUG1076,10.0,,,
UUG1077,10.0,,,
UUG1078,122.0,,,
UUG1079,31.0,,,
UUG1080,57.0,,,
UUG1081,27.0,,,
UUG1082,145.0,,,
UUG1083,39.0,,,
UUG1084,11.0,,,
UUG1085,73.0,,,
UUG1086,58.0,,,
UUG1087,78.0,,,
UUG1088,6.0,,,
UUG1089,98.0,,,
UUG1090,0.0,,,
UUG1091,1.0,,,
UUG1093,0.0,,,
UUG1094,1.0,,,
UUG1095,27.0,,,
UUG1096,10.0,,,
UUG1098,8.0,,,
UUG1099,1.0,,,
UUG1100,198.0,,,
UUG1101,10.0,,,
UUG1102,81.0,,,
UUG1103,14.0,,,
UUG1104,33.0,,,
UUG1105,79.0,,,
UUG1106,6.0,,,
UUG1107,100.0,,,
UUG1108,59.0,,,
UUG1109,92.0,,,
UUG1110,75.0,,,
UUG1112,11.0,,,
UUG1113,46.0,,,
UUG1114,68.0,,,
UUG1115,56.0,,,
UUG1116,8.0,,,
UUG1117,219.0,,,
UUG1118,0.0,,,
UUG1119,80.0,,,
UUG1120,56.0,,,
UUG1121,47.0,,,
UUG1122,1.0,,,
UUG1123,62.0,,,
UUG1124,19.0,,,
UUG1125,81.0,,,
UUG1127,144.0,,,
UUG1128,29.0,,,
UUG1129,64.0,,,
UUG1130,1.0,,,
UUG1131,2.0,,,
UUG1132,90.0,,,
UUG1133,27.0,,,
UUG1134,79.0,,,
UUG1135,4.0,,,
UUG1136,10.0,,,
UUG1138,0.0,,,
UUG1139,21.0,,,
UUG1140,10.0,,,
UUG1141,115.0,,,
UUG1142,97.0,,,
UUG1143,10.0,,,
UUG1144,48.0,,,
UUG1145,17.0,,,
UUG1146,3.0,,,
UUG1147,14.0,,,
UUG1148,3.0,,,
UUG1149,34.0,,,
UUG1150,32.0,,,
UUG1151,46.0,,,
UUG1152,14.0,,,
UUG1153,9.0,,,
UUG1154,0.0,,,
UUG1155,165.0,,,
UUG1156,51.0,,,
UUG1157,0.0,,,
UUG1158,81.0,,,
UUG1159,63.0,,,
UUG1160,32.0,,,
UUG1161,53.0,,,
UUG1162,30.0,,,
UUG1164,1.0,,,
UUG1165,1.0,,,
UUG1166,60.0,,,
UUG1167,31.0,,,
UUG1168,2.0,,,
UUG1169,0.0,,,
UUG1170,0.0,,,
UUG1172,133.0,,,
UUG1173,16.0,,,
UUG1174,126.0,,,
UUG1175,58.0,,,
UUG1176,154.0,,,
UUG1177,33.0,,,
UUG1178,51.0,,,
UUG1179,63.0,,,
UUG1180,88.0,,,
UUG1181,143.0,,,
UUG1182,43.0,,,
UUG1183,1.0,,,
UUG1184,146.0,,,
UUG1185,98.0,,,
UUG1186,3.0,,,
UUG1187,5.0,,,
UUG1188,65.0,,,
UUG1189,70.0,,,
UUG1190,176.0,,,
UUG1191,97.0,,,
UUG1192,184.0,,,
UUG1193,91.0,,,
UUG1194,105.0,,,
UUG1195,16.0,,,
UUG1196,8.0,,,
UUG1197,4.0,,,
UUG1198,76.0,,,
UUG1199,32.0,,,
UUG1200,0.0,,,
UUG1201,82.0,,,
UUG1202,281.0,,,
UUG1203,89.0,,,
UUG1204,64.0,,,
UUG1205,4.0,,,
UUG1206,8.0,,,
UUG1207,172.0,,,
UUG1208,46.0,,,
UUG1209,48.0,,,
UUG1210,70.0,,,
UUG1211,4.0,,,
UUG1212,1.0,,,
UUG1213,111.0,,,
UUG1214,2.0,,,
UUG1215,0.0,,,
UUG1216,2.0,,,
UUG1217,99.0,,,
UUG1218,65.0,,,
UUG1219,124.0,,,
UUG1220,0.0,,,
UUG1221,13.0,,,
UUG1222,43.0,,,
UUG1223,15.0,,,
UUG1224,83.0,,,
UUG1225,109.0,,,
UUG1226,36.0,,,
UUG1227,97.0,,,
UUG1228,67.0,,,
UUG1229,51.0,,,
UUG1230,0.0,,,
UUG1231,16.0,,,
UUG1232,65.0,,,
UUG1233,12.0,,,
UUG1234,12.0,,,
UUG1235,173.0,,,
UUG1236,192.0,,,
UUG1237,4.0,,,
UUG1238,206.0,,,
UUG1239,26.0,,,
UUG1240,2.0,,,
UUG1241,21.0,,,
UUG1242,116.0,,,
UUG1243,40.0,,,
UUG1244,76.0,,,
UUG1245,115.0,,,
UUG1246,25.0,,,
UUG1247,230.0,,,
UUG1248,92.0,,,
UUG1249,91.0,,,
UUG1250,50.0,,,
UUG1251,56.0,,,
UUG1252,71.0,,,
UUG1253,103.0,,,
UUG1254,82.0,,,
UUG1255,116.0,,,
UUG1256,14.0,,,
UUG1257,10.0,,,
UUG1258,1.0,,,
UUG1259,54.0,,,
UUG1260,163.0,,,
UUG1261,2.0,,,
UUG1262,0.0,,,
UUG1264,42.0,,,
UUG1265,110.0,,,
UUG1266,63.0,,,
UUG1267,86.0,,,
UUG1268,17.0,,,
UUG1270,50.0,,,
UUG1271,13.0,,,
UUG1272,5.0,,,
UUG1273,33.0,,,
UUG1274,23.0,,,
UUG1275,4.0,,,
UUG1276,2.0,,,
UUG1277,44.0,,,
UUG1278,4.0,,,
UUG1279,3.0,,,
UUG1280,41.0,,,
UUG1281,62.0,,,
UUG1282,111.0,,,
UUG1283,12.0,,,
UUG1284,66.0,,,
UUG1285,5.0,,,
UUG1286,60.0,,,
UUG1287,0.0,,,
UUG1288,0.0,,,
UUG1289,175.0,,,
UUG1290,267.0,,,
UUG1291,57.0,,,
UUG1292,38.0,,,
UUG1293,80.0,,,
UUG1294,42.0,,,
UUG1295,7.0,,,
UUG1296,14.0,,,
UUG1297,40.0,,,
UUG1298,79.0,,,
UUG1299,46.0,,,
UUG1300,16.0,,,
UUG1301,137.0,,,
UUG1302,139.0,,,
UUG1303,56.0,,,
UUG1304,11.0,,,
UUG1305,53.0,,,
UUG1306,86.0,,,
UUG1307,3.0,,,
UUG1308,71.0,,,
UUG1309,61.0,,,
UUG1310,51.0,,,
UUG1311,12.0,,,
UUG1313,14.0,,,
UUG1314,0.0,,,
UUG1315,19.0,,,
UUG1316,14.0,,,
UUG1317,0.0,,,
UUG1318,0.0,,,
UUG1319,62.0,,,
UUG1320,14.0,,,
UUG1321,23.0,,,
UUG1322,43.0,,,
UUG1323,151.0,,,
UUG1324,102.0,,,
UUG1325,94.0,,,
UUG1326,75.0,,,
UUG1327,29.0,,,
UUG1328,125.0,,,
UUG1329,10.0,,,
UUG1330,4.0,,,
UUG1331,78.0,,,
UUG1333,29.0,,,
UUG1334,31.0,,,
UUG1335,1.0,,,
UUG1336,1.0,,,
UUG1337,11.0,,,
UUG1338,98.0,,,
UUG1339,0.0,,,
UUG1340,9.0,,,
UUG1341,119.0,,,
UUG1342,58.0,,,
UUG1343,14.0,,,
UUG1344,1.0,,,
UUG1345,1.0,,,
UUG1346,3.0,,,
UUG1348,62.0,,,
UUG1349,0.0,,,
UUG1350,0.0,,,
UUG1351,3.0,,,
UUG1352,153.0,,,
UUG1353,56.0,,,
UUG1354,2.0,,,
UUG1355,36.0,,,
UUG1356,0.0,,,
UUG1357,11.0,,,
UUG1359,7.0,,,
UUG1360,55.0,,,
UUG1361,13.0,,,
UUG1362,6.0,,,
UUG1363,129.0,,,
UUG1364,37.0,,,
UUG1365,44.0,,,
UUG1366,78.0,,,
UUG1367,119.0,,,
UUG1368,63.0,,,
UUG1369,85.0,,,
UUG1370,29.0,,,
UUG1371,88.0,,,
UUG1372,1.0,,,
UUG1373,104.0,,,
UUG1374,3.0,,,
UUG1375,1.0,,,
UUG1376,43.0,,,
UUG1377,10.0,,,
UUG1378,50.0,,,
UUG1379,1.0,,,
UUG1380,28.0,,,
UUG1381,17.0,,,
UUG1382,45.0,,,
UUG1383,36.0,,,
UUG1384,0.0,,,
UUG1385,42.0,,,
UUG1386,2.0,,,
UUG1387,12.0,,,
UUG1388,1.0,,,
UUG1389,3.0,,,
UUG1390,41.0,,,
UUG1391,77.0,,,
UUG1392,11.0,,,
UUG1393,0.0,,,
UUG1394,4.0,,,
UUG1395,6.0,,,
UUG1396,1.0,,,
UUG1397,11.0,,,
UUG1398,33.0,,,
UUG1399,7.0,,,
UUG1400,0.0,,,
UUG1401,4.0,,,
UUG1402,21.0,,,
UUG1403,20.0,,,
UUG1404,28.0,,,
UUG1405,51.0,,,
UUG1406,57.0,,,
UUG1407,14.0,,,
UUG1408,13.0,,,
UUG1409,59.0,,,
UUG1410,13.0,,,
UUG1411,8.0,,,
UUG1412,0.0,,,
UUG1413,83.0,,,
UUG1414,14.0,,,
UUG1415,74.0,,,
UUG1417,135.0,,,
UUG1418,43.0,,,
UUG1419,5.0,,,
UUG1420,5.0,,,
UUG1421,3.0,,,
UUG1422,70.0,,,
UUG1423,16.0,,,
UUG1424,22.0,,,
UUG1425,11.0,,,
UUG1426,1.0,,,
UUG1427,1.0,,,
UUG1428,62.0,,,
UUG1429,1.0,,,
UUG1430,1.0,,,
UUG1431,28.0,,,
UUG1432,18.0,,,
UUG1433,2.0,,,
UUG1434,2.0,,,
UUG1435,13.0,,,
UUG1436,43.0,,,
UUG1437,19.0,,,
UUG1438,71.0,,,
UUG1439,0.0,,,
UUG1440,3.0,,,
UUG1441,0.0,,,
UUG1442,3.0,,,
UUG1443,21.0,,,
UUG1444,1.0,,,
UUG1445,11.0,,,
UUG1446,127.0,,,
UUG1447,111.0,,,
UUG1448,0.0,,,
UUG1449,2.0,,,
UUG1450,0.0,,,
UUG1451,21.0,,,
UUG1452,15.0,,,
UUG1453,3.0,,,
UUG1454,0.0,,,
UUG1455,0.0,,,
UUG1456,150.0,,,
UUG1457,1.0,,,
UUG1458,15.0,,,
UUG1459,6.0,,,
UUG1460,0.0,,,
UUG1461,5.0,,,
UUG1462,0.0,,,
UUG1463,1.0,,,
UUG1464,0.0,,,
UUG1465,24.0,,,
UUG1466,0.0,,,
UUG1467,6.0,,,
UUG1468,0.0,,,
UUG1469,4.0,,,
UUG1470,2.0,,,
UUG1471,3.0,,,
UUG1472,95.0,,,
UUG1473,0.0,,,
UUG1474,17.0,,,
UUG1475,7.0,,,
UUG1476,10.0,,,
UUG1477,17.0,,,
UUG1478,0.0,,,
UUG1479,3.0,,,
UUG1482,24.0,,,
UUG1483,4.0,,,
UUG1484,4.0,,,
UUG1485,7.0,,,
UUG1486,9.0,,,
UUG1487,10.0,,,
UUG1488,1.0,,,
UUG1489,16.0,,,
UUG1490,0.0,,,
UUG1492,1.0,,,
UUG1493,8.0,,,
UUG1494,1.0,,,
UUG1495,55.0,,,
UUG1496,61.0,,,
UUG1497,15.0,,,
UUG1498,9.0,,,
UUG1499,42.0,,,
UUG1500,124.0,,,
UUG1501,74.0,,,
UUG1502,3.0,,,
UUG1503,2.0,,,
UUG1504,80.0,,,
UUG1505,0.0,,,
UUG1506,9.0,,,
UUG1507,99.0,,,
UUG1508,88.0,,,
UUG1509,0.0,,,
UUG1510,133.0,,,
UUG1511,45.0,,,
UUG1512,4.0,,,
UUG1513,1.0,,,
UUG1514,17.0,,,
UUG1515,1.0,,,
UUG1516,11.0,,,
UUG1517,132.0,,,
UUG1518,57.0,,,
UUG1519,15.0,,,
UUG1520,39.0,,,
UUG1521,50.0,,,
UUG1522,100.0,,,
UUG1523,81.0,,,
UUG1524,4.0,,,
UUG1525,120.0,,,
UUG1526,3.0,,,
UUG1527,18.0,,,
UUG1528,19.0,,,
UUG1529,64.0,,,
UUG1530,1.0,,,
UUG1531,99.0,,,
UUG1532,11.0,,,
UUG1533,75.0,,,
UUG1534,104.0,,,
UUG1535,76.0,,,
UUG1536,0.0,,,
UUG1537,0.0,,,
UUG1539,73.0,,,
UUG1540,72.0,,,
UUG1541,7.0,,,
UUG1542,81.0,,,
UUG1543,141.0,,,
UUG1544,4.0,,,
UUG1545,5.0,,,
UUG1546,10.0,,,
UUG1547,120.0,,,
UUG1548,62.0,,,
UUG1549,20.0,,,
UUG1550,43.0,,,
UUG1551,66.0,,,
UUG1552,97.0,,,
UUG1553,58.0,,,
UUG1554,0.0,,,
UUG1555,0.0,,,
UUG1556,5.0,,,
UUG1557,1.0,,,
UUG1558,67.0,,,
UUG1559,74.0,,,
UUG1560,30.0,,,
UUG1561,18.0,,,
UUG1562,22.0,,,
UUG1563,0.0,,,
UUG1564,3.0,,,
UUG1565,0.0,,,
UUG1566,0.0,,,
UUG1568,0.0,,,
UUG1569,0.0,,,
UUG1570,29.0,,,
UUG1571,20.0,,,
UUG1572,179.0,,,
UUG1573,34.0,,,
UUG1574,25.0,,,
UUG1576,0.0,,,
UUG1577,89.0,,,
UUG1578,88.0,,,
UUG1579,34.0,,,
UUG1580,142.0,,,
UUG1581,41.0,,,
UUG1582,132.0,,,
UUG1584,51.0,,,
UUG1585,51.0,,,
UUG1586,109.0,,,
UUG1587,60.0,,,
UUG1588,132.0,,,
UUG1589,93.0,,,
UUG1590,42.0,,,
UUG1591,109.0,,,
UUG1592,25.0,,,
UUG1593,3.0,,,
UUG1594,8.0,,,
UUG1595,28.0,,,
UUG1596,43.0,,,
UUG1597,1.0,,,
UUG1598,15.0,,,
UUG1599,48.0,,,
UUG1600,28.0,,,
UUG1601,4.0,,,
UUG1602,1.0,,,
UUG1603,0.0,,,
UUG1604,5.0,,,
UUG1605,0.0,,,
UUG1606,106.0,,,
UUG1607,0.0,,,
UUG1608,0.0,,,
UUG1609,45.0,,,
UUG1610,10.0,,,
UUG1611,8.0,,,
UUG1612,88.0,,,
UUG1613,178.0,,,
UUG1614,31.0,,,
UUG1615,65.0,,,
UUG1616,89.0,,,
UUG1617,1.0,,,
UUG1618,60.0,,,
UUG1619,98.0,,,
UUG1620,65.0,,,
UUG1621,29.0,,,
UUG1622,56.0,,,
UUG1623,11.0,,,
UUG1624,16.0,,,
UUG1625,72.0,,,
UUG1626,141.0,,,
UUG1627,39.0,,,
UUG1628,6.0,,,
UUG1629,82.0,,,
UUG1630,113.0,,,
UUG1631,5.0,,,
UUG1632,32.0,,,
UUG1633,172.0,,,
UUG1634,38.0,,,
UUG1635,102.0,,,
UUG1636,30.0,,,
UUG1637,24.0,,,
UUG1638,4.0,,,
UUG1639,0.0,,,
UUG1640,39.0,,,
UUG1641,129.0,,,
UUG1642,2.0,,,
UUG1643,70.0,,,
UUG1644,71.0,,,
UUG1645,73.0,,,
UUG1646,105.0,,,
UUG1647,54.0,,,
UUG1648,13.0,,,
UUG1649,10.0,,,
UUG1650,24.0,,,
UUG1651,3.0,,,
UUG1652,0.0,,,
UUG1653,38.0,,,
UUG1654,2.0,,,
UUG1655,157.0,,,
UUG1656,60.0,,,
UUG1657,41.0,,,
UUG1658,89.0,,,
UUG1659,90.0,,,
UUG1661,103.0,,,
UUG1662,61.0,,,
UUG1663,36.0,,,
UUG1664,83.0,,,
UUG1665,63.0,,,
UUG1666,46.0,,,
UUG1667,57.0,,,
UUG1668,0.0,,,
UUG1669,1.0,,,
UUG1670,25.0,,,
UUG1671,25.0,,,
UUG1672,2.0,,,
UUG1673,126.0,,,
UUG1674,95.0,,,
UUG1675,82.0,,,
UUG1676,17.0,,,
UUG1677,9.0,,,
UUG1678,0.0,,,
UUG1679,12.0,,,
UUG1680,62.0,,,
UUG1681,110.0,,,
UUG1682,1.0,,,
UUG1683,43.0,,,
UUG1684,62.0,,,
UUG1685,2.0,,,
UUG1686,45.0,,,
UUG1687,10.0,,,
UUG1688,174.0,,,
UUG1689,96.0,,,
UUG1690,30.0,,,
UUG1691,96.0,,,
UUG1692,5.0,,,
UUG1693,41.0,,,
UUG1694,9.0,,,
UUG1695,6.0,,,
UUG1696,123.0,,,
UUG1697,62.0,,,
UUG1698,85.0,,,
UUG1699,11.0,,,
UUG1700,14.0,,,
UUG1701,15.0,,,
UUG1702,63.0,,,
UUG1703,34.0,,,
UUG1704,37.0,,,
UUG1705,105.0,,,
UUG1706,0.0,,,
UUG1707,43.0,,,
UUG1708,56.0,,,
UUG1709,60.0,,,
UUG1710,0.0,,,
UUG1711,7.0,,,
UUG1712,43.0,,,
UUG1713,33.0,,,
UUG1714,14.0,,,
UUG1715,0.0,,,
UUG1716,26.0,,,
UUG1717,10.0,,,
UUG1718,12.0,,,
UUG1719,37.0,,,
UUG1720,78.0,,,
UUG1721,35.0,,,
UUG1722,17.0,,,
UUG1723,21.0,,,
UUG1724,52.0,,,
UUG1725,15.0,,,
UUG1726,23.0,,,
UUG1728,0.0,,,
UUG1729,20.0,,,
UUG1730,78.0,,,
UUG1731,217.0,,,
UUG1732,78.0,,,
UUG1733,0.0,,,
UUG1734,15.0,,,
UUG1735,17.0,,,
UUG1736,49.0,,,
UUG1737,96.0,,,
UUG1738,25.0,,,
UUG1739,0.0,,,
UUG1740,116.0,,,
UUG1741,14.0,,,
UUG1742,101.0,,,
UUG1743,72.0,,,
UUG1744,75.0,,,
UUG1745,94.0,,,
UUG1746,38.0,,,
UUG1747,2.0,,,
UUG1748,3.0,,,
UUG1749,0.0,,,
UUG1750,32.0,,,
UUG1751,68.0,,,
UUG1752,81.0,,,
UUG1754,2.0,,,
UUG1755,83.0,,,
UUG1756,0.0,,,
UUG1757,49.0,,,
UUG1758,5.0,,,
UUG1759,13.0,,,
UUG1760,72.0,,,
UUG1761,7.0,,,
UUG1762,4.0,,,
UUG1763,4.0,,,
UUG1764,42.0,,,
UUG1765,27.0,,,
UUG1766,154.0,,,
UUG1767,4.0,,,
UUG1768,87.0,,,
UUG1769,117.0,,,
UUG1770,4.0,,,
UUG1771,44.0,,,
UUG1772,96.0,,,
UUG1773,107.0,,,
UUG1774,65.0,,,
UUG1775,3.0,,,
UUG1776,98.0,,,
UUG1777,25.0,,,
UUG1778,15.0,,,
UUG1779,159.0,,,
UUG1780,0.0,,,
UUG1782,1.0,,,
UUG1783,85.0,,,
UUG1784,123.0,,,
UUG1785,14.0,,,
UUG1786,3.0,,,
UUG1787,40.0,,,
UUG1788,0.0,,,
UUG1790,90.0,,,
UUG1791,0.0,,,
UUG1792,0.0,,,
UUG1793,68.0,,,
UUG1794,44.0,,,
UUG1795,116.0,,,
UUG1796,147.0,,,
UUG1797,52.0,,,
UUG1798,41.0,,,
UUG1799,12.0,,,
UUG1800,67.0,,,
UUG1801,21.0,,,
UUG1802,87.0,,,
UUG1803,13.0,,,
UUG1804,0.0,,,
UUG1805,78.0,,,
UUG1807,6.0,,,
UUG1808,45.0,,,
UUG1809,20.0,,,
UUG1810,27.0,,,
UUG1811,85.0,,,
UUG1812,94.0,,,
UUG1813,97.0,,,
UUG1814,4.0,,,
UUG1815,68.0,,,
UUG1816,62.0,,,
UUG1817,17.0,,,
UUG1818,15.0,,,
UUG1819,144.0,,,
UUG1820,180.0,,,
UUG1821,92.0,,,
UUG1823,79.0,,,
UUG1824,2.0,,,
UUG1825,14.0,,,
UUG1827,11.0,,,
UUG1828,23.0,,,
UUG1829,8.0,,,
UUG1830,158.0,,,
UUG1831,49.0,,,
UUG1832,0.0,,,
UUG1833,108.0,,,
UUG1834,9.0,,,
UUG1835,18.0,,,
UUG1836,2.0,,,
UUG1837,10.0,,,
UUG1838,26.0,,,
UUG1839,117.0,,,
UUG1840,45.0,,,
UUG1841,4.0,,,
UUG1842,0.0,,,
UUG1843,23.0,,,
UUG1844,5.0,,,
UUG1845,6.0,,,
UUG1846,0.0,,,
UUG1847,39.0,,,
UUG1848,123.0,,,
UUG1849,4.0,,,
UUG1850,10.0,,,
UUG1851,5.0,,,
UUG1852,41.0,,,
UUG1853,42.0,,,
UUG1854,25.0,,,
UUG1856,157.0,,,
UUG1857,114.0,,,
UUG1858,129.0,,,
UUG1859,29.0,,,
UUG1860,9.0,,,
UUG1861,30.0,,,
UUG1862,88.0,,,
UUG1863,20.0,,,
UUG1864,3.0,,,
UUG1865,133.0,,,
UUG1866,0.0,,,
UUG1867,119.0,,,
UUG1868,114.0,,,
UUG1869,20.0,,,
UUG1870,58.0,,,
UUG1871,166.0,,,
UUG1872,8.0,,,
UUG1873,58.0,,,
UUG1874,22.0,,,
UUG1875,88.0,,,
UUG1876,128.0,,,
UUG1877,28.0,,,
UUG1878,140.0,,,
UUG1879,0.0,,,
UUG1881,0.0,,,
UUG1882,0.0,,,
UUG1883,6.0,,,
UUG1884,54.0,,,
UUG1885,0.0,,,
UUG1886,31.0,,,
UUG1887,28.0,,,
UUG1888,146.0,,,
UUG1889,0.0,,,
UUG1890,83.0,,,
UUG1891,64.0,,,
UUG1892,28.0,,,
UUG1893,41.0,,,
UUG1894,49.0,,,
UUG1895,0.0,,,
UUG1896,93.0,,,
UUG1898,21.0,,,
UUG1899,0.0,,,
UUG1900,14.0,,,
UUG1901,53.0,,,
UUG1902,117.0,,,
UUG1903,47.0,,,
UUG1904,92.0,,,
UUG1905,71.0,,,
UUG1906,108.0,,,
UUG1907,0.0,,,
UUG1908,43.0,,,
UUG1909,3.0,,,
UUG1910,27.0,,,
UUG1911,102.0,,,
UUG1912,2.0,,,
UUG1913,2.0,,,
UUG1914,19.0,,,
UUG1915,63.0,,,
UUG1916,181.0,,,
UUG1917,7.0,,,
UUG1918,47.0,,,
UUG1919,0.0,,,
UUG1920,128.0,,,
UUG1921,26.0,,,
UUG1922,15.0,,,
UUG1923,129.0,,,
UUG1924,59.0,,,
UUG1925,149.0,,,
UUG1926,153.0,,,
UUG1927,23.0,,,
UUG1928,23.0,,,
UUG1929,71.0,,,
UUG1930,7.0,,,
UUG1931,81.0,,,
UUG1932,11.0,,,
UUG1933,227.0,,,
UUG1934,148.0,,,
UUG1935,38.0,,,
UUG1936,105.0,,,
UUG1937,42.0,,,
UUG1938,17.0,,,
UUG1939,16.0,,,
UUG1940,57.0,,,
UUG1941,65.0,,,
UUG1942,0.0,,,
UUG1943,4.0,,,
UUG1944,16.0,,,
UUG1945,28.0,,,
UUG1946,0.0,,,
UUG1947,24.0,,,
UUG1948,62.0,,,
UUG1949,21.0,,,
UUG1950,8.0,,,
UUG1951,1.0,,,
UUG1952,2.0,,,
UUG1953,38.0,,,
UUG1954,2.0,,,
UUG1955,0.0,,,
UUG1956,5.0,,,
UUG1957,17.0,,,
UUG1958,2.0,,,
UUG1959,158.0,,,
UUG1960,4.0,,,
UUG1961,65.0,,,
UUG1962,43.0,,,
UUG1963,125.0,,,
UUG1964,46.0,,,
UUG1965,145.0,,,
UUG1967,11.0,,,
UUG1968,23.0,,,
UUG1969,13.0,,,
UUG1970,61.0,,,
UUG1971,6.0,,,
UUG1972,74.0,,,
UUG1973,6.0,,,
UUG1974,116.0,,,
UUG1975,9.0,,,
UUG1976,131.0,,,
UUG1977,20.0,,,
UUG1978,1.0,,,
UUG1979,65.0,,,
UUG1980,19.0,,,
UUG1981,44.0,,,
UUG1982,17.0,,,
UUG1984,1.0,,,
UUG1985,13.0,,,
UUG1986,116.0,,,
UUG1987,62.0,,,
UUG1988,7.0,,,
UUG1989,47.0,,,
UUG1990,2.0,,,
UUG1991,88.0,,,
UUG1992,0.0,,,
UUG1993,3.0,,,
UUG1994,36.0,,,
UUG1995,71.0,,,
UUG1996,1.0,,,
UUG1997,178.0,,,
UUG1998,14.0,,,
UUG1999,29.0,,,
UUG2000,6.0,,,
UUG2001,1.0,,,
UUG2002,48.0,,,
UUG2003,83.0,,,
UUG2004,26.0,,,
UUG2005,22.0,,,
UUG2006,5.0,,,
UUG2007,62.0,,,
UUG2008,16.0,,,
UUG2009,77.0,,,
UUG2010,42.0,,,
UUG2011,0.0,,,
UUG2012,3.0,,,
UUG2013,1.0,,,
UUG2014,152.0,,,
UUG2015,35.0,,,
UUG2016,25.0,,,
UUG2017,206.0,,,
UUG2018,0.0,,,
UUG2019,33.0,,,
UUG2020,6.0,,,
UUG2021,1.0,,,
UUG2022,3.0,,,
UUG2023,8.0,,,
UUG2024,23.0,,,
UUG2025,131.0,,,
UUG2026,89.0,,,
UUG2027,5.0,,,
UUG2029,4.0,,,
UUG2030,0.0,,,
UUG2031,9.0,,,
UUG2032,20.0,,,
UUG2033,90.0,,,
UUG2034,60.0,,,
UUG2035,79.0,,,
UUG2036,56.0,,,
UUG2037,0.0,,,
UUG2038,10.0,,,
UUG2039,0.0,,,
UUG2040,3.0,,,
UUG2041,94.0,,,
UUG2042,70.0,,,
UUG2043,131.0,,,
UUG2044,72.0,,,
UUG2045,36.0,,,
UUG2046,154.0,,,
UUG2047,25.0,,,
UUG2048,172.0,,,
UUG2049,53.0,,,
UUG2050,102.0,,,
UUG2051,18.0,,,
UUG2052,91.0,,,
UUG2053,0.0,,,
UUG2054,62.0,,,
UUG2055,150.0,,,
UUG2056,40.0,,,
UUG2057,78.0,,,
UUG2058,9.0,,,
UUG2059,48.0,,,
UUG2060,23.0,,,
UUG2061,40.0,,,
UUG2062,95.0,,,
UUG2063,21.0,,,
UUG2064,108.0,,,
UUG2065,14.0,,,
UUG2066,84.0,,,
UUG2067,41.0,,,
UUG2068,4.0,,,
UUG2069,17.0,,,
UUG2070,7.0,,,
UUG2071,3.0,,,
UUG2072,0.0,,,
UUG2073,211.0,,,
UUG2074,88.0,,,
UUG2075,3.0,,,
UUG2076,2.0,,,
UUG2077,40.0,,,
UUG2078,157.0,,,
UUG2079,59.0,,,
UUG2080,0.0,,,
UUG2081,131.0,,,
UUG2082,73.0,,,
UUG2083,112.0,,,
UUG2084,0.0,,,
UUG2086,21.0,,,
UUG2087,47.0,,,
UUG2088,101.0,,,
UUG2089,83.0,,,
UUG2090,2.0,,,
UUG2091,36.0,,,
UUG2092,21.0,,,
UUG2093,17.0,,,
UUG2094,76.0,,,
UUG2095,0.0,,,
UUG2096,37.0,,,
UUG2097,188.0,,,
UUG2098,20.0,,,
UUG2099,104.0,,,
UUG2100,17.0,,,
UUG2101,165.0,,,
UUG2102,54.0,,,
UUG2103,76.0,,,
UUG2104,2.0,,,
UUG2105,70.0,,,
UUG2106,47.0,,,
UUG2109,163.0,,,
UUG2115,26.0,,,
UUG2118,107.0,,,
UUG2119,67.0,,,
UUG2120,82.0,,,
UUG2122,77.0,,,
UUG2123,78.0,,,
UUG2124,33.0,,,
UUG2125,90.0,,,
UUG2126,31.0,,,
UUG2127,38.0,,,
UUG2128,87.0,,,
UUG2129,14.0,,,
UUG2130,40.0,,,
UUG2131,1.0,,,
UUG2132,1.0,,,
UUG2133,10.0,,,
UUG2134,13.0,,,
UUG2135,64.0,,,
UUG2136,62.0,,,
UUG2137,9.0,,,
UUG2138,35.0,,,
UUG2139,104.0,,,
UUG2140,12.0,,,
UUG2141,24.0,,,
UUG2142,84.0,,,
UUG2143,47.0,,,
UUG2144,23.0,,,
UUG2145,157.0,,,
UUG2146,89.0,,,
UUG2147,15.0,,,
UUG2148,63.0,,,
UUG2149,70.0,,,
UUG2150,123.0,,,
UUG2151,96.0,,,
UUG2152,99.0,,,
UUG2153,84.0,,,
UUG2154,158.0,,,
UUG2155,3.0,,,
UUG2156,8.0,,,
UUG2157,1.0,,,
UUG2158,41.0,,,
UUG2159,97.0,,,
UUG2160,7.0,,,
UUG2161,32.0,,,
UUG2162,30.0,,,
UUG2163,16.0,,,
UUG2164,11.0,,,
UUG2165,46.0,,,
UUG2166,39.0,,,
UUG2167,46.0,,,
UUG2168,108.0,,,
UUG2169,66.0,,,
UUG2170,62.0,,,
UUG2171,2.0,,,
UUG2172,7.0,,,
UUG2173,44.0,,,
UUG2174,29.0,,,
UUG2175,33.0,,,
UUG2176,9.0,,,
UUG2177,19.0,,,
UUG2178,11.0,,,
UUG2179,44.0,,,
UUG2180,21.0,,,
UUG2181,4.0,,,
UUG2182,7.0,,,
UUG2183,11.0,,,
UUG2184,29.0,,,
UUG2185,124.0,,,
UUG2186,30.0,,,
UUG2187,94.0,,,
UUG2188,15.0,,,
UUG2189,4.0,,,
UUG2190,12.0,,,
UUG2191,35.0,,,
UUG2192,3.0,,,
UUG2194,156.0,,,
UUG2196,163.0,,,
UUG2198,21.0,,,
UUG2202,1.0,,,
UUG2203,42.0,,,
UUG2204,80.0,,,
UUG2205,226.0,,,
UUG2206,19.0,,,
UUG2208,120.0,,,
UUG2209,71.0,,,
UUG2211,59.0,,,
UUG2213,13.0,,,
UUG2214,17.0,,,
UUG2221,76.0,,,
UUG2225,0.0,,,
UUG2226,0.0,,,
UUG2227,53.0,,,
UUG2228,43.0,,,
UUG2229,0.0,,,
UUG2240,2.0,,,
UUG2242,97.0,,,
UUG2244,0.0,,,
UUG2248,2.0,,,
UUG2249,30.0,,,
UUG2250,15.0,,,
UUG2251,38.0,,,
UUG2252,8.0,,,
UUG2253,55.0,,,
UUG2254,59.0,,,
UUG2255,80.0,,,
UUG2256,6.0,,,
UUG2257,0.0,,,
UUG2258,62.0,,,
UUG2259,85.0,,,
UUG2260,26.0,,,
UUG2261,4.0,,,
UUG2262,14.0,,,
UUG2263,0.0,,,
UUG2264,8.0,,,
UUG2265,25.0,,,
UUG2266,0.0,,,
UUG2267,100.0,,,
UUP00001,,0.0,,
UUP00002,,53.0,,
UUP00003,,77.0,,
UUP00004,,4.0,,
UUP00005,,3.0,,
UUP00006,,12.0,,
UUP00007,,3.0,,
UUP00008,,26.0,,
UUP00009,,5.0,,
UUP00010,,0.0,,
UUP00011,,32.0,,
UUP00012,,0.0,,
UUP00014,,4.0,,
UUP00015,,69.0,,
UUP00016,,7.0,,
UUP00017,,64.0,,
UUP00018,,13.0,,
UUP00019,,10.0,,
UUP00020,,0.0,,
UUP00021,,23.0,,
UUP00022,,0.0,,
UUP00023,,28.0,,
UUP00024,,8.0,,
UUP00026,,25.0,,
UUP00027,,14.0,,
UUP00028,,1.0,,
UUP00029,,39.0,,
UUP00030,,10.0,,
UUP00031,,1.0,,
UUP00032,,1.0,,
UUP00033,,48.0,,
UUP00034,,0.0,,
UUP00035,,0.0,,
UUP00036,,23.0,,
UUP00037,,16.0,,
UUP00038,,17.0,,
UUP00039,,0.0,,
UUP00040,,2.0,,
UUP00041,,12.0,,
UUP00042,,52.0,,
UUP00043,,33.0,,
UUP00044,,3.0,,
UUP00045,,5.0,,
UUP00046,,2.0,,
UUP00047,,30.0,,
UUP00048,,7.0,,
UUP00049,,3.0,,
UUP00050,,0.0,,
UUP00051,,33.0,,
UUP00052,,4.0,,
UUP00053,,5.0,,
UUP00054,,23.0,,
UUP00055,,19.0,,
UUP00056,,3.0,,
UUP00057,,41.0,,
UUP00058,,0.0,,
UUP00059,,0.0,,
UUP00060,,8.0,,
UUP00061,,0.0,,
UUP00062,,141.0,,
UUP00063,,18.0,,
UUP00064,,8.0,,
UUP00065,,18.0,,
UUP00066,,18.0,,
UUP00067,,68.0,,
UUP00068,,171.0,,
UUP00069,,40.0,,
UUP00070,,2.0,,
UUP00071,,0.0,,
UUP00072,,33.0,,
UUP00073,,10.0,,
UUP00074,,65.0,,
UUP00075,,11.0,,
UUP00076,,54.0,,
UUP00077,,80.0,,
UUP00078,,4.0,,
UUP00079,,36.0,,
UUP00080,,76.0,,
UUP00081,,72.0,,
UUP00082,,2.0,,
UUP00083,,25.0,,
UUP00084,,36.0,,
UUP00085,,2.0,,
UUP00086,,113.0,,
UUP00087,,0.0,,
UUP00088,,1.0,,
UUP00089,,11.0,,
UUP00090,,32.0,,
UUP00091,,0.0,,
UUP00092,,9.0,,
UUP00093,,28.0,,
UUP00094,,84.0,,
UUP00095,,1.0,,
UUP00096,,26.0,,
UUP00097,,5.0,,
UUP00098,,110.0,,
UUP00099,,61.0,,
UUP00100,,81.0,,
UUP00101,,36.0,,
UUP00102,,3.0,,
UUP00103,,53.0,,
UUP00104,,9.0,,
UUP00105,,14.0,,
UUP00106,,46.0,,
UUP00107,,66.0,,
UUP00108,,1.0,,
UUP00109,,42.0,,
UUP00110,,6.0,,
UUP00111,,90.0,,
UUP00112,,9.0,,
UUP00113,,4.0,,
UUP00114,,43.0,,
UUP00116,,62.0,,
UUP00117,,0.0,,
UUP00118,,29.0,,
UUP00119,,44.0,,
UUP00120,,3.0,,
UUP00121,,6.0,,
UUP00122,,34.0,,
UUP00123,,61.0,,
UUP00124,,25.0,,
UUP00125,,19.0,,
UUP00126,,71.0,,
UUP00127,,15.0,,
UUP00128,,0.0,,
UUP00129,,29.0,,
UUP00130,,0.0,,
UUP00131,,38.0,,
UUP00132,,24.0,,
UUP00133,,146.0,,
UUP00134,,47.0,,
UUP00135,,61.0,,
UUP00136,,1.0,,
UUP00137,,16.0,,
UUP00138,,10.0,,
UUP00139,,15.0,,
UUP00140,,23.0,,
UUP00141,,5.0,,
UUP00142,,32.0,,
UUP00143,,53.0,,
UUP00144,,27.0,,
UUP00145,,14.0,,
UUP00146,,44.0,,
UUP00147,,38.0,,
UUP00148,,67.0,,
UUP00149,,110.0,,
UUP00150,,1.0,,
UUP00151,,81.0,,
UUP00152,,33.0,,
UUP00153,,10.0,,
UUP00154,,130.0,,
UUP00155,,11.0,,
UUP00156,,21.0,,
UUP00157,,9.0,,
UUP00158,,74.0,,
UUP00159,,66.0,,
UUP00160,,117.0,,
UUP00161,,19.0,,
UUP00162,,3.0,,
UUP00163,,0.0,,
UUP00164,,0.0,,
UUP00165,,117.0,,
UUP00166,,85.0,,
UUP00167,,17.0,,
UUP00168,,50.0,,
UUP00169,,40.0,,
UUP00170,,1.0,,
UUP00171,,17.0,,
UUP00172,,49.0,,
UUP00173,,62.0,,
UUP00174,,7.0,,
UUP00175,,22.0,,
UUP00176,,3.0,,
UUP00177,,71.0,,
UUP00178,,54.0,,
UUP00179,,36.0,,
UUP00181,,3.0,,
UUP00182,,9.0,,
UUP00183,,26.0,,
UUP00184,,37.0,,
UUP00185,,9.0,,
UUP00186,,1.0,,
UUP00187,,0.0,,
UUP00188,,75.0,,
UUP00189,,3.0,,
UUP00190,,29.0,,
UUP00191,,33.0,,
UUP00192,,4.0,,
UUP00193,,57.0,,
UUP00194,,41.0,,
UUP00195,,95.0,,
UUP00196,,59.0,,
UUP00197,,80.0,,
UUP00198,,12.0,,
UUP00199,,42.0,,
UUP00200,,170.0,,
UUP00201,,43.0,,
UUP00202,,0.0,,
UUP00203,,10.0,,
UUP00204,,88.0,,
UUP00205,,11.0,,
UUP00206,,14.0,,
UUP00207,,121.0,,
UUP00208,,33.0,,
UUP00209,,2.0,,
UUP00210,,4.0,,
UUP00211,,5.0,,
UUP00212,,3.0,,
UUP00213,,1.0,,
UUP00214,,1.0,,
UUP00215,,21.0,,
UUP00216,,36.0,,
UUP00217,,29.0,,
UUP00218,,0.0,,
UUP00219,,41.0,,
UUP00220,,0.0,,
UUP00221,,0.0,,
UUP00222,,5.0,,
UUP00223,,68.0,,
UUP00224,,13.0,,
UUP00225,,0.0,,
UUP00226,,93.0,,
UUP00227,,11.0,,
UUP00228,,50.0,,
UUP00229,,9.0,,
UUP00230,,33.0,,
UUP00231,,12.0,,
UUP00232,,109.0,,
UUP00233,,67.0,,
UUP00234,,22.0,,
UUP00235,,1.0,,
UUP00236,,0.0,,
UUP00237,,33.0,,
UUP00238,,3.0,,
UUP00239,,151.0,,
UUP00240,,26.0,,
UUP00241,,0.0,,
UUP00242,,0.0,,
UUP00243,,160.0,,
UUP00244,,0.0,,
UUP00245,,59.0,,
UUP00246,,128.0,,
UUP00247,,6.0,,
UUP00248,,0.0,,
UUP00249,,0.0,,
UUP00250,,19.0,,
UUP00251,,14.0,,
UUP00252,,45.0,,
UUP00253,,15.0,,
UUP00254,,92.0,,
UUP00255,,15.0,,
UUP00256,,3.0,,
UUP00257,,44.0,,
UUP00258,,17.0,,
UUP00259,,199.0,,
UUP00260,,24.0,,
UUP00261,,50.0,,
UUP00262,,54.0,,
UUP00263,,0.0,,
UUP00264,,32.0,,
UUP00265,,20.0,,
UUP00266,,0.0,,
UUP00267,,153.0,,
UUP00268,,67.0,,
UUP00269,,99.0,,
UUP00270,,54.0,,
UUP00271,,13.0,,
UUP00272,,0.0,,
UUP00273,,53.0,,
UUP00274,,13.0,,
UUP00275,,17.0,,
UUP00276,,88.0,,
UUP00277,,71.0,,
UUP00278,,0.0,,
UUP00279,,18.0,,
UUP00280,,29.0,,
UUP00282,,102.0,,
UUP00283,,25.0,,
UUP00284,,17.0,,
UUP00285,,30.0,,
UUP00286,,35.0,,
UUP00287,,115.0,,
UUP00288,,7.0,,
UUP00289,,104.0,,
UUP00290,,62.0,,
UUP00291,,134.0,,
UUP00292,,48.0,,
UUP00293,,29.0,,
UUP00294,,2.0,,
UUP00295,,0.0,,
UUP00296,,46.0,,
UUP00297,,44.0,,
UUP00298,,2.0,,
UUP00299,,24.0,,
UUP00300,,4.0,,
UUP00301,,114.0,,
UUP00302,,8.0,,
UUP00303,,3.0,,
UUP00304,,44.0,,
UUP00305,,12.0,,
UUP00306,,163.0,,
UUP00307,,5.0,,
UUP00308,,0.0,,
UUP00309,,92.0,,
UUP00310,,33.0,,
UUP00311,,3.0,,
UUP00312,,31.0,,
UUP00313,,12.0,,
UUP00314,,0.0,,
UUP00315,,10.0,,
UUP00316,,0.0,,
UUP00317,,5.0,,
UUP00318,,4.0,,
UUP00319,,70.0,,
UUP00321,,0.0,,
UUP00322,,0.0,,
UUP00323,,36.0,,
UUP00324,,105.0,,
UUP00325,,30.0,,
UUP00326,,16.0,,
UUP00327,,1.0,,
UUP00328,,6.0,,
UUP00329,,3.0,,
UUP00330,,0.0,,
UUP00331,,13.0,,
UUP00332,,15.0,,
UUP00333,,71.0,,
UUP00334,,5.0,,
UUP00335,,187.0,,
UUP00336,,138.0,,
UUP00337,,60.0,,
UUP00338,,70.0,,
UUP00339,,19.0,,
UUP00340,,5.0,,
UUP00341,,24.0,,
UUP00342,,11.0,,
UUP00343,,42.0,,
UUP00344,,31.0,,
UUP00345,,17.0,,
UUP00346,,3.0,,
UUP00347,,15.0,,
UUP00348,,80.0,,
UUP00349,,4.0,,
UUP00350,,47.0,,
UUP00351,,66.0,,
UUP00352,,100.0,,
UUP00353,,0.0,,
UUP00354,,3.0,,
UUP00355,,1.0,,
UUP00356,,42.0,,
UUP00357,,59.0,,
UUP00358,,5.0,,
UUP00359,,20.0,,
UUP00360,,11.0,,
UUP00361,,36.0,,
UUP00362,,7.0,,
UUP00363,,60.0,,
UUP00364,,58.0,,
UUP00365,,41.0,,
UUP00366,,22.0,,
UUP00367,,0.0,,
UUP00368,,5.0,,
UUP00369,,62.0,,
UUP00370,,2.0,,
UUP00371,,2.0,,
UUP00372,,3.0,,
UUP00373,,112.0,,
UUP00374,,25.0,,
UUP00375,,96.0,,
UUP00376,,0.0,,
UUP00377,,95.0,,
UUP00378,,2.0,,
UUP00379,,34.0,,
UUP00380,,21.0,,
UUP00381,,5.0,,
UUP00382,,1.0,,
UUP00383,,56.0,,
UUP00384,,70.0,,
UUP00385,,0.0,,
UUP00386,,10.0,,
UUP00387,,11.0,,
UUP00388,,0.0,,
UUP00389,,92.0,,
UUP00390,,51.0,,
UUP00391,,42.0,,
UUP00392,,0.0,,
UUP00393,,0.0,,
UUP00394,,5.0,,
UUP00395,,0.0,,
UUP00396,,26.0,,
UUP00397,,0.0,,
UUP00398,,109.0,,
UUP00399,,39.0,,
UUP00400,,30.0,,
UUP00401,,2.0,,
UUP00402,,135.0,,
UUP00403,,127.0,,
UUP00404,,25.0,,
UUP00405,,4.0,,
UUP00406,,25.0,,
UUP00407,,47.0,,
UUP00408,,47.0,,
UUP00409,,34.0,,
UUP00410,,13.0,,
UUP00411,,80.0,,
UUP00412,,4.0,,
UUP00413,,52.0,,
UUP00414,,10.0,,
UUP00415,,9.0,,
UUP00416,,3.0,,
UUP00417,,236.0,,
UUP00418,,2.0,,
UUP00419,,5.0,,
UUP00420,,72.0,,
UUP00421,,0.0,,
UUP00422,,0.0,,
UUP00423,,0.0,,
UUP00424,,2.0,,
UUP00425,,44.0,,
UUP00426,,47.0,,
UUP00427,,134.0,,
UUP00428,,49.0,,
UUP00429,,13.0,,
UUP00430,,11.0,,
UUP00431,,33.0,,
UUP00432,,0.0,,
UUP00433,,20.0,,
UUP00434,,2.0,,
UUP00435,,72.0,,
UUP00436,,16.0,,
UUP00437,,1.0,,
UUP00438,,35.0,,
UUP00439,,51.0,,
UUP00441,,0.0,,
UUP00442,,2.0,,
UUP00443,,16.0,,
UUP00444,,17.0,,
UUP00445,,1.0,,
UUP00446,,42.0,,
UUP00447,,129.0,,
UUP00449,,47.0,,
UUP00450,,8.0,,
UUP00451,,1.0,,
UUP00453,,19.0,,
UUP00454,,75.0,,
UUP00455,,25.0,,
UUP00456,,56.0,,
UUP00457,,25.0,,
UUP00458,,6.0,,
UUP00459,,25.0,,
UUP00460,,3.0,,
UUP00461,,0.0,,
UUP00462,,8.0,,
UUP00463,,4.0,,
UUP00464,,28.0,,
UUP00465,,11.0,,
UUP00466,,2.0,,
UUP00467,,117.0,,
UUP00468,,58.0,,
UUP00469,,2.0,,
UUP00470,,31.0,,
UUP00471,,21.0,,
UUP00472,,52.0,,
UUP00473,,92.0,,
UUP00474,,67.0,,
UUP00475,,20.0,,
UUP00476,,1.0,,
UUP00477,,19.0,,
UUP00478,,0.0,,
UUP00479,,2.0,,
UUP00480,,103.0,,
UUP00481,,40.0,,
UUP00482,,4.0,,
UUP00483,,0.0,,
UUP00484,,14.0,,
UUP00485,,3.0,,
UUP00486,,16.0,,
UUP00487,,4.0,,
UUP00488,,4.0,,
UUP00489,,30.0,,
UUP00490,,11.0,,
UUP00491,,30.0,,
UUP00492,,3.0,,
UUP00493,,0.0,,
UUP00494,,46.0,,
UUP00495,,65.0,,
UUP00496,,58.0,,
UUP00497,,62.0,,
UUP00498,,9.0,,
UUP00499,,40.0,,
UUP00500,,29.0,,
UUP00501,,8.0,,
UUP00502,,39.0,,
UUP00503,,23.0,,
UUP00504,,67.0,,
UUP00505,,4.0,,
UUP00506,,80.0,,
UUP00507,,37.0,,
UUP00508,,26.0,,
UUP00509,,10.0,,
UUP00510,,65.0,,
UUP00511,,100.0,,
UUP00512,,31.0,,
UUP00513,,0.0,,
UUP00514,,71.0,,
UUP00515,,7.0,,
UUP00516,,47.0,,
UUP00517,,33.0,,
UUP00518,,129.0,,
UUP00519,,165.0,,
UUP00520,,59.0,,
UUP00522,,28.0,,
UUP00523,,78.0,,
UUP00524,,30.0,,
UUP00525,,4.0,,
UUP00526,,14.0,,
UUP00527,,3.0,,
UUP00528,,0.0,,
UUP00529,,37.0,,
UUP00530,,43.0,,
UUP00531,,4.0,,
UUP00532,,65.0,,
UUP00533,,2.0,,
UUP00534,,166.0,,
UUP00535,,16.0,,
UUP00536,,31.0,,
UUP00537,,5.0,,
UUP00538,,54.0,,
UUP00539,,106.0,,
UUP00540,,0.0,,
UUP00541,,3.0,,
UUP00542,,30.0,,
UUP00543,,2.0,,
UUP00544,,101.0,,
UUP00545,,40.0,,
UUP00546,,73.0,,
UUP00547,,16.0,,
UUP00548,,50.0,,
UUP00549,,8.0,,
UUP00550,,8.0,,
UUP00551,,62.0,,
UUP00552,,44.0,,
UUP00553,,114.0,,
UUP00554,,8.0,,
UUP00555,,1.0,,
UUP00556,,2.0,,
UUP00557,,77.0,,
UUP00558,,5.0,,
UUP00559,,3.0,,
UUP00560,,3.0,,
UUP00561,,7.0,,
UUP00562,,0.0,,
UUP00563,,111.0,,
UUP00564,,4.0,,
UUP00565,,47.0,,
UUP00566,,0.0,,
UUP00567,,2.0,,
UUP00568,,1.0,,
UUP00569,,5.0,,
UUP00570,,24.0,,
UUP00571,,2.0,,
UUP00572,,0.0,,
UUP00573,,86.0,,
UUP00575,,79.0,,
UUP00576,,93.0,,
UUP00577,,21.0,,
UUP00578,,38.0,,
UUP00579,,87.0,,
UUP00580,,3.0,,
UUP00581,,40.0,,
UUP00582,,93.0,,
UUP00583,,73.0,,
UUP00584,,26.0,,
UUP00585,,5.0,,
UUP00586,,25.0,,
UUP00587,,18.0,,
UUP00588,,15.0,,
UUP00589,,21.0,,
UUP00590,,1.0,,
UUP00591,,0.0,,
UUP00592,,21.0,,
UUP00593,,56.0,,
UUP00594,,8.0,,
UUP00595,,0.0,,
UUP00596,,1.0,,
UUP00597,,0.0,,
UUP00598,,0.0,,
UUP00599,,12.0,,
UUP00600,,29.0,,
UUP00601,,63.0,,
UUP00602,,8.0,,
UUP00604,,27.0,,
UUP00606,,81.0,,
UUP00607,,0.0,,
UUP00608,,13.0,,
UUP00609,,118.0,,
UUP00610,,33.0,,
UUP00611,,1.0,,
UUP00612,,5.0,,
UUP00613,,6.0,,
UUP00614,,12.0,,
UUP00615,,8.0,,
UUP00616,,6.0,,
UUP00618,,95.0,,
UUP00619,,0.0,,
UUP00620,,75.0,,
UUP00621,,1.0,,
UUP00622,,2.0,,
UUP00623,,137.0,,
UUP00624,,86.0,,
UUP00625,,108.0,,
UUP00626,,2.0,,
UUP00627,,124.0,,
UUP00628,,4.0,,
UUP00629,,24.0,,
UUP00630,,87.0,,
UUP00631,,85.0,,
UUP00632,,76.0,,
UUP00633,,18.0,,
UUP00634,,1.0,,
UUP00635,,10.0,,
UUP00636,,89.0,,
UUP00637,,1.0,,
UUP00638,,8.0,,
UUP00639,,58.0,,
UUP00640,,26.0,,
UUP00641,,11.0,,
UUP00642,,88.0,,
UUP00643,,9.0,,
UUP00644,,137.0,,
UUP00645,,7.0,,
UUP00646,,0.0,,
UUP00647,,4.0,,
UUP00648,,17.0,,
UUP00649,,0.0,,
UUP00650,,0.0,,
UUP00651,,25.0,,
UUP00652,,8.0,,
UUP00653,,7.0,,
UUP00654,,76.0,,
UUP00655,,16.0,,
UUP00656,,13.0,,
UUP00657,,44.0,,
UUP00658,,12.0,,
UUP00659,,43.0,,
UUP00660,,0.0,,
UUP00661,,38.0,,
UUP00662,,8.0,,
UUP00663,,6.0,,
UUP00664,,66.0,,
UUP00665,,24.0,,
UUP00666,,1.0,,
UUP00667,,0.0,,
UUP00668,,47.0,,
UUP00669,,60.0,,
UUP00670,,123.0,,
UUP00671,,5.0,,
UUP00672,,139.0,,
UUP00673,,41.0,,
UUP00674,,0.0,,
UUP00675,,20.0,,
UUP00676,,66.0,,
UUP00677,,25.0,,
UUP00678,,39.0,,
UUP00679,,97.0,,
UUP00680,,69.0,,
UUP00681,,18.0,,
UUP00682,,29.0,,
UUP00683,,129.0,,
UUP00684,,70.0,,
UUP00685,,86.0,,
UUP00686,,6.0,,
UUP00687,,103.0,,
UUP00688,,0.0,,
UUP00689,,22.0,,
UUP00690,,0.0,,
UUP00691,,0.0,,
UUP00692,,27.0,,
UUP00693,,17.0,,
UUP00694,,1.0,,
UUP00695,,45.0,,
UUP00696,,50.0,,
UUP00697,,84.0,,
UUP00698,,91.0,,
UUP00699,,7.0,,
UUP00700,,21.0,,
UUP00701,,37.0,,
UUP00702,,32.0,,
UUP00703,,16.0,,
UUP00704,,158.0,,
UUP00705,,6.0,,
UUP00706,,0.0,,
UUP00707,,17.0,,
UUP00708,,25.0,,
UUP00709,,44.0,,
UUP00710,,78.0,,
UUP00711,,26.0,,
UUP00712,,1.0,,
UUP00713,,1.0,,
UUP00714,,36.0,,
UUP00715,,0.0,,
UUP00716,,0.0,,
UUP00717,,27.0,,
UUP00718,,3.0,,
UUP00719,,24.0,,
UUP00720,,9.0,,
UUP00721,,15.0,,
UUP00722,,2.0,,
UUP00723,,42.0,,
UUP00724,,67.0,,
UUP00725,,16.0,,
UUP00726,,11.0,,
UUP00727,,6.0,,
UUP00728,,53.0,,
UUP00729,,96.0,,
UUP00730,,182.0,,
UUP00731,,0.0,,
UUP00732,,1.0,,
UUP00733,,6.0,,
UUP00734,,5.0,,
UUP00735,,35.0,,
UUP00736,,3.0,,
UUP00737,,3.0,,
UUP00738,,1.0,,
UUP00739,,0.0,,
UUP00740,,0.0,,
UUP00741,,99.0,,
UUP00742,,24.0,,
UUP00743,,2.0,,
UUP00745,,17.0,,
UUP00746,,148.0,,
UUP00747,,9.0,,
UUP00748,,57.0,,
UUP00749,,84.0,,
UUP00750,,2.0,,
UUP00751,,37.0,,
UUP00752,,33.0,,
UUP00753,,80.0,,
UUP00754,,12.0,,
UUP00755,,58.0,,
UUP00756,,18.0,,
UUP00757,,8.0,,
UUP00758,,36.0,,
UUP00759,,82.0,,
UUP00760,,11.0,,
UUP00761,,20.0,,
UUP00762,,51.0,,
UUP00763,,46.0,,
UUP00764,,0.0,,
UUP00765,,42.0,,
UUP00766,,43.0,,
UUP00767,,28.0,,
UUP00768,,8.0,,
UUP00769,,107.0,,
UUP00770,,27.0,,
UUP00771,,15.0,,
UUP00772,,12.0,,
UUP00773,,2.0,,
UUP00774,,100.0,,
UUP00775,,12.0,,
UUP00776,,13.0,,
UUP00777,,87.0,,
UUP00778,,37.0,,
UUP00779,,29.0,,
UUP00780,,24.0,,
UUP00781,,41.0,,
UUP00782,,46.0,,
UUP00783,,42.0,,
UUP00784,,0.0,,
UUP00785,,25.0,,
UUP00786,,57.0,,
UUP00787,,98.0,,
UUP00788,,129.0,,
UUP00789,,0.0,,
UUP00790,,10.0,,
UUP00791,,23.0,,
UUP00792,,100.0,,
UUP00793,,82.0,,
UUP00794,,22.0,,
UUP00795,,123.0,,
UUP00796,,34.0,,
UUP00797,,58.0,,
UUP00798,,62.0,,
UUP00799,,78.0,,
UUP00800,,3.0,,
UUP00801,,54.0,,
UUP00802,,59.0,,
UUP00803,,191.0,,
UUP00804,,38.0,,
UUP00805,,47.0,,
UUP00806,,12.0,,
UUP00807,,1.0,,
UUP00808,,38.0,,
UUP00809,,141.0,,
UUP00810,,46.0,,
UUP00811,,0.0,,
UUP00812,,1.0,,
UUP00813,,44.0,,
UUP00814,,50.0,,
UUP00815,,25.0,,
UUP00816,,92.0,,
UUP00817,,10.0,,
UUP00818,,3.0,,
UUP00819,,13.0,,
UUP00820,,35.0,,
UUP00821,,5.0,,
UUP00822,,14.0,,
UUP00823,,57.0,,
UUP00824,,23.0,,
UUP00825,,0.0,,
UUP00826,,57.0,,
UUP00827,,25.0,,
UUP00828,,2.0,,
UUP00829,,115.0,,
UUP00830,,17.0,,
UUP00831,,17.0,,
UUP00832,,111.0,,
UUP00833,,14.0,,
UUP00834,,69.0,,
UUP00835,,0.0,,
UUP00836,,0.0,,
UUP00837,,161.0,,
UUP00838,,78.0,,
UUP00839,,69.0,,
UUP00840,,2.0,,
UUP00841,,52.0,,
UUP00842,,160.0,,
UUP00843,,56.0,,
UUP00844,,34.0,,
UUP00845,,2.0,,
UUP00846,,37.0,,
UUP00847,,8.0,,
UUP00848,,7.0,,
UUP00849,,56.0,,
UUP00850,,0.0,,
UUP00851,,4.0,,
UUP00852,,53.0,,
UUP00853,,31.0,,
UUP00854,,10.0,,
UUP00855,,102.0,,
UUP00856,,4.0,,
UUP00857,,17.0,,
UUP00858,,53.0,,
UUP00859,,117.0,,
UUP00860,,32.0,,
UUP00861,,106.0,,
UUP00862,,139.0,,
UUP00863,,11.0,,
UUP00864,,2.0,,
UUP00865,,0.0,,
UUP00866,,21.0,,
UUP00867,,125.0,,
UUP00868,,23.0,,
UUP00869,,78.0,,
UUP00870,,0.0,,
UUP00871,,133.0,,
UUP00872,,30.0,,
UUP00873,,22.0,,
UUP00874,,52.0,,
UUP00875,,21.0,,
UUP00876,,38.0,,
UUP00877,,62.0,,
UUP00878,,60.0,,
UUP00879,,4.0,,
UUP00880,,0.0,,
UUP00881,,0.0,,
UUP00882,,20.0,,
UUP00883,,0.0,,
UUP00884,,76.0,,
UUP00885,,2.0,,
UUP00886,,46.0,,
UUP00887,,79.0,,
UUP00888,,92.0,,
UUP00889,,46.0,,
UUP00890,,40.0,,
UUP00891,,13.0,,
UUP00892,,8.0,,
UUP00894,,10.0,,
UUP00895,,0.0,,
UUP00897,,3.0,,
UUP00898,,3.0,,
UUP00899,,28.0,,
UUP00900,,75.0,,
UUP00901,,24.0,,
UUP00902,,37.0,,
UUP00903,,44.0,,
UUP00904,,34.0,,
UUP00905,,33.0,,
UUP00906,,0.0,,
UUP00907,,29.0,,
UUP00908,,1.0,,
UUP00909,,0.0,,
UUP00910,,0.0,,
UUP00911,,3.0,,
UUP00912,,16.0,,
UUP00913,,1.0,,
UUP00914,,17.0,,
UUP00915,,16.0,,
UUP00916,,46.0,,
UUP00919,,158.0,,
UUP00920,,0.0,,
UUP00921,,12.0,,
UUP00922,,5.0,,
UUP00923,,1.0,,
UUP00924,,97.0,,
UUP00925,,72.0,,
UUP00926,,9.0,,
UUP00927,,106.0,,
UUP00928,,44.0,,
UUP00929,,31.0,,
UUP00930,,0.0,,
UUP00931,,26.0,,
UUP00932,,2.0,,
UUP00933,,14.0,,
UUP00934,,13.0,,
UUP00935,,135.0,,
UUP00936,,172.0,,
UUP00937,,40.0,,
UUP00938,,15.0,,
UUP00939,,19.0,,
UUP00940,,0.0,,
UUP00941,,53.0,,
UUP00942,,19.0,,
UUP00943,,22.0,,
UUP00944,,18.0,,
UUP00945,,25.0,,
UUP00946,,93.0,,
UUP00947,,27.0,,
UUP00948,,110.0,,
UUP00949,,5.0,,
UUP00950,,0.0,,
UUP00951,,67.0,,
UUP00952,,2.0,,
UUP00953,,15.0,,
UUP00954,,81.0,,
UUP00955,,140.0,,
UUP00956,,63.0,,
UUP00957,,9.0,,
UUP00958,,22.0,,
UUP00959,,32.0,,
UUP00960,,43.0,,
UUP00961,,68.0,,
UUP00962,,29.0,,
UUP00963,,0.0,,
UUP00964,,4.0,,
UUP00965,,80.0,,
UUP00966,,7.0,,
UUP00967,,3.0,,
UUP00968,,56.0,,
UUP00969,,0.0,,
UUP00970,,3.0,,
UUP00971,,18.0,,
UUP00972,,46.0,,
UUP00973,,0.0,,
UUP00974,,13.0,,
UUP00975,,5.0,,
UUP00977,,23.0,,
UUP00978,,19.0,,
UUP00979,,12.0,,
UUP00980,,71.0,,
UUP00981,,57.0,,
UUP00982,,62.0,,
UUP00983,,0.0,,
UUP00984,,8.0,,
UUP00985,,24.0,,
UUP00986,,64.0,,
UUP00987,,82.0,,
UUP00988,,2.0,,
UUP00989,,31.0,,
UUP00990,,89.0,,
UUP00991,,42.0,,
UUP00992,,25.0,,
UUP00993,,0.0,,
UUP00994,,0.0,,
UUP00995,,21.0,,
UUP00996,,35.0,,
UUP00997,,7.0,,
UUP00998,,79.0,,
UUP00999,,6.0,,
UUP01000,,0.0,,
UUP01001,,9.0,,
UUP01002,,0.0,,
UUP01003,,178.0,,
UUP01004,,63.0,,
UUP01005,,40.0,,
UUP01006,,23.0,,
UUP01007,,54.0,,
UUP01008,,57.0,,
UUP01009,,53.0,,
UUP01010,,52.0,,
UUP01011,,91.0,,
UUP01012,,33.0,,
UUP01013,,62.0,,
UUP01014,,0.0,,
UUP01015,,8.0,,
UUP01016,,12.0,,
UUP01017,,3.0,,
UUP01018,,14.0,,
UUP01019,,21.0,,
UUP01020,,28.0,,
UUP01021,,50.0,,
UUP01022,,174.0,,
UUP01023,,61.0,,
UUP01024,,122.0,,
UUP01025,,83.0,,
UUP01026,,42.0,,
UUP01027,,7.0,,
UUP01028,,81.0,,
UUP01029,,9.0,,
UUP01030,,15.0,,
UUP01031,,2.0,,
UUP01032,,19.0,,
UUP01033,,2.0,,
UUP01034,,2.0,,
UUP01035,,29.0,,
UUP01036,,27.0,,
UUP01037,,44.0,,
UUP01038,,3.0,,
UUP01039,,18.0,,
UUP01040,,50.0,,
UUP01041,,0.0,,
UUP01042,,0.0,,
UUP01043,,2.0,,
UUP01044,,0.0,,
UUP01045,,5.0,,
UUP01046,,3.0,,
UUP01047,,52.0,,
UUP01048,,7.0,,
UUP01049,,34.0,,
UUP01050,,135.0,,
UUP01051,,14.0,,
UUP01052,,73.0,,
UUP01053,,74.0,,
UUP01054,,21.0,,
UUP01055,,80.0,,
UUP01056,,0.0,,
UUP01057,,33.0,,
UUP01058,,84.0,,
UUP01059,,41.0,,
UUP01060,,78.0,,
UUP01061,,52.0,,
UUP01062,,1.0,,
UUP01063,,5.0,,
UUP01064,,40.0,,
UUP01065,,0.0,,
UUP01066,,27.0,,
UUP01067,,4.0,,
UUP01068,,1.0,,
UUP01069,,1.0,,
UUP01070,,85.0,,
UUP01071,,86.0,,
UUP01072,,1.0,,
UUP01073,,106.0,,
UUP01074,,204.0,,
UUP01076,,62.0,,
UUP01077,,66.0,,
UUP01078,,65.0,,
UUP01079,,113.0,,
UUP01080,,142.0,,
UUP01081,,42.0,,
UUP01082,,64.0,,
UUP01083,,45.0,,
UUP01084,,19.0,,
UUP01085,,41.0,,
UUP01086,,55.0,,
UUP01087,,27.0,,
UUP01088,,2.0,,
UUP01089,,55.0,,
UUP01090,,4.0,,
UUP01091,,3.0,,
UUP01092,,7.0,,
UUP01093,,39.0,,
UUP01094,,137.0,,
UUP01095,,4.0,,
UUP01096,,0.0,,
UUP01097,,27.0,,
UUP01098,,11.0,,
UUP01099,,38.0,,
UUP01100,,73.0,,
UUP01101,,54.0,,
UUP01102,,0.0,,
UUP01103,,52.0,,
UUP01104,,2.0,,
UUP01105,,8.0,,
UUP01106,,4.0,,
UUP01107,,4.0,,
UUP01108,,43.0,,
UUP01109,,4.0,,
UUP01110,,83.0,,
UUP01111,,54.0,,
UUP01112,,10.0,,
UUP01113,,29.0,,
UUP01114,,1.0,,
UUP01115,,0.0,,
UUP01116,,7.0,,
UUP01117,,4.0,,
UUP01118,,19.0,,
UUP01119,,26.0,,
UUP01120,,50.0,,
UUP01121,,22.0,,
UUP01122,,106.0,,
UUP01123,,48.0,,
UUP01124,,48.0,,
UUP01125,,13.0,,
UUP01126,,10.0,,
UUP01127,,41.0,,
UUP01128,,2.0,,
UUP01129,,7.0,,
UUP01130,,0.0,,
UUP01131,,58.0,,
UUP01132,,5.0,,
UUP01133,,0.0,,
UUP01134,,3.0,,
UUP01135,,0.0,,
UUP01136,,2.0,,
UUP01137,,20.0,,
UUP01138,,89.0,,
UUP01139,,1.0,,
UUP01140,,0.0,,
UUP01141,,5.0,,
UUP01142,,0.0,,
UUP01143,,14.0,,
UUP01144,,4.0,,
UUP01145,,21.0,,
UUP01146,,39.0,,
UUP01147,,71.0,,
UUP01148,,43.0,,
UUP01149,,1.0,,
UUP01150,,12.0,,
UUP01151,,20.0,,
UUP01152,,110.0,,
UUP01153,,3.0,,
UUP01154,,0.0,,
UUP01155,,101.0,,
UUP01156,,18.0,,
UUP01157,,46.0,,
UUP01158,,20.0,,
UUP01159,,0.0,,
UUP01160,,50.0,,
UUP01161,,150.0,,
UUP01162,,103.0,,
UUP01163,,175.0,,
UUP01164,,25.0,,
UUP01165,,39.0,,
UUP01166,,36.0,,
UUP01167,,67.0,,
UUP01168,,121.0,,
UUP01169,,0.0,,
UUP01170,,28.0,,
UUP01171,,0.0,,
UUP01172,,0.0,,
UUP01173,,8.0,,
UUP01174,,0.0,,
UUP01175,,119.0,,
UUP01176,,3.0,,
UUP01177,,103.0,,
UUP01178,,30.0,,
UUP01179,,23.0,,
UUP01180,,17.0,,
UUP01181,,149.0,,
UUP01182,,44.0,,
UUP01183,,33.0,,
UUP01184,,36.0,,
UUP01185,,8.0,,
UUP01186,,0.0,,
UUP01187,,3.0,,
UUP01188,,7.0,,
UUP01189,,8.0,,
UUP01190,,1.0,,
UUP01191,,0.0,,
UUP01192,,55.0,,
UUP01193,,24.0,,
UUP01194,,100.0,,
UUP01195,,33.0,,
UUP01196,,10.0,,
UUP01197,,67.0,,
UUP01198,,88.0,,
UUP01199,,60.0,,
UUP01200,,82.0,,
UUP01201,,18.0,,
UUP01202,,55.0,,
UUP01203,,100.0,,
UUP01204,,0.0,,
UUP01205,,35.0,,
UUP01207,,77.0,,
UUP01208,,70.0,,
UUP01209,,13.0,,
UUP01210,,4.0,,
UUP01211,,7.0,,
UUP01212,,14.0,,
UUP01214,,16.0,,
UUP01215,,46.0,,
UUP01216,,50.0,,
UUP01217,,17.0,,
UUP01218,,140.0,,
UUP01219,,0.0,,
UUP01220,,56.0,,
UUP01221,,31.0,,
UUP01222,,16.0,,
UUP01223,,1.0,,
UUP01224,,34.0,,
UUP01225,,24.0,,
UUP01226,,8.0,,
UUP01227,,4.0,,
UUP01228,,11.0,,
UUP01229,,2.0,,
UUP01230,,96.0,,
UUP01231,,8.0,,
UUP01232,,27.0,,
UUP01233,,2.0,,
UUP01234,,0.0,,
UUP01235,,9.0,,
UUP01236,,3.0,,
UUP01237,,20.0,,
UUP01238,,44.0,,
UUP01239,,7.0,,
UUP01241,,73.0,,
UUP01242,,58.0,,
UUP01243,,7.0,,
UUP01244,,25.0,,
UUP01245,,6.0,,
UUP01246,,41.0,,
UUP01247,,1.0,,
UUP01248,,13.0,,
UUP01249,,0.0,,
UUP01250,,66.0,,
UUP01251,,5.0,,
UUP01252,,16.0,,
UUP01253,,0.0,,
UUP01255,,74.0,,
UUP01256,,14.0,,
UUP01257,,137.0,,
UUP01258,,23.0,,
UUP01259,,0.0,,
UUP01260,,19.0,,
UUP01261,,14.0,,
UUP01262,,1.0,,
UUP01263,,23.0,,
UUP01264,,19.0,,
UUP01265,,39.0,,
UUP01266,,108.0,,
UUP01267,,0.0,,
UUP01268,,70.0,,
UUP01269,,24.0,,
UUP01270,,47.0,,
UUP01271,,14.0,,
UUP01272,,0.0,,
UUP01273,,8.0,,
UUP01274,,64.0,,
UUP01275,,102.0,,
UUP01276,,10.0,,
UUP01277,,0.0,,
UUP01278,,0.0,,
UUP01279,,21.0,,
UUP01280,,9.0,,
UUP01281,,0.0,,
UUP01282,,9.0,,
UUP01283,,0.0,,
UUP01284,,123.0,,
UUP01285,,35.0,,
UUP01286,,18.0,,
UUP01287,,4.0,,
UUP01288,,21.0,,
UUP01289,,69.0,,
UUP01290,,105.0,,
UUP01291,,27.0,,
UUP01292,,72.0,,
UUP01293,,95.0,,
UUP01294,,3.0,,
UUP01295,,71.0,,
UUP01296,,46.0,,
UUP01297,,0.0,,
UUP01298,,11.0,,
UUP01299,,0.0,,
UUP01300,,5.0,,
UUP01301,,53.0,,
UUP01302,,14.0,,
UUP01303,,13.0,,
UUP01304,,33.0,,
UUP01305,,0.0,,
UUP01306,,21.0,,
UUP01307,,36.0,,
UUP01308,,12.0,,
UUP01309,,11.0,,
UUP01310,,12.0,,
UUP01311,,39.0,,
UUP01312,,3.0,,
UUP01313,,130.0,,
UUP01314,,22.0,,
UUP01315,,3.0,,
UUP01316,,20.0,,
UUP01317,,0.0,,
UUP01318,,0.0,,
UUP01319,,28.0,,
UUP01320,,2.0,,
UUP01321,,43.0,,
UUP01322,,117.0,,
UUP01323,,75.0,,
UUP01324,,3.0,,
UUP01325,,14.0,,
UUP01326,,27.0,,
UUP01327,,4.0,,
UUP01328,,33.0,,
UUP01329,,8.0,,
UUP01330,,41.0,,
UUP01331,,62.0,,
UUP01332,,109.0,,
UUP01333,,34.0,,
UUP01334,,2.0,,
UUP01335,,52.0,,
UUP01336,,88.0,,
UUP01337,,2.0,,
UUP01338,,45.0,,
UUP01339,,36.0,,
UUP01340,,7.0,,
UUP01341,,5.0,,
UUP01342,,135.0,,
UUP01343,,5.0,,
UUP01344,,0.0,,
UUP01345,,24.0,,
UUP01346,,82.0,,
UUP01347,,3.0,,
UUP01348,,15.0,,
UUP01349,,40.0,,
UUP01350,,3.0,,
UUP01351,,211.0,,
UUP01352,,39.0,,
UUP01353,,0.0,,
UUP01354,,42.0,,
UUP01355,,28.0,,
UUP01356,,55.0,,
UUP01357,,13.0,,
UUP01358,,0.0,,
UUP01359,,1.0,,
UUP01360,,21.0,,
UUP01361,,0.0,,
UUP01362,,6.0,,
UUP01363,,41.0,,
UUP01364,,44.0,,
UUP01365,,2.0,,
UUP01366,,73.0,,
UUP01367,,119.0,,
UUP01368,,1.0,,
UUP01369,,15.0,,
UUP01370,,86.0,,
UUP01371,,74.0,,
UUP01372,,39.0,,
UUP01373,,92.0,,
UUP01374,,48.0,,
UUP01375,,58.0,,
UUP01377,,1.0,,
UUP01378,,13.0,,
UUP01379,,6.0,,
UUP01380,,78.0,,
UUP01381,,205.0,,
UUP01382,,11.0,,
UUP01383,,37.0,,
UUP01384,,23.0,,
UUP01385,,0.0,,
UUP01386,,0.0,,
UUP01387,,85.0,,
UUP01388,,57.0,,
UUP01389,,9.0,,
UUP01390,,23.0,,
UUP01391,,61.0,,
UUP01392,,27.0,,
UUP01393,,29.0,,
UUP01394,,14.0,,
UUP01395,,30.0,,
UUP01396,,17.0,,
UUP01397,,31.0,,
UUP01398,,93.0,,
UUP01399,,55.0,,
UUP01400,,47.0,,
UUP01401,,115.0,,
UUP01402,,94.0,,
UUP01403,,56.0,,
UUP01404,,72.0,,
UUP01405,,31.0,,
UUP01406,,7.0,,
UUP01407,,56.0,,
UUP01408,,180.0,,
UUP01409,,21.0,,
UUP01410,,80.0,,
UUP01411,,7.0,,
UUP01412,,63.0,,
UUP01413,,20.0,,
UUP01414,,2.0,,
UUP01415,,11.0,,
UUP01417,,113.0,,
UUP01418,,83.0,,
UUP01419,,0.0,,
UUP01420,,27.0,,
UUP01421,,3.0,,
UUP01422,,3.0,,
UUP01423,,0.0,,
UUP01424,,31.0,,
UUP01425,,6.0,,
UUP01426,,127.0,,
UUP01427,,21.0,,
UUP01428,,126.0,,
UUP01429,,26.0,,
UUP01430,,8.0,,
UUP01431,,101.0,,
UUP01432,,40.0,,
UUP01433,,6.0,,
UUP01434,,51.0,,
UUP01435,,3.0,,
UUP01436,,32.0,,
UUP01437,,10.0,,
UUP01438,,47.0,,
UUP01439,,15.0,,
UUP01440,,63.0,,
UUP01441,,11.0,,
UUP01442,,6.0,,
UUP01443,,4.0,,
UUP01444,,1.0,,
UUP01445,,10.0,,
UUP01446,,73.0,,
UUP01447,,77.0,,
UUP01448,,78.0,,
UUP01449,,0.0,,
UUP01450,,6.0,,
UUP01451,,1.0,,
UUP01452,,3.0,,
UUP01453,,19.0,,
UUP01454,,27.0,,
UUP01455,,4.0,,
UUP01456,,0.0,,
UUP01457,,70.0,,
UUP01458,,0.0,,
UUP01459,,0.0,,
UUP01460,,0.0,,
UUP01461,,41.0,,
UUP01462,,54.0,,
UUP01463,,59.0,,
UUP01464,,3.0,,
UUP01465,,28.0,,
UUP01466,,126.0,,
UUP01467,,3.0,,
UUP01468,,12.0,,
UUP01469,,134.0,,
UUP01470,,42.0,,
UUP01471,,5.0,,
UUP01472,,4.0,,
UUP01473,,13.0,,
UUP01474,,60.0,,
UUP01475,,16.0,,
UUP01476,,0.0,,
UUP01477,,76.0,,
UUP01478,,64.0,,
UUP01479,,155.0,,
UUP01480,,109.0,,
UUP01481,,52.0,,
UUP01482,,148.0,,
UUP01483,,9.0,,
UUP01484,,3.0,,
UUP01485,,35.0,,
UUP01486,,20.0,,
UUP01487,,12.0,,
UUP01488,,51.0,,
UUP01489,,26.0,,
UUP01490,,22.0,,
UUP01491,,156.0,,
UUP01492,,0.0,,
UUP01493,,23.0,,
UUP01494,,8.0,,
UUP01495,,16.0,,
UUP01496,,26.0,,
UUP01497,,2.0,,
UUP01498,,21.0,,
UUP01499,,8.0,,
UUP01501,,59.0,,
UUP01502,,1.0,,
UUP01503,,29.0,,
UUP01504,,1.0,,
UUP01505,,104.0,,
UUP01506,,54.0,,
UUP01507,,44.0,,
UUP01508,,65.0,,
UUP01509,,0.0,,
UUP01510,,97.0,,
UUP01511,,2.0,,
UUP01512,,128.0,,
UUP01513,,4.0,,
UUP01514,,0.0,,
UUP01515,,8.0,,
UUP01516,,3.0,,
UUP01517,,28.0,,
UUP01518,,48.0,,
UUP01519,,13.0,,
UUP01520,,55.0,,
UUP01521,,34.0,,
UUP01522,,38.0,,
UUP01523,,40.0,,
UUP01524,,127.0,,
UUP01525,,61.0,,
UUP01526,,55.0,,
UUP01527,,47.0,,
UUP01528,,15.0,,
UUP01529,,65.0,,
UUP01530,,6.0,,
UUP01531,,10.0,,
UUP01532,,37.0,,
UUP01533,,31.0,,
UUP01534,,17.0,,
UUP01535,,0.0,,
UUP01536,,0.0,,
UUP01537,,1.0,,
UUP01538,,13.0,,
UUP01539,,48.0,,
UUP01540,,61.0,,
UUP01541,,0.0,,
UUP01542,,1.0,,
UUP01543,,29.0,,
UUP01544,,9.0,,
UUP01545,,41.0,,
UUP01546,,35.0,,
UUP01547,,133.0,,
UUP01548,,56.0,,
UUP01549,,18.0,,
UUP01550,,6.0,,
UUP01551,,98.0,,
UUP01552,,4.0,,
UUP01553,,1.0,,
UUP01554,,0.0,,
UUP01555,,174.0,,
UUP01556,,93.0,,
UUP01557,,16.0,,
UUP01558,,89.0,,
UUP01559,,5.0,,
UUP01560,,37.0,,
UUP01561,,3.0,,
UUP01562,,9.0,,
UUP01563,,5.0,,
UUP01564,,7.0,,
UUP01565,,111.0,,
UUP01566,,24.0,,
UUP01567,,60.0,,
UUP01568,,64.0,,
UUP01569,,3.0,,
UUP01570,,72.0,,
UUP01571,,76.0,,
UUP01572,,19.0,,
UUP01573,,34.0,,
UUP01574,,44.0,,
UUP01575,,9.0,,
UUP01576,,12.0,,
UUP01577,,78.0,,
UUP01578,,32.0,,
UUP01579,,8.0,,
UUP01580,,41.0,,
UUP01581,,51.0,,
UUP01582,,52.0,,
UUP01583,,35.0,,
UUP01584,,12.0,,
UUP01585,,0.0,,
UUP01586,,18.0,,
UUP01587,,3.0,,
UUP01588,,145.0,,
UUP01589,,2.0,,
UUP01590,,17.0,,
UUP01591,,14.0,,
UUP01592,,41.0,,
UUP01593,,0.0,,
UUP01594,,19.0,,
UUP01595,,0.0,,
UUP01596,,19.0,,
UUP01597,,2.0,,
UUP01598,,2.0,,
UUP01599,,22.0,,
UUP01600,,9.0,,
UUP01601,,29.0,,
UUP01602,,36.0,,
UUP01603,,94.0,,
UUP01604,,24.0,,
UUP01605,,0.0,,
UUP01606,,26.0,,
UUP01607,,88.0,,
UUP01608,,7.0,,
UUP01609,,66.0,,
UUP01610,,1.0,,
UUP01611,,4.0,,
UUP01613,,49.0,,
UUP01614,,83.0,,
UUP01615,,6.0,,
UUP01616,,18.0,,
UUP01617,,56.0,,
UUP01618,,5.0,,
UUP01619,,39.0,,
UUP01620,,29.0,,
UUP01621,,1.0,,
UUP01622,,4.0,,
UUP01623,,6.0,,
UUP01624,,29.0,,
UUP01625,,83.0,,
UUP01626,,16.0,,
UUP01627,,4.0,,
UUP01628,,0.0,,
UUP01629,,33.0,,
UUP01630,,0.0,,
UUP01631,,28.0,,
UUP01632,,0.0,,
UUP01633,,16.0,,
UUP01634,,100.0,,
UUP01635,,60.0,,
UUP01636,,26.0,,
UUP01637,,47.0,,
UUP01638,,17.0,,
UUP01639,,0.0,,
UUP01640,,55.0,,
UUP01641,,2.0,,
UUP01642,,0.0,,
UUP01643,,7.0,,
UUP01644,,16.0,,
UUP01645,,45.0,,
UUP01646,,17.0,,
UUP01647,,0.0,,
UUP01648,,1.0,,
UUP01649,,14.0,,
UUP01650,,8.0,,
UUP01651,,2.0,,
UUP01652,,1.0,,
UUP01653,,1.0,,
UUP01654,,7.0,,
UUP01655,,112.0,,
UUP01656,,78.0,,
UUP01657,,24.0,,
UUP01658,,52.0,,
UUP01659,,51.0,,
UUP01660,,41.0,,
UUP01661,,61.0,,
UUP01662,,0.0,,
UUP01663,,2.0,,
UUP01664,,46.0,,
UUP01665,,57.0,,
UUP01666,,31.0,,
UUP01667,,16.0,,
UUP01668,,57.0,,
UUP01669,,14.0,,
UUP01670,,32.0,,
UUP01671,,6.0,,
UUP01672,,112.0,,
UUP01673,,2.0,,
UUP01674,,33.0,,
UUP01675,,116.0,,
UUP01676,,10.0,,
UUP01677,,79.0,,
UUP01678,,6.0,,
UUP01679,,62.0,,
UUP01680,,30.0,,
UUP01681,,5.0,,
UUP01682,,18.0,,
UUP01683,,12.0,,
UUP01684,,57.0,,
UUP01685,,3.0,,
UUP01686,,6.0,,
UUP01687,,43.0,,
UUP01688,,2.0,,
UUP01689,,100.0,,
UUP01690,,30.0,,
UUP01691,,28.0,,
UUP01692,,159.0,,
UUP01693,,39.0,,
UUP01694,,52.0,,
UUP01695,,19.0,,
UUP01696,,16.0,,
UUP01697,,3.0,,
UUP01698,,63.0,,
UUP01699,,24.0,,
UUP01700,,8.0,,
UUP01701,,40.0,,
UUP01702,,4.0,,
UUP01703,,2.0,,
UUP01704,,65.0,,
UUP01705,,46.0,,
UUP01706,,98.0,,
UUP01707,,92.0,,
UUP01708,,8.0,,
UUP01709,,0.0,,
UUP01710,,58.0,,
UUP01711,,33.0,,
UUP01712,,10.0,,
UUP01713,,2.0,,
UUP01714,,7.0,,
UUP01715,,8.0,,
UUP01716,,0.0,,
UUP01717,,74.0,,
UUP01718,,31.0,,
UUP01719,,26.0,,
UUP01720,,25.0,,
UUP01721,,49.0,,
UUP01722,,0.0,,
UUP01723,,32.0,,
UUP01724,,1.0,,
UUP01725,,8.0,,
UUP01726,,125.0,,
UUP01727,,9.0,,
UUP01728,,2.0,,
UUP01729,,80.0,,
UUP01730,,26.0,,
UUP01731,,17.0,,
UUP01732,,62.0,,
UUP01733,,66.0,,
UUP01734,,37.0,,
UUP01735,,32.0,,
UUP01736,,0.0,,
UUP01737,,71.0,,
UUP01738,,4.0,,
UUP01739,,8.0,,
UUP01740,,20.0,,
UUP01741,,142.0,,
UUP01742,,44.0,,
UUP01743,,84.0,,
UUP01744,,2.0,,
UUP01745,,2.0,,
UUP01746,,184.0,,
UUP01747,,1.0,,
UUP01748,,25.0,,
UUP01749,,2.0,,
UUP01750,,53.0,,
UUP01751,,26.0,,
UUP01752,,25.0,,
UUP01753,,43.0,,
UUP01754,,53.0,,
UUP01755,,0.0,,
UUP01756,,36.0,,
UUP01757,,10.0,,
UUP01758,,13.0,,
UUP01759,,41.0,,
UUP01760,,74.0,,
UUP01761,,24.0,,
UUP01762,,12.0,,
UUP01763,,33.0,,
UUP01764,,78.0,,
UUP01765,,54.0,,
UUP01766,,13.0,,
UUP01767,,4.0,,
UUP01768,,19.0,,
UUP01769,,19.0,,
UUP01770,,23.0,,
UUP01771,,0.0,,
UUP01772,,14.0,,
UUP01773,,15.0,,
UUP01774,,32.0,,
UUP01775,,1.0,,
UUP01776,,1.0,,
UUP01777,,28.0,,
UUP01778,,41.0,,
UUP01779,,25.0,,
UUP01780,,92.0,,
UUP01781,,26.0,,
UUP01782,,6.0,,
UUP01783,,39.0,,
UUP01784,,8.0,,
UUP01785,,1.0,,
UUP01786,,23.0,,
UUP01787,,17.0,,
UUP01789,,0.0,,
UUP01790,,17.0,,
UUP01791,,6.0,,
UUP01792,,58.0,,
UUP01793,,9.0,,
UUP01794,,20.0,,
UUP01795,,15.0,,
UUP01796,,20.0,,
UUP01797,,51.0,,
UUP01798,,9.0,,
UUP01799,,123.0,,
UUP01800,,7.0,,
UUP01801,,29.0,,
UUP01802,,45.0,,
UUP01803,,0.0,,
UUP01804,,69.0,,
UUP01805,,7.0,,
UUP01806,,14.0,,
UUP01807,,31.0,,
UUP01808,,94.0,,
UUP01809,,1.0,,
UUP01810,,12.0,,
UUP01811,,73.0,,
UUP01812,,61.0,,
UUP01813,,47.0,,
UUP01814,,0.0,,
UUP01815,,0.0,,
UUP01816,,13.0,,
UUP01817,,4.0,,
UUP01818,,25.0,,
UUP01819,,65.0,,
UUP01820,,32.0,,
UUP01821,,4.0,,
UUP01822,,40.0,,
UUP01823,,13.0,,
UUP01824,,8.0,,
UUP01825,,3.0,,
UUP01826,,151.0,,
UUP01827,,120.0,,
UUP01828,,27.0,,
UUP01829,,65.0,,
UUP01830,,17.0,,
UUP01831,,64.0,,
UUP01832,,2.0,,
UUP01833,,0.0,,
UUP01834,,56.0,,
UUP01835,,0.0,,
UUP01836,,38.0,,
UUP01837,,54.0,,
UUP01838,,5.0,,
UUP01839,,53.0,,
UUP01840,,82.0,,
UUP01841,,2.0,,
UUP01842,,6.0,,
UUP01843,,0.0,,
UUP01844,,8.0,,
UUP01845,,9.0,,
UUP01846,,38.0,,
UUP01847,,23.0,,
UUP01848,,1.0,,
UUP01849,,8.0,,
UUP01850,,48.0,,
UUP01851,,4.0,,
UUP01852,,27.0,,
UUP01853,,27.0,,
UUP01854,,174.0,,
UUP01855,,1.0,,
UUP01856,,22.0,,
UUP01857,,0.0,,
UUP01858,,79.0,,
UUP01859,,16.0,,
UUP01860,,1.0,,
UUP01861,,17.0,,
UUP01862,,1.0,,
UUP01863,,2.0,,
UUP01864,,11.0,,
UUP01865,,2.0,,
UUP01866,,41.0,,
UUP01867,,64.0,,
UUP01868,,0.0,,
UUP01869,,55.0,,
UUP01870,,16.0,,
UUP01871,,43.0,,
UUP01872,,31.0,,
UUP01873,,1.0,,
UUP01874,,13.0,,
UUP01875,,43.0,,
UUP01877,,20.0,,
UUP01878,,3.0,,
UUP01879,,79.0,,
UUP01880,,141.0,,
UUP01881,,31.0,,
UUP01882,,22.0,,
UUP01883,,9.0,,
UUP01884,,45.0,,
UUP01885,,104.0,,
UUP01886,,0.0,,
UUP01887,,95.0,,
UUP01888,,19.0,,
UUP01889,,0.0,,
UUP01890,,1.0,,
UUP01891,,72.0,,
UUP01892,,28.0,,
UUP01893,,30.0,,
UUP01894,,77.0,,
UUP01895,,0.0,,
UUP01896,,39.0,,
UUP01897,,73.0,,
UUP01898,,21.0,,
UUP01900,,51.0,,
UUP01901,,73.0,,
UUP01902,,11.0,,
UUP01903,,64.0,,
UUP01904,,84.0,,
UUP01905,,155.0,,
UUP01906,,184.0,,
UUP01907,,46.0,,
UUP01908,,15.0,,
UUP01909,,26.0,,
UUP01910,,12.0,,
UUP01911,,41.0,,
UUP01912,,5.0,,
UUP01913,,0.0,,
UUP01914,,17.0,,
UUP01915,,56.0,,
UUP01916,,2.0,,
UUP01917,,1.0,,
UUP01918,,66.0,,
UUP01919,,5.0,,
UUP01920,,152.0,,
UUP01921,,72.0,,
UUP01922,,23.0,,
UUP01923,,1.0,,
UUP01924,,90.0,,
UUP01925,,35.0,,
UUP01926,,39.0,,
UUP01927,,0.0,,
UUP01928,,51.0,,
UUP01929,,18.0,,
UUP01930,,0.0,,
UUP01931,,6.0,,
UUP01932,,26.0,,
UUP01933,,17.0,,
UUP01934,,24.0,,
UUP01935,,35.0,,
UUP01936,,42.0,,
UUP01937,,56.0,,
UUP01938,,78.0,,
UUP01939,,38.0,,
UUP01940,,25.0,,
UUP01941,,39.0,,
UUP01942,,43.0,,
UUP01943,,40.0,,
UUP01944,,24.0,,
UUP01945,,8.0,,
UUP01946,,119.0,,
UUP01947,,7.0,,
UUP01948,,0.0,,
UUP01949,,2.0,,
UUP01950,,0.0,,
UUP01951,,0.0,,
UUP01952,,120.0,,
UUP01953,,98.0,,
UUP01954,,68.0,,
UUP01955,,28.0,,
UUP01956,,59.0,,
UUP01957,,87.0,,
UUP01958,,62.0,,
UUP01959,,23.0,,
UUP01960,,5.0,,
UUP01961,,21.0,,
UUP01962,,1.0,,
UUP01963,,9.0,,
UUP01964,,90.0,,
UUP01965,,70.0,,
UUP01966,,46.0,,
UUP01967,,5.0,,
UUP01968,,0.0,,
UUP01969,,8.0,,
UUP01970,,47.0,,
UUP01971,,108.0,,
UUP01972,,20.0,,
UUP01973,,11.0,,
UUP01974,,44.0,,
UUP01975,,79.0,,
UUP01976,,33.0,,
UUP01977,,2.0,,
UUP01978,,9.0,,
UUP01979,,29.0,,
UUP01980,,38.0,,
UUP01981,,37.0,,
UUP01982,,0.0,,
UUP01983,,33.0,,
UUP01984,,2.0,,
UUP01985,,17.0,,
UUP01986,,10.0,,
UUP01987,,4.0,,
UUP01988,,8.0,,
UUP01989,,0.0,,
UUP01990,,2.0,,
UUP01991,,0.0,,
UUP01992,,7.0,,
UUP01993,,39.0,,
UUP01994,,24.0,,
UUP01995,,0.0,,
UUP01996,,14.0,,
UUP01997,,38.0,,
UUP01998,,83.0,,
UUP01999,,1.0,,
UUP02000,,1.0,,
UUP02001,,29.0,,
UUP02002,,26.0,,
UUP02003,,166.0,,
UUP02004,,3.0,,
UUP02005,,7.0,,
UUP02006,,0.0,,
UUP02007,,34.0,,
UUP02008,,8.0,,
UUP02009,,1.0,,
UUP02010,,186.0,,
UUP02011,,82.0,,
UUP02012,,1.0,,
UUP02013,,22.0,,
UUP02014,,32.0,,
UUP02015,,10.0,,
UUP02016,,53.0,,
UUP02017,,31.0,,
UUP02018,,7.0,,
UUP02019,,18.0,,
UUP02020,,20.0,,
UUP02021,,5.0,,
UUP02022,,96.0,,
UUP02023,,13.0,,
UUP02024,,0.0,,
UUP02025,,26.0,,
UUP02026,,7.0,,
UUP02027,,13.0,,
UUP02028,,13.0,,
UUP02029,,82.0,,
UUP02030,,0.0,,
UUP02031,,27.0,,
UUP02032,,1.0,,
UUP02033,,33.0,,
UUP02034,,46.0,,
UUP02035,,25.0,,
UUP02036,,8.0,,
UUP02037,,12.0,,
UUP02038,,16.0,,
UUP02039,,3.0,,
UUP02040,,0.0,,
UUP02041,,14.0,,
UUP02042,,12.0,,
UUP02043,,0.0,,
UUP02044,,32.0,,
UUP02045,,22.0,,
UUP02046,,9.0,,
UUP02047,,62.0,,
UUP02048,,6.0,,
UUP02049,,66.0,,
UUP02050,,2.0,,
UUP02051,,13.0,,
UUP02052,,27.0,,
UUP02053,,3.0,,
UUP02054,,0.0,,
UUP02055,,26.0,,
UUP02056,,0.0,,
UUP02057,,0.0,,
UUP02058,,3.0,,
UUP02059,,26.0,,
UUP02060,,9.0,,
UUP02061,,54.0,,
UUP02062,,90.0,,
UUP02063,,15.0,,
UUP02064,,22.0,,
UUP02065,,150.0,,
UUP02066,,187.0,,
UUP02067,,10.0,,
UUP02068,,39.0,,
UUP02069,,0.0,,
UUP02070,,52.0,,
UUP02071,,2.0,,
UUP02072,,57.0,,
UUP02073,,82.0,,
UUP02074,,20.0,,
UUP02075,,55.0,,
UUP02076,,13.0,,
UUP02077,,52.0,,
UUP02078,,67.0,,
UUP02079,,2.0,,
UUP02080,,33.0,,
UUP02081,,45.0,,
UUP02082,,16.0,,
UUP02083,,0.0,,
UUP02084,,84.0,,
UUP02085,,122.0,,
UUP02086,,51.0,,
UUP02087,,7.0,,
UUP02088,,16.0,,
UUP02089,,75.0,,
UUP02090,,77.0,,
UUP02091,,0.0,,
UUP02092,,100.0,,
UUP02094,,51.0,,
UUP02095,,20.0,,
UUP02096,,19.0,,
UUP02097,,53.0,,
UUP02098,,0.0,,
UUP02099,,83.0,,
UUP02100,,0.0,,
UUP02101,,4.0,,
UUP02102,,4.0,,
UUP02103,,114.0,,
UUP02104,,3.0,,
UUP02105,,45.0,,
UUP02106,,7.0,,
UUP02107,,59.0,,
UUP02108,,43.0,,
UUP02109,,1.0,,
UUP02110,,34.0,,
UUP02111,,10.0,,
UUP02112,,32.0,,
UUP02113,,0.0,,
UUP02114,,27.0,,
UUP02115,,0.0,,
UUP02116,,5.0,,
UUP02117,,74.0,,
UUP02118,,108.0,,
UUP02119,,43.0,,
UUP02120,,126.0,,
UUP02121,,32.0,,
UUP02122,,53.0,,
UUP02123,,5.0,,
UUP02124,,83.0,,
UUP02125,,167.0,,
UUP02126,,3.0,,
UUP02127,,30.0,,
UUP02128,,81.0,,
UUP02129,,7.0,,
UUP02130,,31.0,,
UUP02131,,45.0,,
UUP02132,,59.0,,
UUP02133,,2.0,,
UUP02134,,31.0,,
UUP02135,,0.0,,
UUP02136,,0.0,,
UUP02137,,108.0,,
UUP02138,,57.0,,
UUP02139,,92.0,,
UUP02140,,16.0,,
UUP02141,,16.0,,
UUP02142,,8.0,,
UUP02143,,0.0,,
UUP02144,,14.0,,
UUP02145,,25.0,,
UUP02146,,45.0,,
UUP02147,,33.0,,
UUP02148,,5.0,,
UUP02149,,1.0,,
UUP02150,,30.0,,
UUP02151,,83.0,,
UUP02152,,187.0,,
UUP02153,,4.0,,
UUP02154,,96.0,,
UUP02155,,160.0,,
UUP02156,,47.0,,
UUP02157,,3.0,,
UUP02158,,4.0,,
UUP02159,,0.0,,
UUP02160,,15.0,,
UUP02161,,60.0,,
UUP02162,,7.0,,
UUP02163,,54.0,,
UUP02164,,2.0,,
UUP02165,,5.0,,
UUP02166,,51.0,,
UUP02167,,91.0,,
UUP02168,,21.0,,
UUP02169,,35.0,,
UUP02170,,0.0,,
UUP02171,,54.0,,
UUP02172,,88.0,,
UUP02173,,20.0,,
UUP02174,,33.0,,
UUP02175,,152.0,,
UUP02176,,87.0,,
UUP02177,,60.0,,
UUP02178,,11.0,,
UUP02179,,39.0,,
UUP02180,,41.0,,
UUP02181,,19.0,,
UUP02182,,24.0,,
UUP02183,,2.0,,
UUP02184,,4.0,,
UUP02185,,0.0,,
UUP02186,,17.0,,
UUP02187,,26.0,,
UUP02188,,3.0,,
UUP02189,,38.0,,
UUP02190,,3.0,,
UUP02191,,0.0,,
UUP02192,,66.0,,
UUP02193,,48.0,,
UUP02194,,50.0,,
UUP02195,,0.0,,
UUP02196,,0.0,,
UUP02197,,12.0,,
UUP02198,,91.0,,
UUP02199,,0.0,,
UUP02200,,0.0,,
UUP02201,,141.0,,
UUP02203,,0.0,,
UUP02204,,0.0,,
UUP02205,,0.0,,
UUP02206,,1.0,,
UUP02207,,88.0,,
UUP02209,,0.0,,
UUP02210,,0.0,,
UUP02211,,83.0,,
UUP02212,,9.0,,
UUP02213,,32.0,,
UUP02214,,0.0,,
UUP02215,,0.0,,
UUP02216,,29.0,,
UUP02217,,61.0,,
UUP02218,,36.0,,
UUP02219,,0.0,,
UUP02220,,0.0,,
UUP02221,,1.0,,
UUP02223,,0.0,,
UUP02224,,105.0,,
UUP02225,,16.0,,
UUP02226,,4.0,,
UUP02227,,4.0,,
UUP02228,,0.0,,
UUP02229,,85.0,,
UUP02230,,0.0,,
UUP02231,,70.0,,
UUP02232,,10.0,,
UUP02233,,0.0,,
UUP02234,,0.0,,
UUP02235,,45.0,,
UUP02236,,0.0,,
UUP02237,,0.0,,
UUP02238,,24.0,,
UUP02239,,1.0,,
UUP02240,,50.0,,
UUP02241,,0.0,,
UUP02242,,10.0,,
UUP02244,,1.0,,
UUP02245,,0.0,,
UUP02246,,6.0,,
UUP02247,,0.0,,
UUP02248,,113.0,,
UUP02249,,0.0,,
UUP02250,,5.0,,
UUP02251,,1.0,,
UUP02252,,10.0,,
UUP02253,,0.0,,
UUP02254,,26.0,,
UUP02256,,80.0,,
UUP02257,,2.0,,
UUP02258,,61.0,,
UUP02259,,37.0,,
UUP02260,,3.0,,
UUP02261,,150.0,,
UUP02262,,15.0,,
UUP02263,,122.0,,
UUP02264,,164.0,,
UUP02265,,2.0,,
UUP02266,,2.0,,
UUP02267,,164.0,,
UUP02268,,177.0,,
UUP02269,,30.0,,
UUP02270,,24.0,,
UUP02271,,1.0,,
UUP02272,,55.0,,
UUP02273,,5.0,,
UUP02274,,62.0,,
UUP02275,,134.0,,
UUP02276,,19.0,,
UUP02277,,24.0,,
UUP02279,,0.0,,
UUP02280,,117.0,,
UUP02281,,12.0,,
UUP02282,,0.0,,
UUP02283,,0.0,,
WSX0001,39.0,,,
WSX0002,10.0,,,
WSX0003,0.0,,,
WSX0004,0.0,,,
WSX0005,4.0,,,
WSX0006,6.0,,,
WSX0007,29.0,,,
WSX0008,2.0,,,
WSX0009,0.0,,,
WSX0010,1.0,,,
WSX0011,25.0,,,
WSX0012,41.0,,,
WSX0013,36.0,,,
WSX0014,67.0,,,
WSX0015,18.0,,,
WSX0016,10.0,,,
WSX0017,30.0,,,
WSX0018,133.0,,,
WSX0019,84.0,,,
WSX0020,0.0,,,
WSX0021,72.0,,,
WSX0022,63.0,,,
WSX0023,77.0,,,
WSX0024,97.0,,,
WSX0025,8.0,,,
WSX0026,113.0,,,
WSX0027,14.0,,,
WSX0028,49.0,,,
WSX0029,92.0,,,
WSX0030,91.0,,,
WSX0031,127.0,,,
WSX0032,4.0,,,
WSX0033,70.0,,,
WSX0034,45.0,,,
WSX0035,66.0,,,
WSX0036,23.0,,,
WSX0037,15.0,,,
WSX0038,10.0,,,
WSX0039,60.0,,,
WSX0040,67.0,,,
WSX0041,6.0,,,
WSX0042,19.0,,,
WSX0043,31.0,,,
WSX0044,92.0,,,
WSX0045,41.0,,,
WSX0046,64.0,,,
WSX0047,67.0,,,
WSX0048,77.0,,,
WSX0049,92.0,,,
WSX0050,48.0,,,
WSX0051,35.0,,,
WSX0052,6.0,,,
WSX0053,69.0,,,
WSX0054,75.0,,,
WSX0055,70.0,,,
WSX0056,22.0,,,
WSX0057,67.0,,,
WSX0058,75.0,,,
WSX0059,74.0,,,
WSX0060,62.0,,,
WSX0061,0.0,,,
WSX0062,0.0,,,
WSX0063,27.0,,,
WSX0064,6.0,,,
WSX0065,6.0,,,
WSX0066,16.0,,,
WSX0067,29.0,,,
WSX0068,34.0,,,
WSX0069,56.0,,,
WSX0071,6.0,,,
WSX0072,0.0,,,
WSX0073,18.0,,,
WSX0074,1.0,,,
WSX0075,0.0,,,
WSX0076,39.0,,,
WSX0077,1.0,,,
WSX0078,7.0,,,
WSX0079,28.0,,,
WSX0080,15.0,,,
WSX0081,0.0,,,
WSX0082,11.0,,,
WSX0083,18.0,,,
WSX0084,0.0,,,
WSX0085,25.0,,,
WSX0086,54.0,,,
WSX0087,31.0,,,
WSX0088,30.0,,,
WSX0089,23.0,,,
WSX0090,0.0,,,
WSX0091,13.0,,,
WSX0092,7.0,,,
WSX0093,6.0,,,
WSX0094,0.0,,,
WSX0095,5.0,,,
WSX0096,17.0,,,
WSX0097,30.0,,,
WSX0098,0.0,,,
WSX0099,55.0,,,
WSX0100,104.0,,,
WSX0101,0.0,,,
WSX0102,43.0,,,
WSX0103,77.0,,,
WSX0104,23.0,,,
WSX0105,23.0,,,
WSX0106,85.0,,,
WSX0107,15.0,,,
WSX0108,23.0,,,
WSX0109,1.0,,,
WSX0110,0.0,,,
WSX0111,0.0,,,
WSX0112,13.0,,,
WSX0113,0.0,,,
WSX0114,21.0,,,
WSX0115,0.0,,,
WSX0116,7.0,,,
WSX0117,26.0,,,
WSX0118,0.0,,,
WSX0119,0.0,,,
WSX0120,0.0,,,
WSX0121,32.0,,,
WSX0122,0.0,,,
WSX0123,0.0,,,
WSX0124,0.0,,,
WSX0125,0.0,,,
WSX0126,14.0,,,
WSX0127,1.0,,,
WSX0128,18.0,,,
WSX0129,5.0,,,
WSX0130,8.0,,,
WSX0131,6.0,,,
WSX0132,0.0,,,
WSX0133,0.0,,,
WSX0134,51.0,,,
WSX0135,0.0,,,
WSX0136,0.0,,,
WSX0137,0.0,,,
WSX0138,0.0,,,
WSX0139,0.0,,,
WSX0140,36.0,,,
WSX0141,1.0,,,
WSX0142,0.0,,,
WSX0143,1.0,,,
WSX0144,0.0,,,
WSX0145,37.0,,,
WSX0146,0.0,,,
WSX0147,0.0,,,
WSX0148,6.0,,,
WSX0149,1.0,,,
WSX0150,7.0,,,
WSX0151,0.0,,,
WSX0152,0.0,,,
WSX0153,0.0,,,
WSX0154,0.0,,,
WSX0155,3.0,,,
WSX0156,0.0,,,
WSX0157,16.0,,,
WSX0158,12.0,,,
WSX0159,6.0,,,
WSX0160,0.0,,,
WSX0161,1.0,,,
WSX0162,3.0,,,
WSX0163,21.0,,,
WSX0164,0.0,,,
WSX0165,0.0,,,
WSX0166,3.0,,,
WSX0167,5.0,,,
WSX0168,2.0,,,
WSX0169,0.0,,,
WSX0170,0.0,,,
WSX0171,7.0,,,
WSX0172,0.0,,,
WSX0173,0.0,,,
WSX0174,0.0,,,
WSX0175,0.0,,,
WSX0176,0.0,,,
WSX0177,73.0,,,
WSX0178,4.0,,,
WSX0179,35.0,,,
WSX0180,48.0,,,
WSX0181,9.0,,,
WSX0182,1.0,,,
WSX0183,15.0,,,
WSX0184,0.0,,,
WSX0185,5.0,,,
WSX0186,2.0,,,
WSX0187,5.0,,,
WSX0188,63.0,,,
WSX0189,0.0,,,
WSX0190,50.0,,,
WSX0191,2.0,,,
WSX0192,7.0,,,
WSX0193,23.0,,,
WSX0194,0.0,,,
WSX0195,2.0,,,
WSX0196,22.0,,,
WSX0197,0.0,,,
WSX0198,9.0,,,
WSX0200,0.0,,,
WSX0201,6.0,,,
WSX0202,54.0,,,
WSX0203,4.0,,,
WSX0204,24.0,,,
WSX0205,17.0,,,
WSX0206,9.0,,,
WSX0207,20.0,,,
WSX0208,1.0,,,
WSX0209,2.0,,,
WSX0210,11.0,,,
WSX0211,1.0,,,
WSX0212,0.0,,,
WSX0213,10.0,,,
WSX0214,21.0,,,
WSX0215,1.0,,,
WSX0216,0.0,,,
WSX0217,23.0,,,
WSX0218,1.0,,,
WSX0219,71.0,,,
WSX0220,0.0,,,
WSX0221,0.0,,,
WSX0222,59.0,,,
WSX0223,58.0,,,
WSX0224,1.0,,,
WSX0225,52.0,,,
WSX0226,1.0,,,
WSX0227,11.0,,,
WSX0228,10.0,,,
WSX0229,0.0,,,
WSX0230,1.0,,,
WSX0231,46.0,,,
WSX0232,0.0,,,
WSX0233,32.0,,,
WSX0234,0.0,,,
WSX0235,0.0,,,
WSX0236,3.0,,,
WSX0237,142.0,,,
WSX0238,42.0,,,
WSX0239,40.0,,,
WSX0240,8.0,,,
WSX0241,13.0,,,
WSX0242,0.0,,,
WSX0243,0.0,,,
WSX0244,15.0,,,
WSX0245,10.0,,,
WSX0246,8.0,,,
WSX0247,39.0,,,
WSX0248,2.0,,,
WSX0249,170.0,,,
WSX0250,262.0,,,
WSX0251,253.0,,,
WSX0252,187.0,,,
WSX0253,199.0,,,
WSX0254,147.0,,,
WSX0255,89.0,,,
WSX0256,145.0,,,
WSX0257,159.0,,,
WSX0258,135.0,,,
WSX0259,67.0,,,
WSX0260,167.0,,,
WSX0261,184.0,,,
WSX0262,18.0,,,
WSX0263,180.0,,,
WSX0264,162.0,,,
WSX0265,171.0,,,
WSX0266,154.0,,,
WSX0267,148.0,,,
WSX0268,116.0,,,
WSX0269,106.0,,,
WSX0270,109.0,,,
WSX0271,134.0,,,
WSX0272,54.0,,,
WSX0273,148.0,,,
WSX0274,134.0,,,
WSX0275,91.0,,,
WSX0276,145.0,,,
WSX0277,108.0,,,
WSX0278,122.0,,,
WSX0279,86.0,,,
WSX0280,77.0,,,
WSX0281,138.0,,,
WSX0282,101.0,,,
WSX0283,133.0,,,
WSX0284,94.0,,,
WSX0285,103.0,,,
WSX0286,124.0,,,
WSX0287,193.0,,,
WSX0288,113.0,,,
WSX0289,105.0,,,
WSX0290,119.0,,,
WSX0291,48.0,,,
WSX0292,104.0,,,
WSX0293,109.0,,,
WSX0294,76.0,,,
WSX0295,119.0,,,
WSX0296,122.0,,,
WSX0297,107.0,,,
WSX0298,137.0,,,
WSX0299,102.0,,,
WSX0300,84.0,,,
WSX0301,86.0,,,
WSX0302,85.0,,,
WSX0303,128.0,,,
WSX0304,71.0,,,
WSX0305,81.0,,,
WSX0306,69.0,,,
WSX0307,90.0,,,
WSX0308,197.0,,,
WSX0309,101.0,,,
WSX0310,112.0,,,
WSX0311,94.0,,,
WSX0312,107.0,,,
WSX0313,106.0,,,
WSX0314,62.0,,,
WSX0315,60.0,,,
WSX0316,151.0,,,
WSX0317,107.0,,,
WSX0318,89.0,,,
WSX0319,69.0,,,
WSX0320,80.0,,,
WSX0321,93.0,,,
WSX0322,113.0,,,
WSX0323,58.0,,,
WSX0324,139.0,,,
WSX0325,91.0,,,
WSX0326,36.0,,,
WSX0327,101.0,,,
WSX0328,65.0,,,
WSX0329,61.0,,,
WSX0330,90.0,,,
WSX0331,138.0,,,
WSX0332,80.0,,,
WSX0333,86.0,,,
WSX0334,79.0,,,
WSX0335,54.0,,,
WSX0336,174.0,,,
WSX0337,46.0,,,
WSX0338,79.0,,,
WSX0339,32.0,,,
WSX0340,19.0,,,
WSX0341,34.0,,,
WSX0342,79.0,,,
WSX0343,95.0,,,
WSX0344,82.0,,,
WSX0345,78.0,,,
WSX0346,69.0,,,
WSX0347,55.0,,,
WSX0348,71.0,,,
WSX0349,86.0,,,
WSX0350,118.0,,,
WSX0351,75.0,,,
WSX0352,58.0,,,
WSX0353,95.0,,,
WSX0354,75.0,,,
WSX0355,43.0,,,
WSX0356,75.0,,,
WSX0357,71.0,,,
WSX0358,31.0,,,
WSX0359,63.0,,,
WSX0360,91.0,,,
WSX0361,80.0,,,
WSX0362,38.0,,,
WSX0363,82.0,,,
WSX0364,70.0,,,
WSX0365,62.0,,,
WSX0366,70.0,,,
WSX0367,58.0,,,
WSX0368,65.0,,,
WSX0369,60.0,,,
WSX0370,83.0,,,
WSX0371,65.0,,,
WSX0372,96.0,,,
WSX0373,82.0,,,
WSX0374,111.0,,,
WSX0375,60.0,,,
WSX0376,51.0,,,
WSX0377,59.0,,,
WSX0378,68.0,,,
WSX0379,59.0,,,
WSX0380,80.0,,,
WSX0381,86.0,,,
WSX0382,77.0,,,
WSX0383,67.0,,,
WSX0384,55.0,,,
WSX0385,58.0,,,
WSX0386,74.0,,,
WSX0387,64.0,,,
WSX0388,69.0,,,
WSX0389,61.0,,,
WSX0390,67.0,,,
WSX0391,92.0,,,
WSX0392,0.0,,,
WSX0393,78.0,,,
WSX0394,83.0,,,
WSX0395,80.0,,,
WSX0396,102.0,,,
WSX0397,76.0,,,
WSX0398,74.0,,,
WSX0399,46.0,,,
WSX0400,70.0,,,
WSX0401,60.0,,,
WSX0402,56.0,,,
WSX0403,65.0,,,
WSX0404,95.0,,,
WSX0405,54.0,,,
WSX0406,8.0,,,
WSX0407,54.0,,,
WSX0408,62.0,,,
WSX0409,99.0,,,
WSX0410,58.0,,,
WSX0411,52.0,,,
WSX0412,33.0,,,
WSX0413,73.0,,,
WSX0414,70.0,,,
WSX0415,86.0,,,
WSX0416,71.0,,,
WSX0417,57.0,,,
WSX0418,79.0,,,
WSX0419,39.0,,,
WSX0420,78.0,,,
WSX0421,56.0,,,
WSX0422,56.0,,,
WSX0423,47.0,,,
WSX0424,52.0,,,
WSX0425,47.0,,,
WSX0426,50.0,,,
WSX0427,50.0,,,
WSX0428,88.0,,,
WSX0429,44.0,,,
WSX0430,5.0,,,
WSX0431,93.0,,,
WSX0432,54.0,,,
WSX0433,50.0,,,
WSX0434,39.0,,,
WSX0435,51.0,,,
WSX0436,65.0,,,
WSX0437,43.0,,,
WSX0438,68.0,,,
WSX0439,32.0,,,
WSX0440,64.0,,,
WSX0441,48.0,,,
WSX0442,49.0,,,
WSX0443,104.0,,,
WSX0444,65.0,,,
WSX0445,101.0,,,
WSX0446,53.0,,,
WSX0447,59.0,,,
WSX0448,68.0,,,
WSX0449,55.0,,,
WSX0450,57.0,,,
WSX0451,69.0,,,
WSX0452,53.0,,,
WSX0453,56.0,,,
WSX0454,55.0,,,
WSX0455,39.0,,,
WSX0456,69.0,,,
WSX0457,56.0,,,
WSX0458,59.0,,,
WSX0459,93.0,,,
WSX0460,55.0,,,
WSX0461,54.0,,,
WSX0462,46.0,,,
WSX0463,57.0,,,
WSX0464,59.0,,,
WSX0465,47.0,,,
WSX0466,4.0,,,
WSX0467,72.0,,,
WSX0468,40.0,,,
WSX0469,54.0,,,
WSX0470,49.0,,,
WSX0471,49.0,,,
WSX0472,31.0,,,
WSX0473,66.0,,,
WSX0474,49.0,,,
WSX0475,23.0,,,
WSX0476,106.0,,,
WSX0477,73.0,,,
WSX0478,63.0,,,
WSX0479,92.0,,,
WSX0480,108.0,,,
WSX0481,52.0,,,
WSX0482,46.0,,,
WSX0483,100.0,,,
WSX0484,69.0,,,
WSX0485,36.0,,,
WSX0486,41.0,,,
WSX0487,33.0,,,
WSX0488,36.0,,,
WSX0489,43.0,,,
WSX0490,25.0,,,
WSX0491,42.0,,,
WSX0492,37.0,,,
WSX0493,68.0,,,
WSX0494,41.0,,,
WSX0495,83.0,,,
WSX0496,18.0,,,
WSX0497,78.0,,,
WSX0498,52.0,,,
WSX0499,63.0,,,
WSX0500,43.0,,,
WSX0501,28.0,,,
WSX0502,76.0,,,
WSX0503,60.0,,,
WSX0504,65.0,,,
WSX0505,82.0,,,
WSX0506,11.0,,,
WSX0507,44.0,,,
WSX0508,31.0,,,
WSX0509,82.0,,,
WSX0510,84.0,,,
WSX0511,72.0,,,
WSX0512,83.0,,,
WSX0513,56.0,,,
WSX0514,38.0,,,
WSX0515,37.0,,,
WSX0516,25.0,,,
WSX0517,43.0,,,
WSX0518,44.0,,,
WSX0519,91.0,,,
WSX0520,167.0,,,
WSX0521,84.0,,,
WSX0522,52.0,,,
WSX0523,38.0,,,
WSX0524,12.0,,,
WSX0525,12.0,,,
WSX0526,89.0,,,
WSX0527,47.0,,,
WSX0528,38.0,,,
WSX0529,53.0,,,
WSX0530,19.0,,,
WSX0531,45.0,,,
WSX0532,36.0,,,
WSX0533,47.0,,,
WSX0534,55.0,,,
WSX0535,32.0,,,
WSX0536,35.0,,,
WSX0537,35.0,,,
WSX0538,54.0,,,
WSX0539,66.0,,,
WSX0540,39.0,,,
WSX0541,39.0,,,
WSX0542,53.0,,,
WSX0543,118.0,,,
WSX0544,109.0,,,
WSX0545,35.0,,,
WSX0546,39.0,,,
WSX0547,36.0,,,
WSX0548,41.0,,,
WSX0549,52.0,,,
WSX0550,33.0,,,
WSX0551,68.0,,,
WSX0552,54.0,,,
WSX0553,43.0,,,
WSX0554,38.0,,,
WSX0555,35.0,,,
WSX0556,38.0,,,
WSX0557,0.0,,,
WSX0558,39.0,,,
WSX0559,53.0,,,
WSX0560,29.0,,,
WSX0561,32.0,,,
WSX0562,43.0,,,
WSX0563,48.0,,,
WSX0564,68.0,,,
WSX0565,66.0,,,
WSX0566,22.0,,,
WSX0567,50.0,,,
WSX0568,26.0,,,
WSX0569,32.0,,,
WSX0570,44.0,,,
WSX0571,50.0,,,
WSX0572,42.0,,,
WSX0573,38.0,,,
WSX0574,30.0,,,
WSX0575,56.0,,,
WSX0576,48.0,,,
WSX0577,56.0,,,
WSX0578,31.0,,,
WSX0579,75.0,,,
WSX0580,29.0,,,
WSX0581,3.0,,,
WSX0582,45.0,,,
WSX0583,19.0,,,
WSX0584,0.0,,,
WSX0585,33.0,,,
WSX0586,23.0,,,
WSX0587,25.0,,,
WSX0588,31.0,,,
WSX0589,39.0,,,
WSX0590,40.0,,,
WSX0591,40.0,,,
WSX0592,46.0,,,
WSX0593,0.0,,,
WSX0594,24.0,,,
WSX0595,30.0,,,
WSX0596,26.0,,,
WSX0597,42.0,,,
WSX0598,49.0,,,
WSX0599,53.0,,,
WSX0600,31.0,,,
WSX0601,60.0,,,
WSX0602,37.0,,,
WSX0603,37.0,,,
WSX0604,45.0,,,
WSX0605,27.0,,,
WSX0606,72.0,,,
WSX0607,17.0,,,
WSX0608,46.0,,,
WSX0609,33.0,,,
WSX0610,20.0,,,
WSX0611,38.0,,,
WSX0612,39.0,,,
WSX0613,14.0,,,
WSX0614,27.0,,,
WSX0615,11.0,,,
WSX0616,24.0,,,
WSX0617,25.0,,,
WSX0618,20.0,,,
WSX0619,21.0,,,
WSX0620,18.0,,,
WSX0621,56.0,,,
WSX0622,37.0,,,
WSX0623,60.0,,,
WSX0624,40.0,,,
WSX0625,45.0,,,
WSX0626,7.0,,,
WSX0627,56.0,,,
WSX0628,47.0,,,
WSX0629,37.0,,,
WSX0630,40.0,,,
WSX0631,16.0,,,
WSX0632,22.0,,,
WSX0633,24.0,,,
WSX0634,33.0,,,
WSX0635,71.0,,,
WSX0636,41.0,,,
WSX0637,27.0,,,
WSX0638,60.0,,,
WSX0639,37.0,,,
WSX0640,58.0,,,
WSX0641,73.0,,,
WSX0642,33.0,,,
WSX0643,16.0,,,
WSX0644,21.0,,,
WSX0645,54.0,,,
WSX0646,54.0,,,
WSX0647,32.0,,,
WSX0648,26.0,,,
WSX0649,48.0,,,
WSX0650,32.0,,,
WSX0651,26.0,,,
WSX0652,1.0,,,
WSX0653,32.0,,,
WSX0654,22.0,,,
WSX0655,19.0,,,
WSX0656,36.0,,,
WSX0657,53.0,,,
WSX0658,43.0,,,
WSX0659,37.0,,,
WSX0660,38.0,,,
WSX0661,33.0,,,
WSX0662,26.0,,,
WSX0663,15.0,,,
WSX0664,29.0,,,
WSX0665,49.0,,,
WSX0666,60.0,,,
WSX0667,22.0,,,
WSX0668,63.0,,,
WSX0669,2.0,,,
WSX0670,24.0,,,
WSX0671,29.0,,,
WSX0672,6.0,,,
WSX0673,23.0,,,
WSX0674,50.0,,,
WSX0675,31.0,,,
WSX0676,29.0,,,
WSX0677,42.0,,,
WSX0678,65.0,,,
WSX0679,45.0,,,
WSX0680,29.0,,,
WSX0681,33.0,,,
WSX0682,23.0,,,
WSX0683,57.0,,,
WSX0684,45.0,,,
WSX0685,36.0,,,
WSX0686,46.0,,,
WSX0687,58.0,,,
WSX0688,30.0,,,
WSX0689,14.0,,,
WSX0690,41.0,,,
WSX0691,32.0,,,
WSX0692,38.0,,,
WSX0693,25.0,,,
WSX0694,29.0,,,
WSX0695,29.0,,,
WSX0696,20.0,,,
WSX0697,27.0,,,
WSX0698,30.0,,,
WSX0699,40.0,,,
WSX0700,50.0,,,
WSX0701,24.0,,,
WSX0702,19.0,,,
WSX0703,34.0,,,
WSX0704,34.0,,,
WSX0705,19.0,,,
WSX0706,19.0,,,
WSX0707,20.0,,,
WSX0708,23.0,,,
WSX0709,25.0,,,
WSX0710,12.0,,,
WSX0711,28.0,,,
WSX0712,28.0,,,
WSX0713,74.0,,,
WSX0714,15.0,,,
WSX0715,38.0,,,
WSX0716,38.0,,,
WSX0717,18.0,,,
WSX0718,17.0,,,
WSX0719,21.0,,,
WSX0720,21.0,,,
WSX0721,19.0,,,
WSX0722,23.0,,,
WSX0723,19.0,,,
WSX0724,18.0,,,
WSX0725,31.0,,,
WSX0726,34.0,,,
WSX0727,3.0,,,
WSX0728,56.0,,,
WSX0729,48.0,,,
WSX0730,21.0,,,
WSX0731,56.0,,,
WSX0732,35.0,,,
WSX0733,7.0,,,
WSX0734,25.0,,,
WSX0735,26.0,,,
WSX0736,12.0,,,
WSX0737,21.0,,,
WSX0738,20.0,,,
WSX0739,16.0,,,
WSX0740,17.0,,,
WSX0741,16.0,,,
WSX0742,32.0,,,
WSX0743,10.0,,,
WSX0744,22.0,,,
WSX0745,14.0,,,
WSX0746,15.0,,,
WSX0747,31.0,,,
WSX0748,57.0,,,
WSX0749,31.0,,,
WSX0750,7.0,,,
WSX0751,11.0,,,
WSX0752,22.0,,,
WSX0753,38.0,,,
WSX0754,51.0,,,
WSX0755,25.0,,,
WSX0756,24.0,,,
WSX0757,22.0,,,
WSX0758,25.0,,,
WSX0759,6.0,,,
WSX0760,11.0,,,
WSX0761,40.0,,,
WSX0762,1.0,,,
WSX0763,14.0,,,
WSX0764,32.0,,,
WSX0765,102.0,,,
WSX0766,16.0,,,
WSX0767,4.0,,,
WSX0768,42.0,,,
WSX0769,3.0,,,
WSX0770,17.0,,,
WSX0771,39.0,,,
WSX0772,1.0,,,
WSX0773,26.0,,,
WSX0774,14.0,,,
WSX0775,11.0,,,
WSX0776,5.0,,,
WSX0777,7.0,,,
WSX0778,17.0,,,
WSX0779,11.0,,,
WSX0780,8.0,,,
WSX0781,8.0,,,
WSX0782,9.0,,,
WSX0783,16.0,,,
WSX0784,20.0,,,
WSX0785,15.0,,,
WSX0786,17.0,,,
WSX0787,13.0,,,
WSX0788,25.0,,,
WSX0789,30.0,,,
WSX0790,21.0,,,
WSX0791,33.0,,,
WSX0792,33.0,,,
WSX0793,28.0,,,
WSX0794,47.0,,,
WSX0795,34.0,,,
WSX0796,4.0,,,
WSX0797,22.0,,,
WSX0798,38.0,,,
WSX0799,21.0,,,
WSX0800,32.0,,,
WSX0801,29.0,,,
WSX0802,16.0,,,
WSX0803,10.0,,,
WSX0804,18.0,,,
WSX0805,26.0,,,
WSX0806,4.0,,,
WSX0807,22.0,,,
WSX0808,12.0,,,
WSX0809,15.0,,,
WSX0810,36.0,,,
WSX0811,14.0,,,
WSX0812,26.0,,,
WSX0813,16.0,,,
WSX0814,19.0,,,
WSX0815,0.0,,,
WSX0816,4.0,,,
WSX0817,26.0,,,
WSX0818,60.0,,,
WSX0819,11.0,,,
WSX0820,23.0,,,
WSX0821,30.0,,,
WSX0822,26.0,,,
WSX0823,11.0,,,
WSX0824,12.0,,,
WSX0825,17.0,,,
WSX0826,16.0,,,
WSX0827,27.0,,,
WSX0828,35.0,,,
WSX0829,24.0,,,
WSX0830,16.0,,,
WSX0831,57.0,,,
WSX0832,20.0,,,
WSX0833,49.0,,,
WSX0834,13.0,,,
WSX0835,8.0,,,
WSX0836,1.0,,,
WSX0837,42.0,,,
WSX0838,25.0,,,
WSX0839,34.0,,,
WSX0840,9.0,,,
WSX0841,49.0,,,
WSX0842,28.0,,,
WSX0843,11.0,,,
WSX0844,14.0,,,
WSX0845,33.0,,,
WSX0846,6.0,,,
WSX0847,9.0,,,
WSX0848,6.0,,,
WSX0849,4.0,,,
WSX0850,23.0,,,
WSX0851,3.0,,,
WSX0852,8.0,,,
WSX0853,22.0,,,
WSX0854,19.0,,,
WSX0855,2.0,,,
WSX0856,8.0,,,
WSX0857,28.0,,,
WSX0858,109.0,,,
WSX0859,20.0,,,
WSX0860,49.0,,,
WSX0861,17.0,,,
WSX0862,70.0,,,
WSX0863,12.0,,,
WSX0864,20.0,,,
WSX0865,16.0,,,
WSX0866,8.0,,,
WSX0867,4.0,,,
WSX0868,7.0,,,
WSX0869,3.0,,,
WSX0870,15.0,,,
WSX0871,20.0,,,
WSX0872,32.0,,,
WSX0873,2.0,,,
WSX0874,8.0,,,
WSX0875,17.0,,,
WSX0876,12.0,,,
WSX0877,11.0,,,
WSX0878,6.0,,,
WSX0879,11.0,,,
WSX0880,10.0,,,
WSX0881,19.0,,,
WSX0882,18.0,,,
WSX0883,11.0,,,
WSX0884,21.0,,,
WSX0885,18.0,,,
WSX0886,15.0,,,
WSX0887,4.0,,,
WSX0888,36.0,,,
WSX0889,27.0,,,
WSX0890,27.0,,,
WSX0891,22.0,,,
WSX0892,19.0,,,
WSX0893,6.0,,,
WSX0894,18.0,,,
WSX0895,25.0,,,
WSX0896,27.0,,,
WSX0897,12.0,,,
WSX0898,4.0,,,
WSX0899,1.0,,,
WSX0900,5.0,,,
WSX0901,6.0,,,
WSX0902,12.0,,,
WSX0903,8.0,,,
WSX0904,3.0,,,
WSX0905,70.0,,,
WSX0906,14.0,,,
WSX0907,22.0,,,
WSX0908,27.0,,,
WSX0909,3.0,,,
WSX0910,47.0,,,
WSX0911,51.0,,,
WSX0912,17.0,,,
WSX0913,12.0,,,
WSX0914,16.0,,,
WSX0915,5.0,,,
WSX0916,20.0,,,
WSX0917,4.0,,,
WSX0918,5.0,,,
WSX0919,12.0,,,
WSX0920,16.0,,,
WSX0921,11.0,,,
WSX0922,3.0,,,
WSX0923,17.0,,,
WSX0924,9.0,,,
WSX0925,7.0,,,
WSX0926,7.0,,,
WSX0927,27.0,,,
WSX0928,22.0,,,
WSX0929,11.0,,,
WSX0930,1.0,,,
WSX0931,98.0,,,
WSX0932,24.0,,,
WSX0933,20.0,,,
WSX0934,4.0,,,
WSX0935,9.0,,,
WSX0936,10.0,,,
WSX0937,15.0,,,
WSX0938,7.0,,,
WSX0939,24.0,,,
WSX0940,4.0,,,
WSX0941,10.0,,,
WSX0942,2.0,,,
WSX0943,9.0,,,
WSX0944,7.0,,,
WSX0945,11.0,,,
WSX0946,10.0,,,
WSX0947,4.0,,,
WSX0948,7.0,,,
WSX0949,4.0,,,
WSX0950,2.0,,,
WSX0951,4.0,,,
WSX0952,21.0,,,
WSX0953,0.0,,,
WSX0954,7.0,,,
WSX0955,9.0,,,
WSX0956,16.0,,,
WSX0957,3.0,,,
WSX0958,12.0,,,
WSX0959,14.0,,,
WSX0960,1.0,,,
WSX0961,16.0,,,
WSX0962,27.0,,,
WSX0963,38.0,,,
WSX0964,4.0,,,
WSX0965,8.0,,,
WSX0966,34.0,,,
WSX0967,46.0,,,
WSX0968,11.0,,,
WSX0969,1.0,,,
WSX0970,15.0,,,
WSX0971,12.0,,,
WSX0972,11.0,,,
WSX0973,9.0,,,
WSX0974,4.0,,,
WSX0975,6.0,,,
WSX0976,3.0,,,
WSX0977,2.0,,,
WSX0978,2.0,,,
WSX0979,2.0,,,
WSX0980,13.0,,,
WSX0981,0.0,,,
WSX0982,5.0,,,
WSX0983,6.0,,,
WSX0984,6.0,,,
WSX0985,9.0,,,
WSX0986,39.0,,,
WSX0987,10.0,,,
WSX0988,11.0,,,
WSX0989,14.0,,,
WSX0990,3.0,,,
WSX0991,33.0,,,
WSX0992,1.0,,,
WSX0993,1.0,,,
WSX0994,27.0,,,
WSX0995,19.0,,,
WSX0996,1.0,,,
WSX0997,11.0,,,
WSX0998,21.0,,,
WSX0999,6.0,,,
WSX1000,13.0,,,
WSX1001,7.0,,,
WSX1002,7.0,,,
WSX1003,8.0,,,
WSX1004,17.0,,,
WSX1005,1.0,,,
WSX1006,6.0,,,
WSX1007,15.0,,,
WSX1008,1.0,,,
WSX1009,21.0,,,
WSX1010,4.0,,,
WSX1011,16.0,,,
WSX1012,30.0,,,
WSX1013,7.0,,,
WSX1014,39.0,,,
WSX1015,9.0,,,
WSX1016,11.0,,,
WSX1017,10.0,,,
WSX1018,20.0,,,
WSX1019,59.0,,,
WSX1020,14.0,,,
WSX1021,17.0,,,
WSX1022,2.0,,,
WSX1023,3.0,,,
WSX1024,7.0,,,
WSX1025,4.0,,,
WSX1026,45.0,,,
WSX1027,9.0,,,
WSX1028,2.0,,,
WSX1029,1.0,,,
WSX1030,6.0,,,
WSX1031,27.0,,,
WSX1032,3.0,,,
WSX1033,3.0,,,
WSX1034,1.0,,,
WSX1035,16.0,,,
WSX1036,4.0,,,
WSX1037,8.0,,,
WSX1038,3.0,,,
WSX1039,2.0,,,
WSX1040,1.0,,,
WSX1041,24.0,,,
WSX1042,21.0,,,
WSX1043,0.0,,,
WSX1044,8.0,,,
WSX1045,131.0,,,
WSX1046,7.0,,,
WSX1047,0.0,,,
WSX1048,3.0,,,
WSX1049,9.0,,,
WSX1050,15.0,,,
WSX1051,12.0,,,
WSX1052,12.0,,,
WSX1053,1.0,,,
WSX1054,11.0,,,
WSX1055,8.0,,,
WSX1056,2.0,,,
WSX1057,0.0,,,
WSX1058,1.0,,,
WSX1059,1.0,,,
WSX1060,1.0,,,
WSX1061,9.0,,,
WSX1062,61.0,,,
WSX1063,3.0,,,
WSX1064,4.0,,,
WSX1065,0.0,,,
WSX1066,3.0,,,
WSX1067,3.0,,,
WSX1068,73.0,,,
WSX1069,5.0,,,
WSX1070,3.0,,,
WSX1071,7.0,,,
WSX1072,11.0,,,
WSX1073,25.0,,,
WSX1074,4.0,,,
WSX1075,8.0,,,
WSX1076,3.0,,,
WSX1077,9.0,,,
WSX1078,10.0,,,
WSX1079,0.0,,,
WSX1080,4.0,,,
WSX1081,9.0,,,
WSX1082,4.0,,,
WSX1083,6.0,,,
WSX1084,3.0,,,
WSX1085,2.0,,,
WSX1086,0.0,,,
WSX1087,0.0,,,
WSX1088,2.0,,,
WSX1089,0.0,,,
WSX1090,4.0,,,
WSX1091,1.0,,,
WSX1092,2.0,,,
WSX1093,3.0,,,
WSX1094,1.0,,,
WSX1095,3.0,,,
WSX1096,2.0,,,
WSX1097,4.0,,,
WSX1098,2.0,,,
WSX1099,39.0,,,
WSX1100,0.0,,,
WSX1101,0.0,,,
WSX1102,1.0,,,
WSX1103,1.0,,,
WSX1104,0.0,,,
WSX1105,42.0,,,
WSX1106,8.0,,,
WSX1107,2.0,,,
WSX1108,2.0,,,
WSX1109,0.0,,,
WSX1110,21.0,,,
WSX1111,71.0,,,
WSX1112,50.0,,,
WSX1113,0.0,,,
WSX1114,2.0,,,
WSX1115,0.0,,,
WSX1116,0.0,,,
WSX1117,5.0,,,
WSX1118,37.0,,,
WSX1119,1.0,,,
WSX1120,0.0,,,
WSX1121,0.0,,,
WSX1122,10.0,,,
WSX1123,0.0,,,
WSX1124,0.0,,,
WSX1125,2.0,,,
WSX1126,14.0,,,
WSX1127,0.0,,,
WSX1128,4.0,,,
WSX1129,0.0,,,
WSX1130,14.0,,,
WSX1131,0.0,,,
WSX1132,5.0,,,
WSX1133,1.0,,,
WSX1134,4.0,,,
WSX1135,0.0,,,
WSX1136,0.0,,,
WSX1137,0.0,,,
WSX1138,0.0,,,
WSX1139,0.0,,,
WSX1140,0.0,,,
WSX1141,2.0,,,
WSX1142,2.0,,,
WSX1143,1.0,,,
WSX1144,0.0,,,
WSX1145,3.0,,,
WSX1146,3.0,,,
WSX1147,3.0,,,
WSX1148,3.0,,,
WSX1149,2.0,,,
WSX1150,1.0,,,
WSX1151,10.0,,,
WSX1152,1.0,,,
WSX1153,1.0,,,
WSX1154,3.0,,,
WSX1155,1.0,,,
WSX1156,1.0,,,
WSX1157,1.0,,,
WSX1158,1.0,,,
WSX1159,5.0,,,
WSX1160,0.0,,,
WSX1161,0.0,,,
WSX1162,4.0,,,
WSX1163,3.0,,,
WSX1164,0.0,,,
WSX1165,0.0,,,
WSX1166,67.0,,,
WSX1167,3.0,,,
WSX1169,0.0,,,
WSX1170,0.0,,,
WSX1171,18.0,,,
WSX1172,0.0,,,
WSX1173,0.0,,,
WSX1174,110.0,,,
WSX1175,23.0,,,
WSX1176,5.0,,,
WSX1177,0.0,,,
WSX1178,4.0,,,
WSX1179,122.0,,,
WSX1180,0.0,,,
WSX1181,0.0,,,
WSX1182,6.0,,,
WSX1183,2.0,,,
WSX1184,2.0,,,
WSX1185,57.0,,,
WSX1186,17.0,,,
WSX1187,0.0,,,
WSX1188,2.0,,,
WSX1189,10.0,,,
WSX1190,0.0,,,
WSX1191,3.0,,,
WSX1192,0.0,,,
WSX1193,5.0,,,
WSX1194,7.0,,,
WSX1195,1.0,,,
WSX1196,19.0,,,
WSX1197,0.0,,,
WSX1198,9.0,,,
WSX1199,0.0,,,
WSX1200,0.0,,,
WSX1201,2.0,,,
WSX1202,1.0,,,
WSX1203,19.0,,,
WSX1204,13.0,,,
WSX1205,0.0,,,
WSX1206,0.0,,,
WSX1207,12.0,,,
WSX1208,0.0,,,
WSX1209,1.0,,,
WSX1210,0.0,,,
WSX1211,0.0,,,
WSX1212,5.0,,,
WSX1213,0.0,,,
WSX1214,3.0,,,
WSX1215,0.0,,,
WSX1216,0.0,,,
WSX1217,0.0,,,
WSX1218,1.0,,,
WSX1219,0.0,,,
WSX1220,1.0,,,
WSX1221,1.0,,,
WSX1222,2.0,,,
WSX1223,1.0,,,
WSX1224,0.0,,,
WSX1225,14.0,,,
WSX1226,11.0,,,
WSX1227,1.0,,,
WSX1228,3.0,,,
WSX1229,4.0,,,
WSX1230,0.0,,,
WSX1231,0.0,,,
WSX1232,0.0,,,
WSX1233,0.0,,,
WSX1234,1.0,,,
WSX1235,0.0,,,
WSX1236,0.0,,,
WSX1237,0.0,,,
WSX1238,0.0,,,
WSX1239,1.0,,,
WSX1240,0.0,,,
WSX1241,0.0,,,
WSX1242,1.0,,,
WSX1243,0.0,,,
WSX1244,0.0,,,
WSX1245,2.0,,,
WSX1246,0.0,,,
WSX1247,0.0,,,
WSX1248,0.0,,,
WSX1249,0.0,,,
WSX1250,1.0,,,
WSX1251,0.0,,,
WSX1252,0.0,,,
WSX1253,0.0,,,
WSX1254,0.0,,,
WSX1255,0.0,,,
WSX1256,0.0,,,
WSX1257,2.0,,,
WSX1258,0.0,,,
WSX1259,0.0,,,
WSX1260,0.0,,,
WSX1261,0.0,,,
WSX1262,0.0,,,
WSX1263,1.0,,,
WSX1264,0.0,,,
WSX1265,0.0,,,
WSX1266,3.0,,,
WSX1267,0.0,,,
WSX1268,30.0,,,
WSX1269,0.0,,,
WSX1270,0.0,,,
WSX1271,2.0,,,
WSX1272,8.0,,,
WSX1273,0.0,,,
WSX1274,1.0,,,
WSX1275,3.0,,,
WSX1276,3.0,,,
WSX1277,0.0,,,
WSX1278,0.0,,,
WSX1279,0.0,,,
WSX1280,0.0,,,
WSX1281,4.0,,,
WSX1282,0.0,,,
WSX1283,0.0,,,
WSX1284,0.0,,,
WSX1285,0.0,,,
WSX1286,2.0,,,
WSX1287,0.0,,,
WSX1288,4.0,,,
WSX1289,32.0,,,
WSX1290,0.0,,,
WSX9991,0.0,,,
WSX9992,0.0,,,
WSX9993,16.0,,,
WSX9994,10.0,,,
WSX9995,0.0,,,
WSX9996,1.0,,,
WSX9997,1.0,,,
WSX9998,0.0,,,
WXW00001,,2.0,,
WXW00002,,40.0,,
WXW00003,,7.0,,
WXW00004,,3.0,,
WXW00005,,4.0,,
WXW00006,,0.0,,
WXW00007,,0.0,,
WXW00008,,0.0,,
WXW00009,,43.0,,
WXW00010,,18.0,,
WXW00011,,37.0,,
WXW00012,,6.0,,
WXW00013,,26.0,,
WXW00014,,2.0,,
WXW00015,,57.0,,
WXW00016,,16.0,,
WXW00017,,0.0,,
WXW00018,,0.0,,
WXW00019,,37.0,,
WXW00020,,21.0,,
WXW00021,,17.0,,
WXW00022,,22.0,,
WXW00023,,0.0,,
WXW00024,,18.0,,
WXW00025,,2.0,,
WXW00026,,53.0,,
WXW00027,,45.0,,
WXW00028,,42.0,,
WXW00029,,21.0,,
WXW00030,,2.0,,
WXW00031,,29.0,,
WXW00032,,36.0,,
WXW00033,,1.0,,
WXW00034,,0.0,,
WXW00035,,1.0,,
WXW00036,,37.0,,
WXW00037,,0.0,,
WXW00038,,1.0,,
WXW00039,,0.0,,
WXW00040,,60.0,,
WXW00041,,31.0,,
WXW00042,,32.0,,
WXW00044,,15.0,,
WXW00045,,2.0,,
WXW00046,,1.0,,
WXW00047,,22.0,,
WXW00048,,58.0,,
WXW00049,,16.0,,
WXW00050,,0.0,,
WXW00051,,9.0,,
WXW00052,,7.0,,
WXW00053,,4.0,,
WXW00054,,23.0,,
WXW00055,,25.0,,
WXW00056,,6.0,,
WXW00057,,31.0,,
WXW00058,,11.0,,
WXW00059,,129.0,,
WXW00060,,0.0,,
WXW00061,,15.0,,
WXW00062,,72.0,,
WXW00063,,11.0,,
WXW00064,,0.0,,
WXW00065,,50.0,,
WXW00066,,4.0,,
WXW00068,,1.0,,
WXW00069,,33.0,,
WXW00070,,42.0,,
WXW00071,,3.0,,
WXW00072,,29.0,,
WXW00073,,17.0,,
WXW00074,,15.0,,
WXW00075,,126.0,,
WXW00076,,49.0,,
WXW00077,,28.0,,
WXW00078,,86.0,,
WXW00079,,38.0,,
WXW00080,,105.0,,
WXW00081,,2.0,,
WXW00082,,20.0,,
WXW00083,,12.0,,
WXW00084,,22.0,,
WXW00085,,73.0,,
WXW00086,,9.0,,
WXW00087,,2.0,,
WXW00088,,45.0,,
WXW00090,,50.0,,
WXW00091,,33.0,,
WXW00092,,15.0,,
WXW00093,,75.0,,
WXW00094,,4.0,,
WXW00095,,47.0,,
WXW00096,,141.0,,
WXW00097,,18.0,,
WXW00098,,0.0,,
WXW00099,,11.0,,
WXW00101,,2.0,,
WXW00102,,24.0,,
WXW00103,,23.0,,
WXW00104,,185.0,,
WXW00105,,16.0,,
WXW00106,,3.0,,
WXW00107,,45.0,,
WXW00108,,98.0,,
WXW00109,,0.0,,
WXW00110,,11.0,,
WXW00111,,39.0,,
WXW00112,,1.0,,
WXW00113,,17.0,,
WXW00114,,5.0,,
WXW00115,,107.0,,
WXW00116,,5.0,,
WXW00117,,11.0,,
WXW00118,,7.0,,
WXW00119,,39.0,,
WXW00120,,55.0,,
WXW00121,,16.0,,
WXW00122,,0.0,,
WXW00123,,32.0,,
WXW00124,,51.0,,
WXW00125,,0.0,,
WXW00126,,42.0,,
WXW00127,,27.0,,
WXW00128,,104.0,,
WXW00129,,49.0,,
WXW00130,,31.0,,
WXW00131,,38.0,,
WXW00132,,10.0,,
WXW00133,,34.0,,
WXW00134,,2.0,,
WXW00135,,77.0,,
WXW00136,,76.0,,
WXW00137,,17.0,,
WXW00138,,6.0,,
WXW00139,,65.0,,
WXW00140,,45.0,,
WXW00141,,24.0,,
WXW00142,,3.0,,
WXW00143,,0.0,,
WXW00144,,44.0,,
WXW00145,,46.0,,
WXW00146,,0.0,,
WXW00147,,32.0,,
WXW00148,,25.0,,
WXW00149,,0.0,,
WXW00150,,44.0,,
WXW00151,,24.0,,
WXW00152,,8.0,,
WXW00153,,14.0,,
WXW00154,,0.0,,
WXW00155,,11.0,,
WXW00156,,1.0,,
WXW00157,,180.0,,
WXW00158,,6.0,,
WXW00159,,29.0,,
WXW00160,,66.0,,
WXW00161,,92.0,,
WXW00162,,0.0,,
WXW00163,,29.0,,
WXW00164,,105.0,,
WXW00165,,0.0,,
WXW00166,,27.0,,
WXW00167,,48.0,,
WXW00168,,1.0,,
WXW00169,,2.0,,
WXW00170,,23.0,,
WXW00171,,3.0,,
WXW00172,,0.0,,
WXW00173,,2.0,,
WXW00174,,16.0,,
WXW00175,,26.0,,
WXW00176,,6.0,,
WXW00177,,0.0,,
WXW00178,,86.0,,
WXW00179,,17.0,,
WXW00180,,56.0,,
WXW00181,,0.0,,
WXW00182,,60.0,,
WXW00183,,24.0,,
WXW00184,,63.0,,
WXW00185,,30.0,,
WXW00186,,38.0,,
WXW00187,,17.0,,
WXW00188,,33.0,,
WXW00189,,16.0,,
WXW00190,,55.0,,
WXW00191,,86.0,,
WXW00192,,5.0,,
WXW00193,,99.0,,
WXW00194,,0.0,,
WXW00195,,116.0,,
WXW00196,,11.0,,
WXW00197,,1.0,,
WXW00198,,81.0,,
WXW00199,,20.0,,
WXW00200,,0.0,,
WXW00201,,4.0,,
WXW00202,,53.0,,
WXW00203,,31.0,,
WXW00204,,0.0,,
WXW00205,,0.0,,
WXW00206,,25.0,,
WXW00207,,60.0,,
WXW00208,,160.0,,
WXW00209,,28.0,,
WXW00210,,64.0,,
WXW00211,,34.0,,
WXW00212,,8.0,,
WXW00213,,12.0,,
WXW00214,,4.0,,
WXW00215,,3.0,,
WXW00216,,18.0,,
WXW00217,,62.0,,
WXW00218,,132.0,,
WXW00219,,100.0,,
WXW00220,,4.0,,
WXW00221,,36.0,,
WXW00222,,38.0,,
WXW00223,,72.0,,
WXW00224,,54.0,,
WXW00225,,82.0,,
WXW00226,,60.0,,
WXW00227,,36.0,,
WXW00228,,1.0,,
WXW00229,,6.0,,
WXW00230,,22.0,,
WXW00231,,94.0,,
WXW00232,,95.0,,
WXW00233,,2.0,,
WXW00234,,6.0,,
WXW00235,,43.0,,
WXW00236,,25.0,,
WXW00237,,15.0,,
WXW00238,,20.0,,
WXW00239,,0.0,,
WXW00240,,20.0,,
WXW00241,,11.0,,
WXW00242,,12.0,,
WXW00243,,17.0,,
WXW00244,,26.0,,
WXW00245,,8.0,,
WXW00246,,36.0,,
WXW00247,,12.0,,
WXW00248,,34.0,,
WXW00249,,28.0,,
WXW00250,,24.0,,
WXW00251,,50.0,,
WXW00252,,25.0,,
WXW00253,,105.0,,
WXW00254,,3.0,,
WXW00255,,16.0,,
WXW00256,,95.0,,
WXW00257,,12.0,,
WXW00258,,2.0,,
WXW00259,,60.0,,
WXW00260,,13.0,,
WXW00261,,85.0,,
WXW00262,,49.0,,
WXW00263,,71.0,,
WXW00264,,50.0,,
WXW00265,,258.0,,
WXW00266,,21.0,,
WXW00267,,33.0,,
WXW00268,,188.0,,
WXW00269,,60.0,,
WXW00270,,93.0,,
WXW00271,,46.0,,
WXW00272,,5.0,,
WXW00273,,27.0,,
WXW00274,,57.0,,
WXW00275,,13.0,,
WXW00276,,41.0,,
WXW00277,,3.0,,
WXW00278,,88.0,,
WXW00279,,35.0,,
WXW00280,,1.0,,
WXW00281,,23.0,,
WXW00282,,81.0,,
WXW00283,,32.0,,
WXW00284,,123.0,,
WXW00285,,26.0,,
WXW00286,,4.0,,
WXW00287,,0.0,,
WXW00288,,3.0,,
WXW00289,,13.0,,
WXW00290,,19.0,,
WXW00291,,11.0,,
WXW00292,,38.0,,
WXW00293,,0.0,,
WXW00294,,0.0,,
WXW00295,,12.0,,
WXW00296,,59.0,,
WXW00297,,1.0,,
WXW00298,,8.0,,
WXW00299,,18.0,,
WXW00300,,0.0,,
WXW00301,,16.0,,
WXW00302,,64.0,,
WXW00303,,20.0,,
WXW00304,,32.0,,
WXW00305,,65.0,,
WXW00306,,0.0,,
WXW00307,,59.0,,
WXW00308,,98.0,,
WXW00309,,14.0,,
WXW00310,,3.0,,
WXW00311,,24.0,,
WXW00312,,185.0,,
WXW00313,,60.0,,
WXW00314,,20.0,,
WXW00315,,56.0,,
WXW00316,,26.0,,
WXW00317,,34.0,,
WXW00318,,82.0,,
WXW00319,,113.0,,
WXW00320,,41.0,,
WXW00321,,3.0,,
WXW00322,,33.0,,
WXW00323,,26.0,,
WXW00324,,54.0,,
WXW00325,,55.0,,
WXW00326,,5.0,,
WXW00327,,14.0,,
WXW00328,,52.0,,
WXW00329,,54.0,,
WXW00330,,43.0,,
WXW00331,,57.0,,
WXW00332,,1.0,,
WXW00333,,35.0,,
WXW00334,,21.0,,
WXW00335,,18.0,,
WXW00336,,29.0,,
WXW00337,,116.0,,
WXW00338,,53.0,,
WXW00339,,10.0,,
WXW00340,,60.0,,
WXW00341,,0.0,,
WXW00342,,1.0,,
WXW00343,,73.0,,
WXW00344,,57.0,,
WXW00345,,0.0,,
WXW00346,,55.0,,
WXW00347,,0.0,,
WXW00348,,74.0,,
WXW00349,,4.0,,
WXW00350,,2.0,,
WXW00351,,7.0,,
WXW00352,,25.0,,
WXW00353,,0.0,,
WXW00354,,31.0,,
WXW00355,,63.0,,
WXW00356,,11.0,,
WXW00357,,8.0,,
WXW00358,,16.0,,
WXW00359,,14.0,,
WXW00360,,0.0,,
WXW00361,,0.0,,
WXW00362,,3.0,,
WXW00363,,36.0,,
WXW00364,,30.0,,
WXW00365,,84.0,,
WXW00366,,25.0,,
WXW00367,,65.0,,
WXW00368,,81.0,,
WXW00369,,16.0,,
WXW00370,,42.0,,
WXW00371,,10.0,,
WXW00372,,27.0,,
WXW00373,,14.0,,
WXW00374,,110.0,,
WXW00375,,0.0,,
WXW00376,,12.0,,
WXW00377,,1.0,,
WXW00378,,20.0,,
WXW00379,,99.0,,
WXW00380,,126.0,,
WXW00381,,123.0,,
WXW00382,,28.0,,
WXW00383,,15.0,,
WXW00384,,0.0,,
WXW00385,,0.0,,
WXW00386,,18.0,,
WXW00387,,44.0,,
WXW00388,,4.0,,
WXW00389,,9.0,,
WXW00390,,30.0,,
WXW00391,,74.0,,
WXW00392,,50.0,,
WXW00393,,141.0,,
WXW00394,,1.0,,
WXW00395,,43.0,,
WXW00396,,0.0,,
WXW00397,,0.0,,
WXW00398,,22.0,,
WXW00399,,11.0,,
WXW00400,,24.0,,
WXW00401,,68.0,,
WXW00402,,61.0,,
WXW00404,,4.0,,
WXW00405,,60.0,,
WXW00406,,55.0,,
WXW00407,,13.0,,
WXW00408,,67.0,,
WXW00409,,20.0,,
WXW00410,,60.0,,
WXW00411,,36.0,,
WXW00412,,81.0,,
WXW00413,,92.0,,
WXW00414,,0.0,,
WXW00415,,7.0,,
WXW00416,,4.0,,
WXW00417,,19.0,,
WXW00418,,75.0,,
WXW00419,,22.0,,
WXW00420,,5.0,,
WXW00421,,49.0,,
WXW00422,,0.0,,
WXW00423,,33.0,,
WXW00424,,24.0,,
WXW00425,,5.0,,
WXW00426,,111.0,,
WXW00427,,5.0,,
WXW00428,,14.0,,
WXW00429,,2.0,,
WXW00430,,0.0,,
WXW00431,,0.0,,
WXW00432,,117.0,,
WXW00433,,48.0,,
WXW00434,,0.0,,
WXW00435,,7.0,,
WXW00436,,12.0,,
WXW00437,,92.0,,
WXW00438,,61.0,,
WXW00439,,34.0,,
WXW00440,,0.0,,
WXW00441,,10.0,,
WXW00442,,6.0,,
WXW00443,,193.0,,
WXW00444,,42.0,,
WXW00445,,40.0,,
WXW00446,,46.0,,
WXW00447,,26.0,,
WXW00448,,1.0,,
WXW00449,,81.0,,
WXW00450,,104.0,,
WXW00451,,69.0,,
WXW00452,,6.0,,
WXW00453,,2.0,,
WXW00454,,43.0,,
WXW00455,,20.0,,
WXW00456,,26.0,,
WXW00457,,24.0,,
WXW00458,,76.0,,
WXW00459,,15.0,,
WXW00460,,8.0,,
WXW00461,,76.0,,
WXW00462,,3.0,,
WXW00463,,9.0,,
WXW00464,,92.0,,
WXW00465,,30.0,,
WXW00466,,4.0,,
WXW00467,,56.0,,
WXW00468,,50.0,,
WXW00469,,33.0,,
WXW00470,,50.0,,
WXW00471,,42.0,,
WXW00472,,3.0,,
WXW00473,,63.0,,
WXW00474,,127.0,,
WXW00475,,2.0,,
WXW00476,,5.0,,
WXW00477,,0.0,,
WXW00478,,189.0,,
WXW00479,,26.0,,
WXW00480,,95.0,,
WXW00481,,109.0,,
WXW00482,,4.0,,
WXW00483,,3.0,,
WXW00484,,35.0,,
WXW00485,,1.0,,
WXW00486,,16.0,,
WXW00487,,5.0,,
WXW00488,,1.0,,
WXW00489,,3.0,,
WXW00490,,65.0,,
WXW00491,,82.0,,
WXW00492,,24.0,,
WXW00493,,24.0,,
WXW00494,,171.0,,
WXW00495,,0.0,,
WXW00496,,28.0,,
WXW00497,,8.0,,
WXW00498,,191.0,,
WXW00499,,0.0,,
WXW00500,,65.0,,
WXW00501,,26.0,,
WXW00502,,7.0,,
WXW00503,,3.0,,
WXW00504,,50.0,,
WXW00505,,72.0,,
WXW00506,,1.0,,
WXW00507,,15.0,,
WXW00508,,16.0,,
WXW00509,,107.0,,
WXW00510,,72.0,,
WXW00511,,12.0,,
WXW00512,,61.0,,
WXW00513,,113.0,,
WXW00514,,28.0,,
WXW00515,,0.0,,
WXW00516,,130.0,,
WXW00517,,5.0,,
WXW00518,,33.0,,
WXW00519,,0.0,,
WXW00520,,4.0,,
WXW00521,,27.0,,
WXW00522,,11.0,,
WXW00523,,34.0,,
WXW00524,,0.0,,
WXW00525,,54.0,,
WXW00526,,25.0,,
WXW00527,,42.0,,
WXW00528,,3.0,,
WXW00529,,1.0,,
WXW00531,,17.0,,
WXW00532,,18.0,,
WXW00533,,30.0,,
WXW00534,,0.0,,
WXW00535,,3.0,,
WXW00536,,13.0,,
WXW00537,,52.0,,
WXW00538,,52.0,,
WXW00539,,9.0,,
WXW00540,,0.0,,
WXW00541,,8.0,,
WXW00542,,34.0,,
WXW00543,,15.0,,
WXW00544,,41.0,,
WXW00545,,129.0,,
WXW00546,,45.0,,
WXW00547,,32.0,,
WXW00548,,53.0,,
WXW00549,,39.0,,
WXW00550,,102.0,,
WXW00551,,26.0,,
WXW00552,,34.0,,
WXW00553,,12.0,,
WXW00554,,23.0,,
WXW00555,,2.0,,
WXW00556,,18.0,,
WXW00557,,0.0,,
WXW00558,,63.0,,
WXW00559,,29.0,,
WXW00561,,24.0,,
WXW00562,,189.0,,
WXW00563,,33.0,,
WXW00564,,10.0,,
WXW00565,,7.0,,
WXW00566,,34.0,,
WXW00567,,0.0,,
WXW00568,,136.0,,
WXW00569,,11.0,,
WXW00570,,26.0,,
WXW00571,,310.0,,
WXW00572,,22.0,,
WXW00573,,46.0,,
WXW00574,,2.0,,
WXW00575,,1.0,,
WXW00576,,17.0,,
WXW00577,,2.0,,
WXW00578,,50.0,,
WXW00579,,72.0,,
WXW00580,,62.0,,
WXW00581,,49.0,,
WXW00582,,167.0,,
WXW00583,,20.0,,
WXW00584,,127.0,,
WXW00585,,10.0,,
WXW00586,,20.0,,
WXW00587,,8.0,,
WXW00588,,9.0,,
WXW00589,,61.0,,
WXW00590,,38.0,,
WXW00591,,75.0,,
WXW00592,,54.0,,
WXW00593,,35.0,,
WXW00594,,97.0,,
WXW00595,,31.0,,
WXW00596,,55.0,,
WXW00597,,39.0,,
WXW00598,,29.0,,
WXW00599,,84.0,,
WXW00600,,4.0,,
WXW00601,,64.0,,
WXW00602,,37.0,,
WXW00603,,18.0,,
WXW00604,,0.0,,
WXW00605,,29.0,,
WXW00606,,75.0,,
WXW00607,,41.0,,
WXW00608,,41.0,,
WXW00609,,49.0,,
WXW00610,,66.0,,
WXW00611,,15.0,,
WXW00612,,1.0,,
WXW00613,,15.0,,
WXW00614,,3.0,,
WXW00615,,62.0,,
WXW00616,,46.0,,
WXW00617,,34.0,,
WXW00618,,5.0,,
WXW00619,,35.0,,
WXW00620,,36.0,,
WXW00621,,45.0,,
WXW00622,,29.0,,
WXW00623,,2.0,,
WXW00624,,48.0,,
WXW00625,,38.0,,
WXW00626,,10.0,,
WXW00627,,35.0,,
WXW00629,,0.0,,
WXW00630,,70.0,,
WXW00632,,10.0,,
WXW00633,,25.0,,
WXW00634,,4.0,,
WXW00635,,66.0,,
WXW00636,,116.0,,
WXW00637,,44.0,,
WXW00638,,66.0,,
WXW00639,,88.0,,
WXW00640,,24.0,,
WXW00641,,0.0,,
WXW00642,,0.0,,
WXW00643,,6.0,,
WXW00644,,5.0,,
WXW00645,,3.0,,
WXW00646,,8.0,,
WXW00647,,6.0,,
WXW00648,,58.0,,
WXW00649,,12.0,,
WXW00650,,27.0,,
WXW00651,,40.0,,
WXW00652,,0.0,,
WXW00653,,37.0,,
WXW00654,,69.0,,
WXW00655,,33.0,,
WXW00656,,45.0,,
WXW00657,,55.0,,
WXW00658,,2.0,,
WXW00659,,45.0,,
WXW00660,,30.0,,
WXW00661,,10.0,,
WXW00662,,17.0,,
WXW00663,,82.0,,
WXW00664,,2.0,,
WXW00665,,27.0,,
WXW00666,,33.0,,
WXW00667,,16.0,,
WXW00668,,28.0,,
WXW00669,,0.0,,
WXW00670,,0.0,,
WXW00671,,0.0,,
WXW00672,,18.0,,
WXW00673,,2.0,,
WXW00674,,106.0,,
WXW00675,,36.0,,
WXW00676,,0.0,,
WXW00677,,80.0,,
WXW00678,,57.0,,
WXW00679,,99.0,,
WXW00680,,5.0,,
WXW00681,,6.0,,
WXW00682,,22.0,,
WXW00683,,27.0,,
WXW00684,,0.0,,
WXW00685,,2.0,,
WXW00686,,64.0,,
WXW00687,,4.0,,
WXW00688,,0.0,,
WXW00689,,16.0,,
WXW00690,,134.0,,
WXW00691,,32.0,,
WXW00692,,25.0,,
WXW00693,,0.0,,
WXW00694,,88.0,,
WXW00695,,223.0,,
WXW00696,,17.0,,
WXW00697,,95.0,,
WXW00698,,2.0,,
WXW00699,,26.0,,
WXW00700,,13.0,,
WXW00701,,8.0,,
WXW00702,,9.0,,
WXW00703,,1.0,,
WXW00704,,68.0,,
WXW00705,,85.0,,
WXW00706,,8.0,,
WXW00707,,83.0,,
WXW00708,,52.0,,
WXW00709,,4.0,,
WXW00710,,2.0,,
WXW00711,,35.0,,
WXW00712,,63.0,,
WXW00713,,95.0,,
WXW00714,,35.0,,
WXW00715,,57.0,,
WXW00716,,56.0,,
WXW00717,,8.0,,
WXW00718,,5.0,,
WXW00719,,4.0,,
WXW00720,,43.0,,
WXW00721,,47.0,,
WXW00722,,20.0,,
WXW00723,,43.0,,
WXW00724,,0.0,,
WXW00725,,45.0,,
WXW00726,,26.0,,
WXW00727,,2.0,,
WXW00728,,30.0,,
WXW00729,,61.0,,
WXW00730,,41.0,,
WXW00731,,2.0,,
WXW00732,,7.0,,
WXW00733,,52.0,,
WXW00734,,10.0,,
WXW00735,,59.0,,
WXW00736,,2.0,,
WXW00737,,64.0,,
WXW00738,,35.0,,
WXW00739,,23.0,,
WXW00740,,4.0,,
WXW00741,,0.0,,
WXW00742,,97.0,,
WXW00743,,53.0,,
WXW00744,,45.0,,
WXW00745,,24.0,,
WXW00746,,30.0,,
WXW00747,,29.0,,
WXW00748,,0.0,,
WXW00749,,19.0,,
WXW00750,,150.0,,
WXW00751,,31.0,,
WXW00752,,20.0,,
WXW00753,,68.0,,
WXW00754,,49.0,,
WXW00755,,31.0,,
WXW00756,,42.0,,
WXW00757,,1.0,,
WXW00758,,64.0,,
WXW00759,,32.0,,
WXW00760,,0.0,,
WXW00761,,15.0,,
WXW00762,,0.0,,
WXW00763,,18.0,,
WXW00764,,22.0,,
WXW00765,,23.0,,
WXW00766,,118.0,,
WXW00767,,38.0,,
WXW00768,,31.0,,
WXW00769,,2.0,,
WXW00770,,21.0,,
WXW00771,,0.0,,
WXW00772,,42.0,,
WXW00773,,27.0,,
WXW00774,,90.0,,
WXW00777,,56.0,,
WXW00778,,18.0,,
WXW00779,,24.0,,
WXW00780,,0.0,,
WXW00781,,0.0,,
WXW00782,,37.0,,
WXW00783,,79.0,,
WXW00784,,11.0,,
WXW00785,,47.0,,
WXW00786,,91.0,,
WXW00787,,0.0,,
WXW00788,,16.0,,
WXW00789,,11.0,,
WXW00790,,3.0,,
WXW00791,,2.0,,
WXW00792,,4.0,,
WXW00793,,10.0,,
WXW00794,,0.0,,
WXW00795,,54.0,,
WXW00796,,9.0,,
WXW00797,,0.0,,
WXW00798,,107.0,,
WXW00799,,49.0,,
WXW00800,,110.0,,
WXW00801,,18.0,,
WXW00802,,3.0,,
WXW00803,,24.0,,
WXW00804,,31.0,,
WXW00805,,5.0,,
WXW00806,,53.0,,
WXW00807,,80.0,,
WXW00808,,5.0,,
WXW00809,,23.0,,
WXW00810,,88.0,,
WXW00811,,36.0,,
WXW00812,,76.0,,
WXW00813,,48.0,,
WXW00814,,1.0,,
WXW00815,,0.0,,
WXW00816,,81.0,,
WXW00817,,2.0,,
WXW00818,,23.0,,
WXW00819,,52.0,,
WXW00820,,1.0,,
WXW00821,,0.0,,
WXW00822,,10.0,,
WXW00823,,5.0,,
WXW00824,,25.0,,
WXW00825,,0.0,,
WXW00826,,62.0,,
WXW00827,,57.0,,
WXW00828,,21.0,,
WXW00829,,9.0,,
WXW00830,,26.0,,
WXW00831,,68.0,,
WXW00832,,17.0,,
WXW00833,,0.0,,
WXW00834,,52.0,,
WXW00835,,16.0,,
WXW00836,,5.0,,
WXW00837,,18.0,,
WXW00838,,34.0,,
WXW00839,,5.0,,
WXW00840,,18.0,,
WXW00841,,36.0,,
WXW00842,,1.0,,
WXW00843,,20.0,,
WXW00844,,0.0,,
WXW00845,,0.0,,
WXW00846,,32.0,,
WXW00847,,13.0,,
WXW00848,,99.0,,
WXW00849,,14.0,,
WXW00850,,29.0,,
WXW00851,,29.0,,
WXW00852,,0.0,,
WXW00853,,5.0,,
WXW00854,,4.0,,
WXW00855,,0.0,,
WXW00856,,96.0,,
WXW00857,,62.0,,
WXW00858,,26.0,,
WXW00859,,62.0,,
WXW00860,,23.0,,
WXW00861,,56.0,,
WXW00862,,45.0,,
WXW00863,,0.0,,
WXW00864,,69.0,,
WXW00865,,7.0,,
WXW00866,,0.0,,
WXW00867,,0.0,,
WXW00868,,21.0,,
WXW00869,,6.0,,
WXW00870,,1.0,,
WXW00871,,18.0,,
WXW00872,,29.0,,
WXW00873,,0.0,,
WXW00874,,1.0,,
WXW00875,,158.0,,
WXW00876,,23.0,,
WXW00877,,3.0,,
WXW00878,,2.0,,
WXW00879,,85.0,,
WXW00880,,19.0,,
WXW00881,,64.0,,
WXW00882,,25.0,,
WXW00883,,0.0,,
WXW00884,,54.0,,
WXW00885,,114.0,,
WXW00886,,10.0,,
WXW00887,,0.0,,
WXW00888,,47.0,,
WXW00889,,14.0,,
WXW00890,,16.0,,
WXW00891,,38.0,,
WXW00892,,59.0,,
WXW00893,,0.0,,
WXW00894,,96.0,,
WXW00895,,118.0,,
WXW00896,,2.0,,
WXW00897,,137.0,,
WXW00898,,100.0,,
WXW00899,,4.0,,
WXW00900,,69.0,,
WXW00901,,0.0,,
WXW00902,,1.0,,
WXW00903,,39.0,,
WXW00904,,12.0,,
WXW00905,,26.0,,
WXW00906,,44.0,,
WXW00907,,11.0,,
WXW00908,,49.0,,
WXW00909,,51.0,,
WXW00910,,0.0,,
WXW00911,,6.0,,
WXW00912,,11.0,,
WXW00913,,85.0,,
WXW00914,,16.0,,
WXW00915,,53.0,,
WXW00916,,48.0,,
WXW00917,,18.0,,
WXW00918,,91.0,,
WXW00919,,0.0,,
WXW00920,,12.0,,
WXW00921,,0.0,,
WXW00922,,59.0,,
WXW00923,,50.0,,
WXW00924,,87.0,,
WXW00925,,46.0,,
WXW00926,,8.0,,
WXW00927,,40.0,,
WXW00928,,8.0,,
WXW00929,,81.0,,
WXW00930,,0.0,,
WXW00931,,6.0,,
WXW00932,,44.0,,
WXW00933,,2.0,,
WXW00934,,5.0,,
WXW00935,,5.0,,
WXW00936,,82.0,,
WXW00937,,56.0,,
WXW00938,,46.0,,
WXW00939,,108.0,,
WXW00940,,36.0,,
WXW00941,,17.0,,
WXW00942,,12.0,,
WXW00943,,0.0,,
WXW00944,,1.0,,
WXW00945,,31.0,,
WXW00946,,31.0,,
WXW00947,,21.0,,
WXW00948,,27.0,,
WXW00949,,123.0,,
WXW00950,,35.0,,
WXW00951,,1.0,,
WXW00952,,57.0,,
WXW00953,,0.0,,
WXW00954,,47.0,,
WXW00955,,5.0,,
WXW00956,,7.0,,
WXW00957,,1.0,,
WXW00958,,3.0,,
WXW00959,,41.0,,
WXW00960,,51.0,,
WXW00961,,27.0,,
WXW00962,,26.0,,
WXW00963,,2.0,,
WXW00964,,81.0,,
WXW00965,,18.0,,
WXW00966,,3.0,,
WXW00967,,1.0,,
WXW00968,,18.0,,
WXW00969,,82.0,,
WXW00970,,35.0,,
WXW00971,,41.0,,
WXW00972,,16.0,,
WXW00973,,11.0,,
WXW00974,,24.0,,
WXW00975,,33.0,,
WXW00976,,19.0,,
WXW00977,,0.0,,
WXW00978,,65.0,,
WXW00979,,67.0,,
WXW00980,,79.0,,
WXW00981,,4.0,,
WXW00982,,42.0,,
WXW00983,,98.0,,
WXW00984,,44.0,,
WXW00985,,44.0,,
WXW00986,,25.0,,
WXW00987,,119.0,,
WXW00988,,15.0,,
WXW00989,,28.0,,
WXW00990,,0.0,,
WXW00991,,42.0,,
WXW00992,,101.0,,
WXW00993,,235.0,,
WXW00994,,30.0,,
WXW00995,,0.0,,
WXW00996,,24.0,,
WXW00997,,2.0,,
WXW00998,,34.0,,
WXW00999,,16.0,,
WXW01000,,2.0,,
WXW01001,,10.0,,
WXW01002,,31.0,,
WXW01003,,55.0,,
WXW01004,,0.0,,
WXW01005,,28.0,,
WXW01006,,35.0,,
WXW01007,,113.0,,
WXW01008,,53.0,,
WXW01009,,2.0,,
WXW01010,,49.0,,
WXW01011,,0.0,,
WXW01012,,12.0,,
WXW01013,,41.0,,
WXW01014,,39.0,,
WXW01015,,61.0,,
WXW01016,,76.0,,
WXW01017,,44.0,,
WXW01018,,0.0,,
WXW01019,,69.0,,
WXW01020,,31.0,,
WXW01021,,3.0,,
WXW01022,,22.0,,
WXW01023,,0.0,,
WXW01024,,192.0,,
WXW01025,,156.0,,
WXW01026,,14.0,,
WXW01027,,7.0,,
WXW01028,,8.0,,
WXW01029,,7.0,,
WXW01030,,32.0,,
WXW01031,,0.0,,
WXW01032,,0.0,,
WXW01033,,0.0,,
WXW01034,,1.0,,
WXW01035,,32.0,,
WXW01036,,39.0,,
WXW01037,,12.0,,
WXW01038,,0.0,,
WXW01039,,4.0,,
WXW01040,,1.0,,
WXW01041,,42.0,,
WXW01042,,65.0,,
WXW01043,,12.0,,
WXW01044,,4.0,,
WXW01045,,43.0,,
WXW01046,,60.0,,
WXW01047,,4.0,,
WXW01048,,80.0,,
WXW01049,,52.0,,
WXW01050,,41.0,,
WXW01051,,5.0,,
WXW01052,,49.0,,
WXW01053,,30.0,,
WXW01054,,2.0,,
WXW01055,,4.0,,
WXW01056,,2.0,,
WXW01058,,32.0,,
WXW01059,,53.0,,
WXW01060,,29.0,,
WXW01061,,45.0,,
WXW01062,,21.0,,
WXW01063,,10.0,,
WXW01064,,27.0,,
WXW01065,,8.0,,
WXW01066,,49.0,,
WXW01067,,34.0,,
WXW01068,,11.0,,
WXW01069,,68.0,,
WXW01070,,5.0,,
WXW01071,,62.0,,
WXW01072,,5.0,,
WXW01073,,39.0,,
WXW01074,,4.0,,
WXW01075,,0.0,,
WXW01076,,1.0,,
WXW01077,,16.0,,
WXW01078,,72.0,,
WXW01079,,3.0,,
WXW01080,,48.0,,
WXW01081,,5.0,,
WXW01082,,14.0,,
WXW01083,,35.0,,
WXW01084,,39.0,,
WXW01085,,37.0,,
WXW01086,,16.0,,
WXW01087,,116.0,,
WXW01088,,56.0,,
WXW01089,,1.0,,
WXW01090,,134.0,,
WXW01091,,6.0,,
WXW01092,,5.0,,
WXW01093,,56.0,,
WXW01094,,15.0,,
WXW01095,,1.0,,
WXW01096,,1.0,,
WXW01097,,31.0,,
WXW01098,,0.0,,
WXW01099,,31.0,,
WXW01100,,159.0,,
WXW01101,,3.0,,
WXW01102,,71.0,,
WXW01103,,30.0,,
WXW01104,,34.0,,
WXW01105,,50.0,,
WXW01106,,15.0,,
WXW01107,,47.0,,
WXW01108,,62.0,,
WXW01109,,23.0,,
WXW01110,,67.0,,
WXW01111,,49.0,,
WXW01112,,137.0,,
WXW01113,,0.0,,
WXW01115,,0.0,,
WXW01116,,24.0,,
WXW01117,,19.0,,
WXW01118,,19.0,,
WXW01119,,48.0,,
WXW01120,,34.0,,
WXW01121,,31.0,,
WXW01122,,103.0,,
WXW01123,,12.0,,
WXW01124,,36.0,,
WXW01125,,154.0,,
WXW01126,,58.0,,
WXW01127,,82.0,,
WXW01128,,24.0,,
WXW01129,,0.0,,
WXW01130,,39.0,,
WXW01131,,7.0,,
WXW01132,,8.0,,
WXW01133,,69.0,,
WXW01134,,20.0,,
WXW01135,,0.0,,
WXW01136,,70.0,,
WXW01137,,48.0,,
WXW01138,,89.0,,
WXW01139,,56.0,,
WXW01141,,52.0,,
WXW01142,,105.0,,
WXW01143,,67.0,,
WXW01144,,17.0,,
WXW01145,,116.0,,
WXW01146,,0.0,,
WXW01147,,0.0,,
WXW01148,,62.0,,
WXW01149,,58.0,,
WXW01150,,48.0,,
WXW01151,,62.0,,
WXW01152,,1.0,,
WXW01153,,2.0,,
WXW01154,,28.0,,
WXW01155,,31.0,,
WXW01156,,81.0,,
WXW01157,,38.0,,
WXW01158,,13.0,,
WXW01159,,3.0,,
WXW01160,,33.0,,
WXW01161,,21.0,,
WXW01162,,3.0,,
WXW01163,,108.0,,
WXW01164,,1.0,,
WXW01165,,5.0,,
WXW01166,,20.0,,
WXW01167,,7.0,,
WXW01168,,13.0,,
WXW01169,,41.0,,
WXW01170,,57.0,,
WXW01171,,15.0,,
WXW01172,,49.0,,
WXW01173,,0.0,,
WXW01174,,11.0,,
WXW01175,,0.0,,
WXW01176,,16.0,,
WXW01177,,1.0,,
WXW01178,,13.0,,
WXW01179,,3.0,,
WXW01180,,17.0,,
WXW01181,,0.0,,
WXW01182,,16.0,,
WXW01183,,29.0,,
WXW01184,,0.0,,
WXW01185,,6.0,,
WXW01186,,0.0,,
WXW01187,,27.0,,
WXW01188,,0.0,,
WXW01189,,5.0,,
WXW01190,,26.0,,
WXW01191,,1.0,,
WXW01192,,33.0,,
WXW01193,,21.0,,
WXW01194,,79.0,,
WXW01195,,43.0,,
WXW01196,,43.0,,
WXW01197,,20.0,,
WXW01198,,1.0,,
WXW01199,,7.0,,
WXW01200,,4.0,,
WXW01201,,66.0,,
WXW01202,,14.0,,
WXW01203,,56.0,,
WXW01204,,43.0,,
WXW01205,,0.0,,
WXW01206,,55.0,,
WXW01207,,16.0,,
WXW01208,,46.0,,
WXW01209,,8.0,,
WXW01210,,7.0,,
WXW01211,,46.0,,
WXW01212,,57.0,,
WXW01213,,13.0,,
WXW01214,,5.0,,
WXW01215,,122.0,,
WXW01216,,0.0,,
WXW01217,,48.0,,
WXW01218,,64.0,,
WXW01219,,13.0,,
WXW01220,,18.0,,
WXW01221,,2.0,,
WXW01222,,41.0,,
WXW01223,,0.0,,
WXW01224,,23.0,,
WXW01225,,4.0,,
WXW01226,,0.0,,
WXW01227,,0.0,,
WXW01228,,76.0,,
WXW01229,,28.0,,
WXW01230,,0.0,,
WXW01231,,49.0,,
WXW01232,,18.0,,
WXW01233,,31.0,,
WXW01234,,8.0,,
WXW01235,,72.0,,
WXW01236,,3.0,,
WXW01237,,24.0,,
WXW01238,,24.0,,
WXW01239,,38.0,,
WXW01240,,0.0,,
WXW01241,,11.0,,
WXW01242,,2.0,,
WXW01243,,62.0,,
WXW01244,,89.0,,
WXW01245,,45.0,,
WXW01246,,15.0,,
WXW01247,,3.0,,
WXW01248,,3.0,,
WXW01249,,1.0,,
WXW01250,,29.0,,
WXW01251,,43.0,,
WXW01252,,100.0,,
WXW01253,,56.0,,
WXW01254,,5.0,,
WXW01255,,22.0,,
WXW01256,,55.0,,
WXW01257,,44.0,,
WXW01258,,15.0,,
WXW01259,,25.0,,
WXW01260,,79.0,,
WXW01261,,1.0,,
WXW01262,,0.0,,
WXW01263,,7.0,,
WXW01264,,72.0,,
WXW01265,,62.0,,
WXW01266,,2.0,,
WXW01267,,45.0,,
WXW01268,,13.0,,
WXW01269,,101.0,,
WXW01270,,21.0,,
WXW01271,,0.0,,
WXW01272,,37.0,,
WXW01273,,62.0,,
WXW01274,,132.0,,
WXW01275,,10.0,,
WXW01276,,24.0,,
WXW01277,,34.0,,
WXW01278,,2.0,,
WXW01279,,12.0,,
WXW01280,,0.0,,
WXW01281,,49.0,,
WXW01282,,148.0,,
WXW01283,,38.0,,
WXW01284,,27.0,,
WXW01285,,42.0,,
WXW01286,,4.0,,
WXW01287,,1.0,,
WXW01288,,46.0,,
WXW01289,,40.0,,
WXW01290,,57.0,,
WXW01291,,10.0,,
WXW01292,,4.0,,
WXW01293,,31.0,,
WXW01294,,68.0,,
WXW01295,,101.0,,
WXW01296,,6.0,,
WXW01297,,40.0,,
WXW01299,,2.0,,
WXW01300,,51.0,,
WXW01301,,103.0,,
WXW01303,,5.0,,
WXW01304,,5.0,,
WXW01305,,1.0,,
WXW01306,,4.0,,
WXW01307,,10.0,,
WXW01308,,2.0,,
WXW01309,,2.0,,
WXW01310,,0.0,,
WXW01311,,0.0,,
YWS00001,,3.0,,
YWS00002,21.0,13.0,-8.0,-38.1
YWS00003,0.0,0.0,0.0,
YWS00004,1.0,10.0,9.0,900.0
YWS00005,82.0,74.0,-8.0,-9.76
YWS00006,18.0,18.0,0.0,0.0
YWS00007,2.0,2.0,0.0,0.0
YWS00008,52.0,46.0,-6.0,-11.54
YWS00009,73.0,63.0,-10.0,-13.7
YWS00011,145.0,133.0,-12.0,-8.28
YWS00012,1.0,1.0,0.0,0.0
YWS00013,24.0,17.0,-7.0,-29.17
YWS00014,34.0,47.0,13.0,38.24
YWS00015,47.0,86.0,39.0,82.98
YWS00016,4.0,0.0,-4.0,-100.0
YWS00017,0.0,0.0,0.0,
YWS00018,158.0,50.0,-108.0,-68.35
YWS00019,9.0,3.0,-6.0,-66.67
YWS00020,33.0,30.0,-3.0,-9.09
YWS00021,3.0,7.0,4.0,133.33
YWS00022,1.0,1.0,0.0,0.0
YWS00023,42.0,17.0,-25.0,-59.52
YWS00024,14.0,11.0,-3.0,-21.43
YWS00025,32.0,31.0,-1.0,-3.12
YWS00026,29.0,24.0,-5.0,-17.24
YWS00028,0.0,18.0,18.0,
YWS00029,20.0,80.0,60.0,300.0
YWS00030,31.0,30.0,-1.0,-3.23
YWS00031,16.0,7.0,-9.0,-56.25
YWS00032,39.0,13.0,-26.0,-66.67
YWS00033,0.0,1.0,1.0,
YWS00034,178.0,120.0,-58.0,-32.58
YWS00035,0.0,5.0,5.0,
YWS00036,70.0,81.0,11.0,15.71
YWS00037,110.0,129.0,19.0,17.27
YWS00038,9.0,6.0,-3.0,-33.33
YWS00039,64.0,47.0,-17.0,-26.56
YWS00041,51.0,48.0,-3.0,-5.88
YWS00042,27.0,15.0,-12.0,-44.44
YWS00043,41.0,44.0,3.0,7.32
YWS00044,0.0,8.0,8.0,
YWS00045,33.0,36.0,3.0,9.09
YWS00046,79.0,59.0,-20.0,-25.32
YWS00047,91.0,53.0,-38.0,-41.76
YWS00049,0.0,2.0,2.0,
YWS00050,30.0,14.0,-16.0,-53.33
YWS00051,89.0,53.0,-36.0,-40.45
YWS00052,0.0,51.0,51.0,
YWS00053,21.0,16.0,-5.0,-23.81
YWS00054,0.0,2.0,2.0,
YWS00055,0.0,58.0,58.0,
YWS00056,42.0,32.0,-10.0,-23.81
YWS00057,41.0,33.0,-8.0,-19.51
YWS00058,45.0,64.0,19.0,42.22
YWS00059,32.0,29.0,-3.0,-9.38
YWS00060,48.0,55.0,7.0,14.58
YWS00061,79.0,43.0,-36.0,-45.57
YWS00062,121.0,91.0,-30.0,-24.79
YWS00063,52.0,51.0,-1.0,-1.92
YWS00064,93.0,68.0,-25.0,-26.88
YWS00065,34.0,31.0,-3.0,-8.82
YWS00067,37.0,30.0,-7.0,-18.92
YWS00068,12.0,14.0,2.0,16.67
YWS00069,21.0,37.0,16.0,76.19
YWS00070,4.0,4.0,0.0,0.0
YWS00071,2.0,2.0,0.0,0.0
YWS00072,21.0,16.0,-5.0,-23.81
YWS00073,0.0,82.0,82.0,
YWS00074,21.0,11.0,-10.0,-47.62
YWS00075,83.0,52.0,-31.0,-37.35
YWS00076,90.0,53.0,-37.0,-41.11
YWS00077,82.0,61.0,-21.0,-25.61
YWS00078,38.0,42.0,4.0,10.53
YWS00079,3.0,60.0,57.0,1900.0
YWS00080,0.0,10.0,10.0,
YWS00081,42.0,72.0,30.0,71.43
YWS00082,98.0,66.0,-32.0,-32.65
YWS00083,7.0,14.0,7.0,100.0
YWS00084,176.0,160.0,-16.0,-9.09
YWS00085,167.0,126.0,-41.0,-24.55
YWS00086,101.0,77.0,-24.0,-23.76
YWS00087,60.0,37.0,-23.0,-38.33
YWS00088,169.0,119.0,-50.0,-29.59
YWS00089,0.0,1.0,1.0,
YWS00090,54.0,27.0,-27.0,-50.0
YWS00091,75.0,86.0,11.0,14.67
YWS00092,26.0,16.0,-10.0,-38.46
YWS00093,25.0,16.0,-9.0,-36.0
YWS00094,13.0,13.0,0.0,0.0
YWS00095,95.0,55.0,-40.0,-42.11
YWS00096,59.0,49.0,-10.0,-16.95
YWS00097,4.0,36.0,32.0,800.0
YWS00098,38.0,44.0,6.0,15.79
YWS00099,31.0,25.0,-6.0,-19.35
YWS00100,65.0,46.0,-19.0,-29.23
YWS00101,5.0,8.0,3.0,60.0
YWS00102,114.0,75.0,-39.0,-34.21
YWS00103,79.0,62.0,-17.0,-21.52
YWS00104,7.0,5.0,-2.0,-28.57
YWS00105,18.0,13.0,-5.0,-27.78
YWS00106,21.0,19.0,-2.0,-9.52
YWS00107,22.0,19.0,-3.0,-13.64
YWS00108,152.0,99.0,-53.0,-34.87
YWS00109,80.0,68.0,-12.0,-15.0
YWS00110,89.0,33.0,-56.0,-62.92
YWS00111,54.0,37.0,-17.0,-31.48
YWS00113,0.0,0.0,0.0,
YWS00114,85.0,82.0,-3.0,-3.53
YWS00115,46.0,38.0,-8.0,-17.39
YWS00116,98.0,70.0,-28.0,-28.57
YWS00117,35.0,25.0,-10.0,-28.57
YWS00118,52.0,65.0,13.0,25.0
YWS00119,83.0,48.0,-35.0,-42.17
YWS00120,6.0,9.0,3.0,50.0
YWS00121,14.0,9.0,-5.0,-35.71
YWS00122,1.0,0.0,-1.0,-100.0
YWS00123,134.0,146.0,12.0,8.96
YWS00124,,31.0,,
YWS00125,112.0,77.0,-35.0,-31.25
YWS00126,11.0,9.0,-2.0,-18.18
YWS00127,22.0,31.0,9.0,40.91
YWS00128,13.0,7.0,-6.0,-46.15
YWS00129,19.0,10.0,-9.0,-47.37
YWS00130,35.0,15.0,-20.0,-57.14
YWS00131,6.0,6.0,0.0,0.0
YWS00132,6.0,8.0,2.0,33.33
YWS00133,2.0,1.0,-1.0,-50.0
YWS00134,25.0,20.0,-5.0,-20.0
YWS00135,12.0,53.0,41.0,341.67
YWS00137,1.0,9.0,8.0,800.0
YWS00138,70.0,45.0,-25.0,-35.71
YWS00139,0.0,1.0,1.0,
YWS00140,131.0,124.0,-7.0,-5.34
YWS00141,21.0,71.0,50.0,238.1
YWS00144,94.0,66.0,-28.0,-29.79
YWS00145,100.0,23.0,-77.0,-77.0
YWS00146,58.0,35.0,-23.0,-39.66
YWS00147,100.0,77.0,-23.0,-23.0
YWS00148,25.0,27.0,2.0,8.0
YWS00149,25.0,13.0,-12.0,-48.0
YWS00150,10.0,17.0,7.0,70.0
YWS00151,35.0,37.0,2.0,5.71
YWS00152,0.0,1.0,1.0,
YWS00153,183.0,177.0,-6.0,-3.28
YWS00154,1.0,3.0,2.0,200.0
YWS00155,1.0,22.0,21.0,2100.0
YWS00156,20.0,17.0,-3.0,-15.0
YWS00157,9.0,18.0,9.0,100.0
YWS00158,140.0,115.0,-25.0,-17.86
YWS00159,16.0,15.0,-1.0,-6.25
YWS00160,123.0,127.0,4.0,3.25
YWS00162,16.0,18.0,2.0,12.5
YWS00163,0.0,4.0,4.0,
YWS00164,41.0,51.0,10.0,24.39
YWS00165,0.0,,,
YWS00166,1.0,3.0,2.0,200.0
YWS00167,13.0,4.0,-9.0,-69.23
YWS00168,54.0,30.0,-24.0,-44.44
YWS00170,54.0,44.0,-10.0,-18.52
YWS00171,107.0,87.0,-20.0,-18.69
YWS00172,0.0,0.0,0.0,
YWS00173,140.0,158.0,18.0,12.86
YWS00174,67.0,63.0,-4.0,-5.97
YWS00175,82.0,74.0,-8.0,-9.76
YWS00176,49.0,38.0,-11.0,-22.45
YWS00177,49.0,35.0,-14.0,-28.57
YWS00178,53.0,44.0,-9.0,-16.98
YWS00179,3.0,0.0,-3.0,-100.0
YWS00180,63.0,55.0,-8.0,-12.7
YWS00181,13.0,10.0,-3.0,-23.08
YWS00182,,0.0,,
YWS00183,45.0,28.0,-17.0,-37.78
YWS00184,23.0,17.0,-6.0,-26.09
YWS00185,67.0,36.0,-31.0,-46.27
YWS00186,29.0,20.0,-9.0,-31.03
YWS00187,81.0,77.0,-4.0,-4.94
YWS00188,4.0,15.0,11.0,275.0
YWS00189,14.0,47.0,33.0,235.71
YWS00190,29.0,50.0,21.0,72.41
YWS00191,9.0,5.0,-4.0,-44.44
YWS00192,113.0,85.0,-28.0,-24.78
YWS00193,0.0,0.0,0.0,
YWS00194,75.0,103.0,28.0,37.33
YWS00195,102.0,46.0,-56.0,-54.9
YWS00197,35.0,37.0,2.0,5.71
YWS00198,53.0,156.0,103.0,194.34
YWS00199,152.0,100.0,-52.0,-34.21
YWS00200,31.0,54.0,23.0,74.19
YWS00201,32.0,29.0,-3.0,-9.38
YWS00202,10.0,10.0,0.0,0.0
YWS00203,63.0,64.0,1.0,1.59
YWS00204,2.0,9.0,7.0,350.0
YWS00205,67.0,50.0,-17.0,-25.37
YWS00206,32.0,21.0,-11.0,-34.38
YWS00207,48.0,54.0,6.0,12.5
YWS00208,70.0,31.0,-39.0,-55.71
YWS00209,69.0,33.0,-36.0,-52.17
YWS00210,14.0,15.0,1.0,7.14
YWS00211,112.0,65.0,-47.0,-41.96
YWS00212,73.0,30.0,-43.0,-58.9
YWS00213,54.0,38.0,-16.0,-29.63
YWS00214,194.0,164.0,-30.0,-15.46
YWS00215,26.0,20.0,-6.0,-23.08
YWS00216,18.0,16.0,-2.0,-11.11
YWS00218,2.0,0.0,-2.0,-100.0
YWS00219,4.0,11.0,7.0,175.0
YWS00220,56.0,60.0,4.0,7.14
YWS00221,26.0,28.0,2.0,7.69
YWS00222,26.0,32.0,6.0,23.08
YWS00223,107.0,95.0,-12.0,-11.21
YWS00224,51.0,20.0,-31.0,-60.78
YWS00225,129.0,132.0,3.0,2.33
YWS00226,0.0,7.0,7.0,
YWS00227,131.0,105.0,-26.0,-19.85
YWS00228,122.0,74.0,-48.0,-39.34
YWS00229,68.0,56.0,-12.0,-17.65
YWS00230,0.0,0.0,0.0,
YWS00231,15.0,20.0,5.0,33.33
YWS00232,63.0,42.0,-21.0,-33.33
YWS00233,0.0,4.0,4.0,
YWS00234,54.0,67.0,13.0,24.07
YWS00235,37.0,32.0,-5.0,-13.51
YWS00236,5.0,7.0,2.0,40.0
YWS00237,66.0,71.0,5.0,7.58
YWS00238,76.0,56.0,-20.0,-26.32
YWS00239,0.0,29.0,29.0,
YWS00240,1.0,0.0,-1.0,-100.0
YWS00241,10.0,18.0,8.0,80.0
YWS00242,4.0,6.0,2.0,50.0
YWS00243,1.0,0.0,-1.0,-100.0
YWS00244,34.0,51.0,17.0,50.0
YWS00245,41.0,32.0,-9.0,-21.95
YWS00246,105.0,153.0,48.0,45.71
YWS00247,2.0,11.0,9.0,450.0
YWS00248,24.0,19.0,-5.0,-20.83
YWS00249,131.0,146.0,15.0,11.45
YWS00250,40.0,86.0,46.0,115.0
YWS00251,3.0,7.0,4.0,133.33
YWS00252,5.0,8.0,3.0,60.0
YWS00253,1.0,6.0,5.0,500.0
YWS00254,1.0,1.0,0.0,0.0
YWS00255,9.0,11.0,2.0,22.22
YWS00256,26.0,21.0,-5.0,-19.23
YWS00257,12.0,20.0,8.0,66.67
YWS00258,80.0,40.0,-40.0,-50.0
YWS00259,114.0,86.0,-28.0,-24.56
YWS00260,2.0,31.0,29.0,1450.0
YWS00261,15.0,17.0,2.0,13.33
YWS00262,1.0,1.0,0.0,0.0
YWS00263,2.0,3.0,1.0,50.0
YWS00264,0.0,,,
YWS00265,5.0,13.0,8.0,160.0
YWS00266,38.0,24.0,-14.0,-36.84
YWS00267,2.0,6.0,4.0,200.0
YWS00268,49.0,41.0,-8.0,-16.33
YWS00269,61.0,43.0,-18.0,-29.51
YWS00270,3.0,15.0,12.0,400.0
YWS00271,6.0,20.0,14.0,233.33
YWS00272,12.0,11.0,-1.0,-8.33
YWS00273,24.0,23.0,-1.0,-4.17
YWS00274,55.0,43.0,-12.0,-21.82
YWS00275,12.0,17.0,5.0,41.67
YWS00276,10.0,10.0,0.0,0.0
YWS00277,15.0,13.0,-2.0,-13.33
YWS00278,0.0,0.0,0.0,
YWS00279,24.0,26.0,2.0,8.33
YWS00280,78.0,54.0,-24.0,-30.77
YWS00281,74.0,58.0,-16.0,-21.62
YWS00282,7.0,46.0,39.0,557.14
YWS00283,75.0,74.0,-1.0,-1.33
YWS00284,142.0,146.0,4.0,2.82
YWS00285,110.0,106.0,-4.0,-3.64
YWS00286,20.0,24.0,4.0,20.0
YWS00287,44.0,67.0,23.0,52.27
YWS00288,17.0,36.0,19.0,111.76
YWS00289,64.0,39.0,-25.0,-39.06
YWS00290,7.0,5.0,-2.0,-28.57
YWS00291,143.0,229.0,86.0,60.14
YWS00292,101.0,138.0,37.0,36.63
YWS00293,11.0,46.0,35.0,318.18
YWS00294,60.0,58.0,-2.0,-3.33
YWS00295,36.0,34.0,-2.0,-5.56
YWS00296,31.0,30.0,-1.0,-3.23
YWS00297,4.0,4.0,0.0,0.0
YWS00298,11.0,8.0,-3.0,-27.27
YWS00299,45.0,47.0,2.0,4.44
YWS00300,104.0,105.0,1.0,0.96
YWS00302,0.0,17.0,17.0,
YWS00303,0.0,12.0,12.0,
YWS00304,143.0,130.0,-13.0,-9.09
YWS00305,21.0,13.0,-8.0,-38.1
YWS00306,42.0,35.0,-7.0,-16.67
YWS00307,36.0,31.0,-5.0,-13.89
YWS00308,49.0,55.0,6.0,12.24
YWS00309,34.0,42.0,8.0,23.53
YWS00310,67.0,31.0,-36.0,-53.73
YWS00311,65.0,77.0,12.0,18.46
YWS00312,0.0,0.0,0.0,
YWS00313,16.0,16.0,0.0,0.0
YWS00314,3.0,7.0,4.0,133.33
YWS00315,1.0,9.0,8.0,800.0
YWS00316,0.0,1.0,1.0,
YWS00317,1.0,19.0,18.0,1800.0
YWS00318,110.0,139.0,29.0,26.36
YWS00319,0.0,30.0,30.0,
YWS00320,0.0,,,
YWS00321,0.0,0.0,0.0,
YWS00322,0.0,0.0,0.0,
YWS00323,13.0,24.0,11.0,84.62
YWS00324,92.0,104.0,12.0,13.04
YWS00325,28.0,30.0,2.0,7.14
YWS00326,47.0,32.0,-15.0,-31.91
YWS00327,71.0,58.0,-13.0,-18.31
YWS00328,105.0,,,
YWS00329,175.0,113.0,-62.0,-35.43
YWS00330,23.0,17.0,-6.0,-26.09
YWS00331,0.0,1.0,1.0,
YWS00332,25.0,23.0,-2.0,-8.0
YWS00333,51.0,57.0,6.0,11.76
YWS00334,11.0,11.0,0.0,0.0
YWS00336,65.0,68.0,3.0,4.62
YWS00337,42.0,5.0,-37.0,-88.1
YWS00338,98.0,122.0,24.0,24.49
YWS00339,84.0,113.0,29.0,34.52
YWS00340,29.0,34.0,5.0,17.24
YWS00341,45.0,52.0,7.0,15.56
YWS00342,37.0,35.0,-2.0,-5.41
YWS00344,71.0,44.0,-27.0,-38.03
YWS00346,155.0,86.0,-69.0,-44.52
YWS00347,86.0,77.0,-9.0,-10.47
YWS00348,68.0,66.0,-2.0,-2.94
YWS00349,164.0,136.0,-28.0,-17.07
YWS00350,53.0,56.0,3.0,5.66
YWS00351,13.0,9.0,-4.0,-30.77
YWS00352,53.0,62.0,9.0,16.98
YWS00353,7.0,7.0,0.0,0.0
YWS00355,0.0,1.0,1.0,
YWS00356,4.0,5.0,1.0,25.0
YWS00357,73.0,58.0,-15.0,-20.55
YWS00358,28.0,20.0,-8.0,-28.57
YWS00359,14.0,20.0,6.0,42.86
YWS00360,1.0,2.0,1.0,100.0
YWS00361,7.0,21.0,14.0,200.0
YWS00362,31.0,23.0,-8.0,-25.81
YWS00363,95.0,124.0,29.0,30.53
YWS00364,21.0,20.0,-1.0,-4.76
YWS00365,24.0,11.0,-13.0,-54.17
YWS00366,18.0,13.0,-5.0,-27.78
YWS00367,98.0,110.0,12.0,12.24
YWS00368,0.0,50.0,50.0,
YWS00369,4.0,2.0,-2.0,-50.0
YWS00370,85.0,73.0,-12.0,-14.12
YWS00371,11.0,14.0,3.0,27.27
YWS00372,48.0,49.0,1.0,2.08
YWS00373,101.0,82.0,-19.0,-18.81
YWS00374,76.0,90.0,14.0,18.42
YWS00375,21.0,19.0,-2.0,-9.52
YWS00376,6.0,4.0,-2.0,-33.33
YWS00377,,20.0,,
YWS00378,1.0,0.0,-1.0,-100.0
YWS00379,9.0,20.0,11.0,122.22
YWS00380,50.0,61.0,11.0,22.0
YWS00381,259.0,282.0,23.0,8.88
YWS00382,62.0,59.0,-3.0,-4.84
YWS00383,33.0,44.0,11.0,33.33
YWS00384,132.0,143.0,11.0,8.33
YWS00385,31.0,26.0,-5.0,-16.13
YWS00386,81.0,56.0,-25.0,-30.86
YWS00387,49.0,35.0,-14.0,-28.57
YWS00388,27.0,33.0,6.0,22.22
YWS00389,38.0,32.0,-6.0,-15.79
YWS00390,37.0,26.0,-11.0,-29.73
YWS00391,35.0,65.0,30.0,85.71
YWS00392,69.0,12.0,-57.0,-82.61
YWS00393,13.0,19.0,6.0,46.15
YWS00394,36.0,34.0,-2.0,-5.56
YWS00395,93.0,70.0,-23.0,-24.73
YWS00396,27.0,48.0,21.0,77.78
YWS00397,4.0,3.0,-1.0,-25.0
YWS00398,125.0,123.0,-2.0,-1.6
YWS00399,93.0,173.0,80.0,86.02
YWS00400,0.0,0.0,0.0,
YWS00401,13.0,16.0,3.0,23.08
YWS00402,73.0,73.0,0.0,0.0
YWS00403,2.0,1.0,-1.0,-50.0
YWS00404,97.0,110.0,13.0,13.4
YWS00405,194.0,179.0,-15.0,-7.73
YWS00406,134.0,133.0,-1.0,-0.75
YWS00407,0.0,2.0,2.0,
YWS00408,9.0,17.0,8.0,88.89
YWS00409,0.0,2.0,2.0,
YWS00410,,37.0,,
YWS00411,11.0,9.0,-2.0,-18.18
YWS00412,11.0,20.0,9.0,81.82
YWS00413,1.0,2.0,1.0,100.0
YWS00414,37.0,46.0,9.0,24.32
YWS00415,0.0,16.0,16.0,
YWS00416,0.0,13.0,13.0,
YWS00417,42.0,38.0,-4.0,-9.52
YWS00418,56.0,65.0,9.0,16.07
YWS00419,6.0,4.0,-2.0,-33.33
YWS00420,16.0,30.0,14.0,87.5
YWS00421,37.0,64.0,27.0,72.97
YWS00422,6.0,10.0,4.0,66.67
YWS00423,7.0,8.0,1.0,14.29
YWS00424,28.0,24.0,-4.0,-14.29
YWS00425,14.0,5.0,-9.0,-64.29
YWS00426,69.0,76.0,7.0,10.14
YWS00427,71.0,56.0,-15.0,-21.13
YWS00428,84.0,77.0,-7.0,-8.33
YWS00429,125.0,101.0,-24.0,-19.2
YWS00430,27.0,26.0,-1.0,-3.7
YWS00431,103.0,63.0,-40.0,-38.83
YWS00432,13.0,18.0,5.0,38.46
YWS00433,138.0,174.0,36.0,26.09
YWS00434,11.0,18.0,7.0,63.64
YWS00435,90.0,55.0,-35.0,-38.89
YWS00436,15.0,12.0,-3.0,-20.0
YWS00437,36.0,17.0,-19.0,-52.78
YWS00438,87.0,69.0,-18.0,-20.69
YWS00439,40.0,38.0,-2.0,-5.0
YWS00440,72.0,65.0,-7.0,-9.72
YWS00441,0.0,0.0,0.0,
YWS00442,114.0,108.0,-6.0,-5.26
YWS00443,10.0,7.0,-3.0,-30.0
YWS00444,204.0,194.0,-10.0,-4.9
YWS00445,21.0,48.0,27.0,128.57
YWS00446,126.0,9.0,-117.0,-92.86
YWS00447,1.0,35.0,34.0,3400.0
YWS00448,12.0,13.0,1.0,8.33
YWS00449,,22.0,,
YWS00450,105.0,46.0,-59.0,-56.19
YWS00451,,0.0,,
YWS00452,99.0,102.0,3.0,3.03
YWS00454,13.0,16.0,3.0,23.08
YWS00455,104.0,34.0,-70.0,-67.31
YWS00456,0.0,0.0,0.0,
YWS00457,64.0,47.0,-17.0,-26.56
YWS00458,88.0,186.0,98.0,111.36
YWS00459,3.0,5.0,2.0,66.67
YWS00460,17.0,18.0,1.0,5.88
YWS00461,57.0,45.0,-12.0,-21.05
YWS00462,21.0,16.0,-5.0,-23.81
YWS00463,49.0,71.0,22.0,44.9
YWS00464,0.0,74.0,74.0,
YWS00465,10.0,13.0,3.0,30.0
YWS00466,8.0,10.0,2.0,25.0
YWS00467,18.0,4.0,-14.0,-77.78
YWS00468,0.0,0.0,0.0,
YWS00469,0.0,0.0,0.0,
YWS00470,0.0,1.0,1.0,
YWS00471,23.0,33.0,10.0,43.48
YWS00472,56.0,,,
YWS00473,0.0,0.0,0.0,
YWS00474,0.0,0.0,0.0,
YWS00475,0.0,,,
YWS00476,1.0,14.0,13.0,1300.0
YWS00477,18.0,25.0,7.0,38.89
YWS00478,76.0,110.0,34.0,44.74
YWS00479,38.0,33.0,-5.0,-13.16
YWS00480,61.0,26.0,-35.0,-57.38
YWS00481,84.0,47.0,-37.0,-44.05
YWS00482,82.0,35.0,-47.0,-57.32
YWS00483,60.0,48.0,-12.0,-20.0
YWS00484,149.0,142.0,-7.0,-4.7
YWS00485,82.0,59.0,-23.0,-28.05
YWS00486,178.0,135.0,-43.0,-24.16
YWS00487,15.0,7.0,-8.0,-53.33
YWS00488,2.0,5.0,3.0,150.0
YWS00489,0.0,3.0,3.0,
YWS00490,0.0,5.0,5.0,
YWS00491,42.0,35.0,-7.0,-16.67
YWS00492,48.0,26.0,-22.0,-45.83
YWS00493,6.0,35.0,29.0,483.33
YWS00494,1.0,18.0,17.0,1700.0
YWS00495,22.0,1.0,-21.0,-95.45
YWS00496,69.0,44.0,-25.0,-36.23
YWS00497,92.0,85.0,-7.0,-7.61
YWS00498,51.0,50.0,-1.0,-1.96
YWS00499,112.0,92.0,-20.0,-17.86
YWS00500,0.0,18.0,18.0,
YWS00501,48.0,11.0,-37.0,-77.08
YWS00502,41.0,24.0,-17.0,-41.46
YWS00503,33.0,23.0,-10.0,-30.3
YWS00504,38.0,36.0,-2.0,-5.26
YWS00505,31.0,73.0,42.0,135.48
YWS00506,20.0,25.0,5.0,25.0
YWS00507,62.0,41.0,-21.0,-33.87
YWS00508,39.0,28.0,-11.0,-28.21
YWS00509,28.0,25.0,-3.0,-10.71
YWS00510,78.0,61.0,-17.0,-21.79
YWS00511,12.0,16.0,4.0,33.33
YWS00512,7.0,12.0,5.0,71.43
YWS00513,59.0,54.0,-5.0,-8.47
YWS00514,129.0,73.0,-56.0,-43.41
YWS00515,27.0,15.0,-12.0,-44.44
YWS00516,86.0,159.0,73.0,84.88
YWS00517,8.0,17.0,9.0,112.5
YWS00518,17.0,23.0,6.0,35.29
YWS00519,76.0,68.0,-8.0,-10.53
YWS00520,95.0,56.0,-39.0,-41.05
YWS00521,32.0,46.0,14.0,43.75
YWS00522,33.0,29.0,-4.0,-12.12
YWS00523,3.0,0.0,-3.0,-100.0
YWS00524,3.0,15.0,12.0,400.0
YWS00525,113.0,106.0,-7.0,-6.19
YWS00526,18.0,18.0,0.0,0.0
YWS00528,49.0,92.0,43.0,87.76
YWS00529,9.0,27.0,18.0,200.0
YWS00530,7.0,6.0,-1.0,-14.29
YWS00531,0.0,0.0,0.0,
YWS00532,115.0,88.0,-27.0,-23.48
YWS00533,1.0,0.0,-1.0,-100.0
YWS00534,1.0,1.0,0.0,0.0
YWS00535,5.0,8.0,3.0,60.0
YWS00536,71.0,48.0,-23.0,-32.39
YWS00537,0.0,0.0,0.0,
YWS00538,43.0,32.0,-11.0,-25.58
YWS00539,28.0,35.0,7.0,25.0
YWS00540,0.0,0.0,0.0,
YWS00541,12.0,27.0,15.0,125.0
YWS00542,22.0,28.0,6.0,27.27
YWS00543,70.0,0.0,-70.0,-100.0
YWS00544,8.0,2.0,-6.0,-75.0
YWS00545,63.0,50.0,-13.0,-20.63
YWS00546,22.0,22.0,0.0,0.0
YWS00547,34.0,35.0,1.0,2.94
YWS00548,114.0,118.0,4.0,3.51
YWS00549,18.0,21.0,3.0,16.67
YWS00550,7.0,2.0,-5.0,-71.43
YWS00551,173.0,83.0,-90.0,-52.02
YWS00552,10.0,6.0,-4.0,-40.0
YWS00554,8.0,1.0,-7.0,-87.5
YWS00555,57.0,60.0,3.0,5.26
YWS00556,87.0,97.0,10.0,11.49
YWS00557,42.0,41.0,-1.0,-2.38
YWS00558,0.0,0.0,0.0,
YWS00559,0.0,0.0,0.0,
YWS00560,57.0,112.0,55.0,96.49
YWS00561,5.0,4.0,-1.0,-20.0
YWS00562,14.0,1.0,-13.0,-92.86
YWS00563,45.0,56.0,11.0,24.44
YWS00564,25.0,14.0,-11.0,-44.0
YWS00565,8.0,9.0,1.0,12.5
YWS00566,37.0,39.0,2.0,5.41
YWS00567,15.0,17.0,2.0,13.33
YWS00568,24.0,25.0,1.0,4.17
YWS00569,93.0,131.0,38.0,40.86
YWS00570,41.0,34.0,-7.0,-17.07
YWS00571,12.0,12.0,0.0,0.0
YWS00572,46.0,77.0,31.0,67.39
YWS00573,0.0,0.0,0.0,
YWS00574,8.0,4.0,-4.0,-50.0
YWS00575,8.0,5.0,-3.0,-37.5
YWS00576,65.0,58.0,-7.0,-10.77
YWS00577,41.0,40.0,-1.0,-2.44
YWS00578,3.0,5.0,2.0,66.67
YWS00579,14.0,47.0,33.0,235.71
YWS00580,0.0,0.0,0.0,
YWS00581,79.0,54.0,-25.0,-31.65
YWS00582,35.0,31.0,-4.0,-11.43
YWS00583,80.0,102.0,22.0,27.5
YWS00584,32.0,32.0,0.0,0.0
YWS00585,10.0,7.0,-3.0,-30.0
YWS00586,15.0,20.0,5.0,33.33
YWS00587,4.0,9.0,5.0,125.0
YWS00588,58.0,71.0,13.0,22.41
YWS00589,35.0,28.0,-7.0,-20.0
YWS00590,15.0,17.0,2.0,13.33
YWS00591,75.0,49.0,-26.0,-34.67
YWS00592,122.0,99.0,-23.0,-18.85
YWS00593,126.0,101.0,-25.0,-19.84
YWS00594,7.0,4.0,-3.0,-42.86
YWS00595,0.0,0.0,0.0,
YWS00596,0.0,1.0,1.0,
YWS00597,1.0,2.0,1.0,100.0
YWS00598,0.0,0.0,0.0,
YWS00599,40.0,33.0,-7.0,-17.5
YWS00600,0.0,0.0,0.0,
YWS00601,6.0,7.0,1.0,16.67
YWS00602,17.0,23.0,6.0,35.29
YWS00603,43.0,19.0,-24.0,-55.81
YWS00604,21.0,29.0,8.0,38.1
YWS00605,76.0,62.0,-14.0,-18.42
YWS00607,110.0,88.0,-22.0,-20.0
YWS00608,23.0,23.0,0.0,0.0
YWS00609,18.0,14.0,-4.0,-22.22
YWS00610,86.0,43.0,-43.0,-50.0
YWS00611,42.0,34.0,-8.0,-19.05
YWS00612,45.0,42.0,-3.0,-6.67
YWS00613,11.0,12.0,1.0,9.09
YWS00614,7.0,8.0,1.0,14.29
YWS00615,1.0,0.0,-1.0,-100.0
YWS00617,19.0,41.0,22.0,115.79
YWS00618,83.0,36.0,-47.0,-56.63
YWS00619,11.0,3.0,-8.0,-72.73
YWS00620,37.0,14.0,-23.0,-62.16
YWS00621,15.0,20.0,5.0,33.33
YWS00622,24.0,38.0,14.0,58.33
YWS00623,0.0,0.0,0.0,
YWS00624,49.0,38.0,-11.0,-22.45
YWS00625,67.0,57.0,-10.0,-14.93
YWS00626,39.0,32.0,-7.0,-17.95
YWS00627,19.0,19.0,0.0,0.0
YWS00628,130.0,88.0,-42.0,-32.31
YWS00629,6.0,5.0,-1.0,-16.67
YWS00630,62.0,58.0,-4.0,-6.45
YWS00631,34.0,24.0,-10.0,-29.41
YWS00632,37.0,11.0,-26.0,-70.27
YWS00633,45.0,40.0,-5.0,-11.11
YWS00634,21.0,15.0,-6.0,-28.57
YWS00635,67.0,74.0,7.0,10.45
YWS00636,95.0,86.0,-9.0,-9.47
YWS00637,131.0,115.0,-16.0,-12.21
YWS00638,1.0,1.0,0.0,0.0
YWS00639,194.0,212.0,18.0,9.28
YWS00640,19.0,14.0,-5.0,-26.32
YWS00641,0.0,14.0,14.0,
YWS00642,1.0,6.0,5.0,500.0
YWS00643,81.0,64.0,-17.0,-20.99
YWS00644,8.0,9.0,1.0,12.5
YWS00645,0.0,0.0,0.0,
YWS00646,0.0,1.0,1.0,
YWS00647,52.0,32.0,-20.0,-38.46
YWS00648,12.0,13.0,1.0,8.33
YWS00649,98.0,81.0,-17.0,-17.35
YWS00650,19.0,6.0,-13.0,-68.42
YWS00651,36.0,27.0,-9.0,-25.0
YWS00652,97.0,74.0,-23.0,-23.71
YWS00653,144.0,123.0,-21.0,-14.58
YWS00654,41.0,33.0,-8.0,-19.51
YWS00655,9.0,10.0,1.0,11.11
YWS00656,0.0,0.0,0.0,
YWS00657,48.0,29.0,-19.0,-39.58
YWS00658,49.0,43.0,-6.0,-12.24
YWS00659,22.0,12.0,-10.0,-45.45
YWS00660,1.0,3.0,2.0,200.0
YWS00661,2.0,13.0,11.0,550.0
YWS00662,0.0,0.0,0.0,
YWS00663,17.0,16.0,-1.0,-5.88
YWS00664,5.0,5.0,0.0,0.0
YWS00665,80.0,52.0,-28.0,-35.0
YWS00666,0.0,3.0,3.0,
YWS00667,28.0,4.0,-24.0,-85.71
YWS00668,7.0,30.0,23.0,328.57
YWS00669,1.0,1.0,0.0,0.0
YWS00670,140.0,82.0,-58.0,-41.43
YWS00671,30.0,31.0,1.0,3.33
YWS00672,15.0,13.0,-2.0,-13.33
YWS00673,0.0,0.0,0.0,
YWS00674,65.0,40.0,-25.0,-38.46
YWS00675,27.0,26.0,-1.0,-3.7
YWS00676,68.0,53.0,-15.0,-22.06
YWS00677,62.0,55.0,-7.0,-11.29
YWS00678,2.0,1.0,-1.0,-50.0
YWS00679,79.0,68.0,-11.0,-13.92
YWS00680,6.0,28.0,22.0,366.67
YWS00681,71.0,54.0,-17.0,-23.94
YWS00682,57.0,43.0,-14.0,-24.56
YWS00683,59.0,43.0,-16.0,-27.12
YWS00684,87.0,70.0,-17.0,-19.54
YWS00685,8.0,10.0,2.0,25.0
YWS00686,14.0,19.0,5.0,35.71
YWS00687,51.0,34.0,-17.0,-33.33
YWS00688,31.0,17.0,-14.0,-45.16
YWS00689,0.0,1.0,1.0,
YWS00690,82.0,63.0,-19.0,-23.17
YWS00691,2.0,0.0,-2.0,-100.0
YWS00692,41.0,40.0,-1.0,-2.44
YWS00693,75.0,56.0,-19.0,-25.33
YWS00694,5.0,10.0,5.0,100.0
YWS00695,44.0,28.0,-16.0,-36.36
YWS00696,9.0,1.0,-8.0,-88.89
YWS00697,41.0,28.0,-13.0,-31.71
YWS00698,31.0,23.0,-8.0,-25.81
YWS00699,91.0,53.0,-38.0,-41.76
YWS00700,12.0,11.0,-1.0,-8.33
YWS00701,44.0,31.0,-13.0,-29.55
YWS00702,72.0,45.0,-27.0,-37.5
YWS00703,36.0,23.0,-13.0,-36.11
YWS00704,54.0,39.0,-15.0,-27.78
YWS00705,2.0,1.0,-1.0,-50.0
YWS00706,38.0,75.0,37.0,97.37
YWS00707,33.0,51.0,18.0,54.55
YWS00708,82.0,35.0,-47.0,-57.32
YWS00709,52.0,44.0,-8.0,-15.38
YWS00710,44.0,33.0,-11.0,-25.0
YWS00711,0.0,35.0,35.0,
YWS00712,,0.0,,
YWS00713,80.0,54.0,-26.0,-32.5
YWS00714,0.0,1.0,1.0,
YWS00715,28.0,22.0,-6.0,-21.43
YWS00716,70.0,28.0,-42.0,-60.0
YWS00717,12.0,8.0,-4.0,-33.33
YWS00718,0.0,0.0,0.0,
YWS00719,3.0,1.0,-2.0,-66.67
YWS00720,25.0,18.0,-7.0,-28.0
YWS00722,19.0,13.0,-6.0,-31.58
YWS00723,35.0,33.0,-2.0,-5.71
YWS00724,28.0,28.0,0.0,0.0
YWS00725,64.0,75.0,11.0,17.19
YWS00726,0.0,9.0,9.0,
YWS00728,19.0,30.0,11.0,57.89
YWS00729,1.0,1.0,0.0,0.0
YWS00730,47.0,1.0,-46.0,-97.87
YWS00731,53.0,43.0,-10.0,-18.87
YWS00732,34.0,24.0,-10.0,-29.41
YWS00734,0.0,0.0,0.0,
YWS00735,11.0,10.0,-1.0,-9.09
YWS00736,24.0,19.0,-5.0,-20.83
YWS00737,85.0,57.0,-28.0,-32.94
YWS00738,16.0,16.0,0.0,0.0
YWS00739,18.0,19.0,1.0,5.56
YWS00740,0.0,0.0,0.0,
YWS00741,9.0,6.0,-3.0,-33.33
YWS00742,81.0,57.0,-24.0,-29.63
YWS00743,19.0,40.0,21.0,110.53
YWS00744,63.0,53.0,-10.0,-15.87
YWS00745,8.0,14.0,6.0,75.0
YWS00746,10.0,7.0,-3.0,-30.0
YWS00747,9.0,9.0,0.0,0.0
YWS00748,4.0,4.0,0.0,0.0
YWS00749,6.0,5.0,-1.0,-16.67
YWS00750,2.0,7.0,5.0,250.0
YWS00751,3.0,4.0,1.0,33.33
YWS00752,59.0,66.0,7.0,11.86
YWS00753,82.0,77.0,-5.0,-6.1
YWS00754,86.0,45.0,-41.0,-47.67
YWS00755,44.0,36.0,-8.0,-18.18
YWS00756,38.0,39.0,1.0,2.63
YWS00757,102.0,83.0,-19.0,-18.63
YWS00758,126.0,95.0,-31.0,-24.6
YWS00759,30.0,17.0,-13.0,-43.33
YWS00760,71.0,52.0,-19.0,-26.76
YWS00761,3.0,2.0,-1.0,-33.33
YWS00762,73.0,0.0,-73.0,-100.0
YWS00763,23.0,10.0,-13.0,-56.52
YWS00764,22.0,23.0,1.0,4.55
YWS00765,20.0,15.0,-5.0,-25.0
YWS00766,96.0,88.0,-8.0,-8.33
YWS00767,47.0,30.0,-17.0,-36.17
YWS00768,111.0,98.0,-13.0,-11.71
YWS00769,87.0,47.0,-40.0,-45.98
YWS00770,83.0,68.0,-15.0,-18.07
YWS00771,47.0,26.0,-21.0,-44.68
YWS00772,31.0,22.0,-9.0,-29.03
YWS00773,77.0,52.0,-25.0,-32.47
YWS00774,17.0,7.0,-10.0,-58.82
YWS00775,33.0,20.0,-13.0,-39.39
YWS00776,8.0,3.0,-5.0,-62.5
YWS00777,24.0,33.0,9.0,37.5
YWS00778,0.0,3.0,3.0,
YWS00779,61.0,47.0,-14.0,-22.95
YWS00780,16.0,16.0,0.0,0.0
YWS00781,7.0,4.0,-3.0,-42.86
YWS00783,205.0,130.0,-75.0,-36.59
YWS00784,79.0,63.0,-16.0,-20.25
YWS00785,39.0,25.0,-14.0,-35.9
YWS00786,22.0,20.0,-2.0,-9.09
YWS00787,76.0,65.0,-11.0,-14.47
YWS00788,40.0,37.0,-3.0,-7.5
YWS00789,63.0,48.0,-15.0,-23.81
YWS00790,105.0,100.0,-5.0,-4.76
YWS00791,48.0,38.0,-10.0,-20.83
YWS00792,76.0,41.0,-35.0,-46.05
YWS00793,1.0,2.0,1.0,100.0
YWS00794,96.0,101.0,5.0,5.21
YWS00795,0.0,0.0,0.0,
YWS00796,0.0,0.0,0.0,
YWS00797,75.0,38.0,-37.0,-49.33
YWS00798,4.0,23.0,19.0,475.0
YWS00799,2.0,0.0,-2.0,-100.0
YWS00800,41.0,24.0,-17.0,-41.46
YWS00801,9.0,14.0,5.0,55.56
YWS00802,30.0,26.0,-4.0,-13.33
YWS00803,1.0,27.0,26.0,2600.0
YWS00804,82.0,53.0,-29.0,-35.37
YWS00805,61.0,57.0,-4.0,-6.56
YWS00806,8.0,9.0,1.0,12.5
YWS00807,14.0,29.0,15.0,107.14
YWS00808,123.0,75.0,-48.0,-39.02
YWS00809,3.0,40.0,37.0,1233.33
YWS00810,64.0,56.0,-8.0,-12.5
YWS00811,0.0,0.0,0.0,
YWS00812,76.0,68.0,-8.0,-10.53
YWS00813,30.0,36.0,6.0,20.0
YWS00814,48.0,56.0,8.0,16.67
YWS00815,131.0,91.0,-40.0,-30.53
YWS00816,105.0,67.0,-38.0,-36.19
YWS00817,46.0,61.0,15.0,32.61
YWS00819,17.0,19.0,2.0,11.76
YWS00820,163.0,110.0,-53.0,-32.52
YWS00821,1.0,2.0,1.0,100.0
YWS00822,0.0,0.0,0.0,
YWS00823,0.0,3.0,3.0,
YWS00824,1.0,1.0,0.0,0.0
YWS00825,73.0,73.0,0.0,0.0
YWS00826,30.0,25.0,-5.0,-16.67
YWS00827,43.0,31.0,-12.0,-27.91
YWS00828,20.0,10.0,-10.0,-50.0
YWS00829,61.0,31.0,-30.0,-49.18
YWS00830,110.0,41.0,-69.0,-62.73
YWS00831,72.0,75.0,3.0,4.17
YWS00832,151.0,90.0,-61.0,-40.4
YWS00833,68.0,53.0,-15.0,-22.06
YWS00834,38.0,42.0,4.0,10.53
YWS00835,58.0,49.0,-9.0,-15.52
YWS00836,26.0,39.0,13.0,50.0
YWS00837,31.0,27.0,-4.0,-12.9
YWS00838,33.0,17.0,-16.0,-48.48
YWS00839,9.0,5.0,-4.0,-44.44
YWS00840,34.0,16.0,-18.0,-52.94
YWS00841,2.0,4.0,2.0,100.0
YWS00842,29.0,23.0,-6.0,-20.69
YWS00843,1.0,0.0,-1.0,-100.0
YWS00844,21.0,10.0,-11.0,-52.38
YWS00845,9.0,21.0,12.0,133.33
YWS00846,62.0,20.0,-42.0,-67.74
YWS00847,76.0,37.0,-39.0,-51.32
YWS00848,59.0,45.0,-14.0,-23.73
YWS00849,32.0,25.0,-7.0,-21.88
YWS00850,1.0,0.0,-1.0,-100.0
YWS00851,5.0,5.0,0.0,0.0
YWS00852,1.0,1.0,0.0,0.0
YWS00854,0.0,2.0,2.0,
YWS00855,22.0,13.0,-9.0,-40.91
YWS00856,1.0,3.0,2.0,200.0
YWS00857,29.0,18.0,-11.0,-37.93
YWS00858,20.0,14.0,-6.0,-30.0
YWS00859,71.0,103.0,32.0,45.07
YWS00860,10.0,19.0,9.0,90.0
YWS00861,27.0,35.0,8.0,29.63
YWS00862,33.0,22.0,-11.0,-33.33
YWS00863,78.0,58.0,-20.0,-25.64
YWS00864,81.0,43.0,-38.0,-46.91
YWS00865,97.0,128.0,31.0,31.96
YWS00866,23.0,17.0,-6.0,-26.09
YWS00867,52.0,59.0,7.0,13.46
YWS00868,18.0,15.0,-3.0,-16.67
YWS00869,4.0,2.0,-2.0,-50.0
YWS00870,3.0,3.0,0.0,0.0
YWS00871,36.0,26.0,-10.0,-27.78
YWS00872,63.0,53.0,-10.0,-15.87
YWS00873,28.0,26.0,-2.0,-7.14
YWS00874,12.0,17.0,5.0,41.67
YWS00875,2.0,5.0,3.0,150.0
YWS00876,31.0,29.0,-2.0,-6.45
YWS00877,88.0,59.0,-29.0,-32.95
YWS00878,0.0,0.0,0.0,
YWS00879,26.0,11.0,-15.0,-57.69
YWS00880,75.0,58.0,-17.0,-22.67
YWS00881,120.0,78.0,-42.0,-35.0
YWS00882,0.0,23.0,23.0,
YWS00883,53.0,47.0,-6.0,-11.32
YWS00884,76.0,62.0,-14.0,-18.42
YWS00885,13.0,8.0,-5.0,-38.46
YWS00886,39.0,32.0,-7.0,-17.95
YWS00887,18.0,4.0,-14.0,-77.78
YWS00888,90.0,88.0,-2.0,-2.22
YWS00889,62.0,63.0,1.0,1.61
YWS00890,,12.0,,
YWS00891,74.0,69.0,-5.0,-6.76
YWS00892,65.0,33.0,-32.0,-49.23
YWS00893,132.0,126.0,-6.0,-4.55
YWS00894,74.0,43.0,-31.0,-41.89
YWS00895,6.0,2.0,-4.0,-66.67
YWS00896,65.0,50.0,-15.0,-23.08
YWS00897,110.0,45.0,-65.0,-59.09
YWS00898,26.0,19.0,-7.0,-26.92
YWS00899,57.0,50.0,-7.0,-12.28
YWS00900,37.0,42.0,5.0,13.51
YWS00901,65.0,64.0,-1.0,-1.54
YWS00902,49.0,33.0,-16.0,-32.65
YWS00903,86.0,62.0,-24.0,-27.91
YWS00904,54.0,46.0,-8.0,-14.81
YWS00906,126.0,59.0,-67.0,-53.17
YWS00908,0.0,0.0,0.0,
YWS00909,6.0,6.0,0.0,0.0
YWS00910,174.0,138.0,-36.0,-20.69
YWS00911,107.0,166.0,59.0,55.14
YWS00912,46.0,42.0,-4.0,-8.7
YWS00913,111.0,142.0,31.0,27.93
YWS00915,149.0,165.0,16.0,10.74
YWS00916,198.0,191.0,-7.0,-3.54
YWS00917,149.0,114.0,-35.0,-23.49
YWS00918,166.0,118.0,-48.0,-28.92
YWS00919,66.0,46.0,-20.0,-30.3
YWS00920,1.0,42.0,41.0,4100.0
YWS00921,62.0,58.0,-4.0,-6.45
YWS00922,0.0,0.0,0.0,
YWS00923,282.0,80.0,-202.0,-71.63
YWS00925,74.0,44.0,-30.0,-40.54
YWS00926,22.0,48.0,26.0,118.18
YWS00927,48.0,31.0,-17.0,-35.42
YWS00928,203.0,115.0,-88.0,-43.35
YWS00929,131.0,126.0,-5.0,-3.82
YWS00930,1.0,34.0,33.0,3300.0
YWS00931,18.0,14.0,-4.0,-22.22
YWS00932,21.0,10.0,-11.0,-52.38
YWS00933,5.0,0.0,-5.0,-100.0
YWS00934,3.0,2.0,-1.0,-33.33
YWS00935,2.0,21.0,19.0,950.0
YWS00936,27.0,26.0,-1.0,-3.7
YWS00937,0.0,0.0,0.0,
YWS00938,1.0,2.0,1.0,100.0
YWS00939,9.0,8.0,-1.0,-11.11
YWS00940,0.0,0.0,0.0,
YWS00941,4.0,3.0,-1.0,-25.0
YWS00942,7.0,1.0,-6.0,-85.71
YWS00943,83.0,66.0,-17.0,-20.48
YWS00944,35.0,30.0,-5.0,-14.29
YWS00945,60.0,32.0,-28.0,-46.67
YWS00946,8.0,5.0,-3.0,-37.5
YWS00947,0.0,24.0,24.0,
YWS00948,24.0,25.0,1.0,4.17
YWS00949,4.0,1.0,-3.0,-75.0
YWS00950,3.0,4.0,1.0,33.33
YWS00951,0.0,0.0,0.0,
YWS00952,63.0,35.0,-28.0,-44.44
YWS00953,14.0,27.0,13.0,92.86
YWS00954,2.0,8.0,6.0,300.0
YWS00955,,5.0,,
YWS00956,1.0,0.0,-1.0,-100.0
YWS00957,75.0,60.0,-15.0,-20.0
YWS00958,1.0,0.0,-1.0,-100.0
YWS00959,1.0,0.0,-1.0,-100.0
YWS00960,0.0,1.0,1.0,
YWS00961,0.0,0.0,0.0,
YWS00962,44.0,54.0,10.0,22.73
YWS00963,34.0,29.0,-5.0,-14.71
YWS00964,4.0,3.0,-1.0,-25.0
YWS00965,,0.0,,
YWS00966,2.0,2.0,0.0,0.0
YWS00967,2.0,0.0,-2.0,-100.0
YWS00968,0.0,0.0,0.0,
YWS00969,1.0,26.0,25.0,2500.0
YWS00970,0.0,0.0,0.0,
YWS00971,1.0,3.0,2.0,200.0
YWS00972,108.0,159.0,51.0,47.22
YWS00973,0.0,0.0,0.0,
YWS00974,21.0,69.0,48.0,228.57
YWS00975,6.0,3.0,-3.0,-50.0
YWS00976,0.0,0.0,0.0,
YWS00977,0.0,0.0,0.0,
YWS00978,2.0,0.0,-2.0,-100.0
YWS00979,7.0,6.0,-1.0,-14.29
YWS00980,1.0,2.0,1.0,100.0
YWS00981,0.0,3.0,3.0,
YWS00982,3.0,8.0,5.0,166.67
YWS00983,1.0,0.0,-1.0,-100.0
YWS00984,1.0,21.0,20.0,2000.0
YWS00985,3.0,0.0,-3.0,-100.0
YWS00986,5.0,4.0,-1.0,-20.0
YWS00987,1.0,0.0,-1.0,-100.0
YWS00988,0.0,6.0,6.0,
YWS00989,0.0,0.0,0.0,
YWS00990,42.0,48.0,6.0,14.29
YWS00991,8.0,31.0,23.0,287.5
YWS00992,8.0,10.0,2.0,25.0
YWS00993,0.0,1.0,1.0,
YWS00994,41.0,28.0,-13.0,-31.71
YWS00995,1.0,4.0,3.0,300.0
YWS00996,2.0,10.0,8.0,400.0
YWS00997,0.0,0.0,0.0,
YWS01000,84.0,136.0,52.0,61.9
YWS01001,92.0,104.0,12.0,13.04
YWS01002,24.0,16.0,-8.0,-33.33
YWS01003,15.0,13.0,-2.0,-13.33
YWS01004,6.0,5.0,-1.0,-16.67
YWS01005,1.0,1.0,0.0,0.0
YWS01006,7.0,7.0,0.0,0.0
YWS01007,7.0,6.0,-1.0,-14.29
YWS01008,0.0,20.0,20.0,
YWS01009,4.0,2.0,-2.0,-50.0
YWS01010,7.0,2.0,-5.0,-71.43
YWS01011,21.0,12.0,-9.0,-42.86
YWS01012,16.0,17.0,1.0,6.25
YWS01013,1.0,3.0,2.0,200.0
YWS01014,67.0,59.0,-8.0,-11.94
YWS01015,105.0,84.0,-21.0,-20.0
YWS01016,6.0,41.0,35.0,583.33
YWS01017,46.0,43.0,-3.0,-6.52
YWS01018,47.0,38.0,-9.0,-19.15
YWS01019,4.0,9.0,5.0,125.0
YWS01020,2.0,2.0,0.0,0.0
YWS01021,29.0,26.0,-3.0,-10.34
YWS01022,6.0,13.0,7.0,116.67
YWS01023,109.0,71.0,-38.0,-34.86
YWS01024,32.0,24.0,-8.0,-25.0
YWS01026,16.0,9.0,-7.0,-43.75
YWS01027,0.0,0.0,0.0,
YWS01028,39.0,42.0,3.0,7.69
YWS01029,17.0,28.0,11.0,64.71
YWS01030,77.0,101.0,24.0,31.17
YWS01031,23.0,23.0,0.0,0.0
YWS01032,78.0,50.0,-28.0,-35.9
YWS01033,0.0,0.0,0.0,
YWS01034,71.0,43.0,-28.0,-39.44
YWS01035,1.0,2.0,1.0,100.0
YWS01036,20.0,7.0,-13.0,-65.0
YWS01037,49.0,2.0,-47.0,-95.92
YWS01038,47.0,49.0,2.0,4.26
YWS01039,96.0,69.0,-27.0,-28.12
YWS01040,61.0,53.0,-8.0,-13.11
YWS01041,98.0,72.0,-26.0,-26.53
YWS01042,1.0,1.0,0.0,0.0
YWS01043,17.0,16.0,-1.0,-5.88
YWS01044,186.0,131.0,-55.0,-29.57
YWS01045,36.0,89.0,53.0,147.22
YWS01046,79.0,79.0,0.0,0.0
YWS01047,52.0,43.0,-9.0,-17.31
YWS01048,12.0,15.0,3.0,25.0
YWS01049,27.0,26.0,-1.0,-3.7
YWS01050,46.0,28.0,-18.0,-39.13
YWS01051,33.0,23.0,-10.0,-30.3
YWS01052,43.0,21.0,-22.0,-51.16
YWS01053,0.0,0.0,0.0,
YWS01054,0.0,0.0,0.0,
YWS01055,0.0,1.0,1.0,
YWS01056,2.0,1.0,-1.0,-50.0
YWS01057,25.0,22.0,-3.0,-12.0
YWS01058,2.0,4.0,2.0,100.0
YWS01059,2.0,1.0,-1.0,-50.0
YWS01060,0.0,0.0,0.0,
YWS01061,1.0,3.0,2.0,200.0
YWS01063,0.0,2.0,2.0,
YWS01064,107.0,75.0,-32.0,-29.91
YWS01065,0.0,5.0,5.0,
YWS01066,23.0,29.0,6.0,26.09
YWS01067,0.0,0.0,0.0,
YWS01069,20.0,27.0,7.0,35.0
YWS01070,74.0,80.0,6.0,8.11
YWS01071,10.0,6.0,-4.0,-40.0
YWS01072,20.0,6.0,-14.0,-70.0
YWS01073,3.0,3.0,0.0,0.0
YWS01074,61.0,71.0,10.0,16.39
YWS01075,4.0,2.0,-2.0,-50.0
YWS01076,11.0,8.0,-3.0,-27.27
YWS01077,0.0,12.0,12.0,
YWS01078,0.0,3.0,3.0,
YWS01079,22.0,19.0,-3.0,-13.64
YWS01080,63.0,36.0,-27.0,-42.86
YWS01081,29.0,20.0,-9.0,-31.03
YWS01082,0.0,0.0,0.0,
YWS01083,5.0,11.0,6.0,120.0
YWS01084,45.0,37.0,-8.0,-17.78
YWS01085,37.0,58.0,21.0,56.76
YWS01086,45.0,43.0,-2.0,-4.44
YWS01087,0.0,18.0,18.0,
YWS01088,48.0,36.0,-12.0,-25.0
YWS01089,82.0,59.0,-23.0,-28.05
YWS01090,23.0,14.0,-9.0,-39.13
YWS01091,3.0,0.0,-3.0,-100.0
YWS01092,22.0,22.0,0.0,0.0
YWS01093,8.0,18.0,10.0,125.0
YWS01094,34.0,6.0,-28.0,-82.35
YWS01095,1.0,5.0,4.0,400.0
YWS01096,46.0,37.0,-9.0,-19.57
YWS01097,40.0,48.0,8.0,20.0
YWS01099,7.0,8.0,1.0,14.29
YWS01100,99.0,73.0,-26.0,-26.26
YWS01101,27.0,28.0,1.0,3.7
YWS01102,25.0,25.0,0.0,0.0
YWS01103,21.0,16.0,-5.0,-23.81
YWS01105,41.0,25.0,-16.0,-39.02
YWS01106,1.0,1.0,0.0,0.0
YWS01107,60.0,58.0,-2.0,-3.33
YWS01108,0.0,1.0,1.0,
YWS01109,14.0,8.0,-6.0,-42.86
YWS01110,50.0,78.0,28.0,56.0
YWS01111,15.0,6.0,-9.0,-60.0
YWS01112,29.0,29.0,0.0,0.0
YWS01113,0.0,0.0,0.0,
YWS01114,20.0,7.0,-13.0,-65.0
YWS01115,67.0,44.0,-23.0,-34.33
YWS01116,0.0,4.0,4.0,
YWS01117,62.0,135.0,73.0,117.74
YWS01118,54.0,35.0,-19.0,-35.19
YWS01119,32.0,18.0,-14.0,-43.75
YWS01120,0.0,1.0,1.0,
YWS01121,3.0,17.0,14.0,466.67
YWS01122,31.0,30.0,-1.0,-3.23
YWS01123,6.0,6.0,0.0,0.0
YWS01124,108.0,117.0,9.0,8.33
YWS01125,24.0,11.0,-13.0,-54.17
YWS01126,66.0,53.0,-13.0,-19.7
YWS01127,2.0,6.0,4.0,200.0
YWS01128,7.0,7.0,0.0,0.0
YWS01129,0.0,4.0,4.0,
YWS01130,9.0,6.0,-3.0,-33.33
YWS01131,4.0,15.0,11.0,275.0
YWS01132,8.0,6.0,-2.0,-25.0
YWS01133,3.0,5.0,2.0,66.67
YWS01134,0.0,1.0,1.0,
YWS01136,2.0,0.0,-2.0,-100.0
YWS01137,0.0,0.0,0.0,
YWS01138,7.0,7.0,0.0,0.0
YWS01139,97.0,72.0,-25.0,-25.77
YWS01140,1.0,1.0,0.0,0.0
YWS01141,47.0,30.0,-17.0,-36.17
YWS01142,17.0,7.0,-10.0,-58.82
YWS01143,0.0,0.0,0.0,
YWS01144,3.0,3.0,0.0,0.0
YWS01145,60.0,74.0,14.0,23.33
YWS01146,81.0,58.0,-23.0,-28.4
YWS01148,0.0,0.0,0.0,
YWS01149,0.0,0.0,0.0,
YWS01150,1.0,3.0,2.0,200.0
YWS01151,3.0,0.0,-3.0,-100.0
YWS01152,11.0,11.0,0.0,0.0
YWS01154,5.0,27.0,22.0,440.0
YWS01155,137.0,118.0,-19.0,-13.87
YWS01156,44.0,59.0,15.0,34.09
YWS01157,26.0,34.0,8.0,30.77
YWS01159,30.0,24.0,-6.0,-20.0
YWS01160,17.0,65.0,48.0,282.35
YWS01161,5.0,5.0,0.0,0.0
YWS01162,40.0,25.0,-15.0,-37.5
YWS01163,28.0,14.0,-14.0,-50.0
YWS01164,85.0,68.0,-17.0,-20.0
YWS01165,1.0,1.0,0.0,0.0
YWS01167,5.0,35.0,30.0,600.0
YWS01168,11.0,10.0,-1.0,-9.09
YWS01169,11.0,17.0,6.0,54.55
YWS01170,30.0,26.0,-4.0,-13.33
YWS01171,0.0,0.0,0.0,
YWS01172,91.0,60.0,-31.0,-34.07
YWS01173,11.0,16.0,5.0,45.45
YWS01174,0.0,0.0,0.0,
YWS01175,15.0,14.0,-1.0,-6.67
YWS01176,0.0,0.0,0.0,
YWS01177,0.0,1.0,1.0,
YWS01178,27.0,30.0,3.0,11.11
YWS01179,39.0,3.0,-36.0,-92.31
YWS01180,5.0,6.0,1.0,20.0
YWS01181,30.0,37.0,7.0,23.33
YWS01182,0.0,0.0,0.0,
YWS01183,3.0,5.0,2.0,66.67
YWS01184,0.0,6.0,6.0,
YWS01185,0.0,0.0,0.0,
YWS01186,0.0,0.0,0.0,
YWS01187,20.0,16.0,-4.0,-20.0
YWS01188,26.0,37.0,11.0,42.31
YWS01189,65.0,32.0,-33.0,-50.77
YWS01191,82.0,93.0,11.0,13.41
YWS01192,17.0,23.0,6.0,35.29
YWS01193,37.0,11.0,-26.0,-70.27
YWS01194,0.0,5.0,5.0,
YWS01195,4.0,10.0,6.0,150.0
YWS01196,2.0,1.0,-1.0,-50.0
YWS01197,4.0,21.0,17.0,425.0
YWS01198,0.0,1.0,1.0,
YWS01199,22.0,19.0,-3.0,-13.64
YWS01200,21.0,30.0,9.0,42.86
YWS01201,0.0,3.0,3.0,
YWS01202,0.0,0.0,0.0,
YWS01203,3.0,13.0,10.0,333.33
YWS01204,4.0,0.0,-4.0,-100.0
YWS01205,65.0,100.0,35.0,53.85
YWS01206,6.0,0.0,-6.0,-100.0
YWS01207,114.0,89.0,-25.0,-21.93
YWS01208,15.0,65.0,50.0,333.33
YWS01209,11.0,15.0,4.0,36.36
YWS01210,0.0,8.0,8.0,
YWS01211,1.0,1.0,0.0,0.0
YWS01212,7.0,22.0,15.0,214.29
YWS01213,1.0,1.0,0.0,0.0
YWS01214,22.0,28.0,6.0,27.27
YWS01215,7.0,6.0,-1.0,-14.29
YWS01216,46.0,34.0,-12.0,-26.09
YWS01217,2.0,2.0,0.0,0.0
YWS01219,4.0,0.0,-4.0,-100.0
YWS01220,0.0,3.0,3.0,
YWS01221,21.0,14.0,-7.0,-33.33
YWS01222,1.0,1.0,0.0,0.0
YWS01223,0.0,30.0,30.0,
YWS01224,7.0,6.0,-1.0,-14.29
YWS01225,89.0,75.0,-14.0,-15.73
YWS01226,0.0,1.0,1.0,
YWS01227,6.0,4.0,-2.0,-33.33
YWS01229,9.0,5.0,-4.0,-44.44
YWS01230,0.0,1.0,1.0,
YWS01231,11.0,11.0,0.0,0.0
YWS01232,1.0,,,
YWS01233,0.0,5.0,5.0,
YWS01235,10.0,14.0,4.0,40.0
YWS01236,30.0,18.0,-12.0,-40.0
YWS01237,18.0,31.0,13.0,72.22
YWS01238,7.0,6.0,-1.0,-14.29
YWS01240,0.0,0.0,0.0,
YWS01242,4.0,8.0,4.0,100.0
YWS01244,28.0,15.0,-13.0,-46.43
YWS01245,0.0,0.0,0.0,
YWS01246,51.0,37.0,-14.0,-27.45
YWS01248,31.0,10.0,-21.0,-67.74
YWS01249,37.0,25.0,-12.0,-32.43
YWS01250,50.0,55.0,5.0,10.0
YWS01251,48.0,37.0,-11.0,-22.92
YWS01252,0.0,1.0,1.0,
YWS01253,12.0,2.0,-10.0,-83.33
YWS01255,34.0,13.0,-21.0,-61.76
YWS01256,0.0,1.0,1.0,
YWS01258,10.0,1.0,-9.0,-90.0
YWS01259,0.0,0.0,0.0,
YWS01260,53.0,31.0,-22.0,-41.51
YWS01261,23.0,20.0,-3.0,-13.04
YWS01262,15.0,21.0,6.0,40.0
YWS01263,17.0,26.0,9.0,52.94
YWS01264,6.0,6.0,0.0,0.0
YWS01265,1.0,0.0,-1.0,-100.0
YWS01266,0.0,1.0,1.0,
YWS01267,16.0,5.0,-11.0,-68.75
YWS01268,0.0,0.0,0.0,
YWS01269,6.0,1.0,-5.0,-83.33
YWS01270,64.0,46.0,-18.0,-28.12
YWS01271,1.0,6.0,5.0,500.0
YWS01272,0.0,0.0,0.0,
YWS01273,17.0,26.0,9.0,52.94
YWS01274,13.0,10.0,-3.0,-23.08
YWS01275,65.0,75.0,10.0,15.38
YWS01276,33.0,22.0,-11.0,-33.33
YWS01277,0.0,0.0,0.0,
YWS01278,0.0,1.0,1.0,
YWS01279,6.0,3.0,-3.0,-50.0
YWS01280,76.0,64.0,-12.0,-15.79
YWS01281,0.0,30.0,30.0,
YWS01282,4.0,25.0,21.0,525.0
YWS01283,0.0,0.0,0.0,
YWS01284,1.0,2.0,1.0,100.0
YWS01285,0.0,0.0,0.0,
YWS01286,19.0,11.0,-8.0,-42.11
YWS01287,13.0,11.0,-2.0,-15.38
YWS01289,39.0,15.0,-24.0,-61.54
YWS01290,42.0,34.0,-8.0,-19.05
YWS01291,1.0,2.0,1.0,100.0
YWS01292,0.0,0.0,0.0,
YWS01293,31.0,27.0,-4.0,-12.9
YWS01294,26.0,66.0,40.0,153.85
YWS01295,12.0,13.0,1.0,8.33
YWS01296,7.0,7.0,0.0,0.0
YWS01297,136.0,95.0,-41.0,-30.15
YWS01298,0.0,1.0,1.0,
YWS01299,20.0,20.0,0.0,0.0
YWS01300,15.0,10.0,-5.0,-33.33
YWS01301,3.0,3.0,0.0,0.0
YWS01302,9.0,3.0,-6.0,-66.67
YWS01303,7.0,4.0,-3.0,-42.86
YWS01304,33.0,56.0,23.0,69.7
YWS01305,0.0,0.0,0.0,
YWS01306,53.0,20.0,-33.0,-62.26
YWS01307,16.0,1.0,-15.0,-93.75
YWS01308,56.0,28.0,-28.0,-50.0
YWS01309,70.0,74.0,4.0,5.71
YWS01310,51.0,87.0,36.0,70.59
YWS01311,52.0,41.0,-11.0,-21.15
YWS01312,3.0,73.0,70.0,2333.33
YWS01313,46.0,38.0,-8.0,-17.39
YWS01314,6.0,11.0,5.0,83.33
YWS01315,6.0,32.0,26.0,433.33
YWS01316,34.0,30.0,-4.0,-11.76
YWS01317,0.0,1.0,1.0,
YWS01318,8.0,21.0,13.0,162.5
YWS01319,21.0,20.0,-1.0,-4.76
YWS01320,69.0,36.0,-33.0,-47.83
YWS01321,2.0,6.0,4.0,200.0
YWS01322,15.0,13.0,-2.0,-13.33
YWS01323,160.0,120.0,-40.0,-25.0
YWS01324,18.0,2.0,-16.0,-88.89
YWS01325,102.0,4.0,-98.0,-96.08
YWS01326,28.0,19.0,-9.0,-32.14
YWS01327,112.0,118.0,6.0,5.36
YWS01328,6.0,6.0,0.0,0.0
YWS01329,34.0,6.0,-28.0,-82.35
YWS01330,129.0,105.0,-24.0,-18.6
YWS01331,96.0,65.0,-31.0,-32.29
YWS01332,7.0,12.0,5.0,71.43
YWS01333,52.0,31.0,-21.0,-40.38
YWS01334,114.0,79.0,-35.0,-30.7
YWS01335,56.0,34.0,-22.0,-39.29
YWS01336,253.0,153.0,-100.0,-39.53
YWS01337,78.0,56.0,-22.0,-28.21
YWS01338,6.0,6.0,0.0,0.0
YWS01339,3.0,8.0,5.0,166.67
YWS01340,77.0,104.0,27.0,35.06
YWS01341,37.0,32.0,-5.0,-13.51
YWS01342,4.0,4.0,0.0,0.0
YWS01343,52.0,89.0,37.0,71.15
YWS01344,0.0,1.0,1.0,
YWS01345,132.0,73.0,-59.0,-44.7
YWS01346,13.0,101.0,88.0,676.92
YWS01347,66.0,56.0,-10.0,-15.15
YWS01348,,27.0,,
YWS01349,114.0,77.0,-37.0,-32.46
YWS01350,68.0,48.0,-20.0,-29.41
YWS01351,46.0,33.0,-13.0,-28.26
YWS01352,30.0,15.0,-15.0,-50.0
YWS01353,11.0,2.0,-9.0,-81.82
YWS01354,27.0,18.0,-9.0,-33.33
YWS01355,1.0,1.0,0.0,0.0
YWS01356,4.0,3.0,-1.0,-25.0
YWS01357,0.0,5.0,5.0,
YWS01358,0.0,0.0,0.0,
YWS01359,42.0,14.0,-28.0,-66.67
YWS01360,0.0,1.0,1.0,
YWS01361,4.0,2.0,-2.0,-50.0
YWS01362,160.0,122.0,-38.0,-23.75
YWS01363,102.0,105.0,3.0,2.94
YWS01364,75.0,61.0,-14.0,-18.67
YWS01365,93.0,83.0,-10.0,-10.75
YWS01366,57.0,45.0,-12.0,-21.05
YWS01367,26.0,25.0,-1.0,-3.85
YWS01368,30.0,43.0,13.0,43.33
YWS01369,32.0,26.0,-6.0,-18.75
YWS01370,55.0,71.0,16.0,29.09
YWS01371,46.0,17.0,-29.0,-63.04
YWS01372,12.0,3.0,-9.0,-75.0
YWS01373,3.0,26.0,23.0,766.67
YWS01374,18.0,12.0,-6.0,-33.33
YWS01375,57.0,86.0,29.0,50.88
YWS01376,32.0,8.0,-24.0,-75.0
YWS01377,58.0,42.0,-16.0,-27.59
YWS01378,50.0,38.0,-12.0,-24.0
YWS01379,125.0,100.0,-25.0,-20.0
YWS01380,137.0,95.0,-42.0,-30.66
YWS01381,83.0,40.0,-43.0,-51.81
YWS01382,12.0,7.0,-5.0,-41.67
YWS01383,,23.0,,
YWS01384,0.0,2.0,2.0,
YWS01385,30.0,2.0,-28.0,-93.33
YWS01386,24.0,28.0,4.0,16.67
YWS01387,0.0,0.0,0.0,
YWS01388,72.0,60.0,-12.0,-16.67
YWS01389,64.0,55.0,-9.0,-14.06
YWS01390,57.0,42.0,-15.0,-26.32
YWS01391,0.0,5.0,5.0,
YWS01392,56.0,43.0,-13.0,-23.21
YWS01393,64.0,66.0,2.0,3.12
YWS01394,147.0,132.0,-15.0,-10.2
YWS01395,126.0,88.0,-38.0,-30.16
YWS01396,111.0,86.0,-25.0,-22.52
YWS01397,83.0,49.0,-34.0,-40.96
YWS01398,50.0,36.0,-14.0,-28.0
YWS01399,1.0,2.0,1.0,100.0
YWS01400,0.0,34.0,34.0,
YWS01401,94.0,66.0,-28.0,-29.79
YWS01402,83.0,51.0,-32.0,-38.55
YWS01403,62.0,37.0,-25.0,-40.32
YWS01404,25.0,17.0,-8.0,-32.0
YWS01405,68.0,86.0,18.0,26.47
YWS01406,40.0,20.0,-20.0,-50.0
YWS01407,0.0,3.0,3.0,
YWS01408,0.0,2.0,2.0,
YWS01409,61.0,8.0,-53.0,-86.89
YWS01410,41.0,42.0,1.0,2.44
YWS01411,59.0,41.0,-18.0,-30.51
YWS01412,0.0,0.0,0.0,
YWS01413,83.0,57.0,-26.0,-31.33
YWS01414,70.0,70.0,0.0,0.0
YWS01415,63.0,,,
YWS01416,70.0,10.0,-60.0,-85.71
YWS01417,95.0,45.0,-50.0,-52.63
YWS01418,60.0,58.0,-2.0,-3.33
YWS01419,162.0,57.0,-105.0,-64.81
YWS01420,109.0,109.0,0.0,0.0
YWS01421,106.0,61.0,-45.0,-42.45
YWS01422,122.0,106.0,-16.0,-13.11
YWS01423,0.0,4.0,4.0,
YWS01424,0.0,12.0,12.0,
YWS01425,43.0,24.0,-19.0,-44.19
YWS01426,0.0,3.0,3.0,
YWS01427,35.0,21.0,-14.0,-40.0
YWS01428,136.0,74.0,-62.0,-45.59
YWS01429,44.0,30.0,-14.0,-31.82
YWS01430,0.0,3.0,3.0,
YWS01431,49.0,54.0,5.0,10.2
YWS01432,3.0,2.0,-1.0,-33.33
YWS01433,3.0,0.0,-3.0,-100.0
YWS01434,53.0,32.0,-21.0,-39.62
YWS01435,30.0,16.0,-14.0,-46.67
YWS01436,29.0,16.0,-13.0,-44.83
YWS01437,55.0,55.0,0.0,0.0
YWS01438,39.0,31.0,-8.0,-20.51
YWS01439,32.0,10.0,-22.0,-68.75
YWS01440,39.0,23.0,-16.0,-41.03
YWS01441,4.0,2.0,-2.0,-50.0
YWS01447,4.0,12.0,8.0,200.0
YWS01448,53.0,47.0,-6.0,-11.32
YWS01449,27.0,22.0,-5.0,-18.52
YWS01450,43.0,31.0,-12.0,-27.91
YWS01451,176.0,194.0,18.0,10.23
YWS01452,110.0,90.0,-20.0,-18.18
YWS01453,25.0,2.0,-23.0,-92.0
YWS01454,22.0,8.0,-14.0,-63.64
YWS01455,13.0,20.0,7.0,53.85
YWS01456,39.0,39.0,0.0,0.0
YWS01457,125.0,85.0,-40.0,-32.0
YWS01458,9.0,11.0,2.0,22.22
YWS01459,104.0,133.0,29.0,27.88
YWS01460,20.0,7.0,-13.0,-65.0
YWS01461,24.0,31.0,7.0,29.17
YWS01462,63.0,67.0,4.0,6.35
YWS01463,43.0,31.0,-12.0,-27.91
YWS01464,33.0,38.0,5.0,15.15
YWS01465,39.0,28.0,-11.0,-28.21
YWS01466,35.0,30.0,-5.0,-14.29
YWS01467,143.0,77.0,-66.0,-46.15
YWS01468,30.0,64.0,34.0,113.33
YWS01469,2.0,5.0,3.0,150.0
YWS01470,24.0,24.0,0.0,0.0
YWS01471,131.0,103.0,-28.0,-21.37
YWS01472,0.0,0.0,0.0,
YWS01473,3.0,5.0,2.0,66.67
YWS01474,0.0,9.0,9.0,
YWS01475,5.0,5.0,0.0,0.0
YWS01476,8.0,13.0,5.0,62.5
YWS01477,15.0,26.0,11.0,73.33
YWS01478,5.0,8.0,3.0,60.0
YWS01479,36.0,21.0,-15.0,-41.67
YWS01480,72.0,26.0,-46.0,-63.89
YWS01481,8.0,8.0,0.0,0.0
YWS01482,58.0,101.0,43.0,74.14
YWS01483,64.0,64.0,0.0,0.0
YWS01484,15.0,7.0,-8.0,-53.33
YWS01485,33.0,24.0,-9.0,-27.27
YWS01486,0.0,1.0,1.0,
YWS01487,5.0,17.0,12.0,240.0
YWS01488,0.0,3.0,3.0,
YWS01489,28.0,26.0,-2.0,-7.14
YWS01490,8.0,14.0,6.0,75.0
YWS01491,0.0,0.0,0.0,
YWS01492,7.0,11.0,4.0,57.14
YWS01493,5.0,3.0,-2.0,-40.0
YWS01494,24.0,33.0,9.0,37.5
YWS01495,72.0,54.0,-18.0,-25.0
YWS01496,52.0,22.0,-30.0,-57.69
YWS01497,42.0,30.0,-12.0,-28.57
YWS01498,0.0,6.0,6.0,
YWS01499,98.0,78.0,-20.0,-20.41
YWS01500,47.0,30.0,-17.0,-36.17
YWS01501,2.0,1.0,-1.0,-50.0
YWS01502,19.0,49.0,30.0,157.89
YWS01503,34.0,19.0,-15.0,-44.12
YWS01504,50.0,42.0,-8.0,-16.0
YWS01505,20.0,18.0,-2.0,-10.0
YWS01506,2.0,1.0,-1.0,-50.0
YWS01507,1.0,18.0,17.0,1700.0
YWS01508,50.0,36.0,-14.0,-28.0
YWS01509,30.0,14.0,-16.0,-53.33
YWS01510,64.0,51.0,-13.0,-20.31
YWS01511,61.0,52.0,-9.0,-14.75
YWS01512,1.0,0.0,-1.0,-100.0
YWS01513,60.0,12.0,-48.0,-80.0
YWS01514,16.0,27.0,11.0,68.75
YWS01515,13.0,8.0,-5.0,-38.46
YWS01516,31.0,7.0,-24.0,-77.42
YWS01517,63.0,42.0,-21.0,-33.33
YWS01518,37.0,17.0,-20.0,-54.05
YWS01519,2.0,0.0,-2.0,-100.0
YWS01520,4.0,3.0,-1.0,-25.0
YWS01521,0.0,1.0,1.0,
YWS01522,76.0,69.0,-7.0,-9.21
YWS01523,18.0,7.0,-11.0,-61.11
YWS01524,31.0,7.0,-24.0,-77.42
YWS01525,2.0,0.0,-2.0,-100.0
YWS01526,86.0,82.0,-4.0,-4.65
YWS01527,7.0,10.0,3.0,42.86
YWS01528,38.0,28.0,-10.0,-26.32
YWS01529,53.0,47.0,-6.0,-11.32
YWS01530,51.0,51.0,0.0,0.0
YWS01531,64.0,73.0,9.0,14.06
YWS01533,60.0,61.0,1.0,1.67
YWS01534,52.0,50.0,-2.0,-3.85
YWS01535,1.0,0.0,-1.0,-100.0
YWS01536,37.0,45.0,8.0,21.62
YWS01537,15.0,57.0,42.0,280.0
YWS01538,49.0,31.0,-18.0,-36.73
YWS01539,3.0,1.0,-2.0,-66.67
YWS01540,8.0,7.0,-1.0,-12.5
YWS01541,32.0,24.0,-8.0,-25.0
YWS01542,17.0,12.0,-5.0,-29.41
YWS01543,11.0,7.0,-4.0,-36.36
YWS01544,7.0,8.0,1.0,14.29
YWS01545,50.0,21.0,-29.0,-58.0
YWS01546,38.0,27.0,-11.0,-28.95
YWS01547,34.0,27.0,-7.0,-20.59
YWS01548,14.0,10.0,-4.0,-28.57
YWS01549,,7.0,,
YWS01550,0.0,0.0,0.0,
YWS01551,37.0,26.0,-11.0,-29.73
YWS01552,42.0,29.0,-13.0,-30.95
YWS01553,45.0,30.0,-15.0,-33.33
YWS01554,64.0,48.0,-16.0,-25.0
YWS01555,0.0,9.0,9.0,
YWS01556,110.0,94.0,-16.0,-14.55
YWS01557,67.0,5.0,-62.0,-92.54
YWS01558,96.0,64.0,-32.0,-33.33
YWS01559,148.0,173.0,25.0,16.89
YWS01560,1.0,2.0,1.0,100.0
YWS01561,25.0,24.0,-1.0,-4.0
YWS01562,0.0,1.0,1.0,
YWS01563,40.0,20.0,-20.0,-50.0
YWS01564,25.0,15.0,-10.0,-40.0
YWS01565,45.0,30.0,-15.0,-33.33
YWS01566,5.0,9.0,4.0,80.0
YWS01567,89.0,57.0,-32.0,-35.96
YWS01568,1.0,0.0,-1.0,-100.0
YWS01569,88.0,70.0,-18.0,-20.45
YWS01570,21.0,17.0,-4.0,-19.05
YWS01571,3.0,8.0,5.0,166.67
YWS01572,1.0,43.0,42.0,4200.0
YWS01573,43.0,45.0,2.0,4.65
YWS01574,3.0,2.0,-1.0,-33.33
YWS01575,1.0,3.0,2.0,200.0
YWS01576,0.0,0.0,0.0,
YWS01577,30.0,26.0,-4.0,-13.33
YWS01578,5.0,,,
YWS01579,0.0,,,
YWS01580,0.0,,,
YWS01581,23.0,32.0,9.0,39.13
YWS01582,0.0,57.0,57.0,
YWS01583,25.0,18.0,-7.0,-28.0
YWS01584,7.0,9.0,2.0,28.57
YWS01585,41.0,22.0,-19.0,-46.34
YWS01586,5.0,3.0,-2.0,-40.0
YWS01587,0.0,36.0,36.0,
YWS01588,7.0,2.0,-5.0,-71.43
YWS01589,5.0,3.0,-2.0,-40.0
YWS01590,0.0,0.0,0.0,
YWS01591,32.0,27.0,-5.0,-15.62
YWS01592,6.0,17.0,11.0,183.33
YWS01593,92.0,71.0,-21.0,-22.83
YWS01594,24.0,14.0,-10.0,-41.67
YWS01595,29.0,21.0,-8.0,-27.59
YWS01596,51.0,45.0,-6.0,-11.76
YWS01597,0.0,7.0,7.0,
YWS01598,0.0,5.0,5.0,
YWS01599,5.0,2.0,-3.0,-60.0
YWS01600,0.0,0.0,0.0,
YWS01601,131.0,111.0,-20.0,-15.27
YWS01602,46.0,22.0,-24.0,-52.17
YWS01603,181.0,178.0,-3.0,-1.66
YWS01604,62.0,37.0,-25.0,-40.32
YWS01605,1.0,6.0,5.0,500.0
YWS01606,73.0,48.0,-25.0,-34.25
YWS01607,22.0,19.0,-3.0,-13.64
YWS01608,54.0,48.0,-6.0,-11.11
YWS01609,9.0,10.0,1.0,11.11
YWS01610,95.0,76.0,-19.0,-20.0
YWS01611,23.0,14.0,-9.0,-39.13
YWS01612,66.0,54.0,-12.0,-18.18
YWS01613,92.0,51.0,-41.0,-44.57
YWS01614,52.0,36.0,-16.0,-30.77
YWS01615,157.0,193.0,36.0,22.93
YWS01616,13.0,16.0,3.0,23.08
YWS01617,29.0,20.0,-9.0,-31.03
YWS01618,77.0,68.0,-9.0,-11.69
YWS01619,18.0,15.0,-3.0,-16.67
YWS01620,27.0,25.0,-2.0,-7.41
YWS01621,68.0,44.0,-24.0,-35.29
YWS01622,10.0,13.0,3.0,30.0
YWS01623,45.0,32.0,-13.0,-28.89
YWS01624,75.0,40.0,-35.0,-46.67
YWS01625,17.0,19.0,2.0,11.76
YWS01626,38.0,29.0,-9.0,-23.68
YWS01627,60.0,43.0,-17.0,-28.33
YWS01628,22.0,15.0,-7.0,-31.82
YWS01629,45.0,40.0,-5.0,-11.11
YWS01630,33.0,33.0,0.0,0.0
YWS01631,70.0,50.0,-20.0,-28.57
YWS01632,5.0,4.0,-1.0,-20.0
YWS01633,90.0,65.0,-25.0,-27.78
YWS01634,59.0,47.0,-12.0,-20.34
YWS01635,36.0,24.0,-12.0,-33.33
YWS01636,6.0,1.0,-5.0,-83.33
YWS01637,28.0,23.0,-5.0,-17.86
YWS01638,66.0,61.0,-5.0,-7.58
YWS01639,63.0,59.0,-4.0,-6.35
YWS01640,0.0,9.0,9.0,
YWS01641,20.0,12.0,-8.0,-40.0
YWS01642,8.0,14.0,6.0,75.0
YWS01643,32.0,33.0,1.0,3.12
YWS01644,12.0,11.0,-1.0,-8.33
YWS01645,44.0,44.0,0.0,0.0
YWS01646,8.0,2.0,-6.0,-75.0
YWS01647,34.0,26.0,-8.0,-23.53
YWS01648,17.0,6.0,-11.0,-64.71
YWS01649,23.0,17.0,-6.0,-26.09
YWS01650,0.0,3.0,3.0,
YWS01651,21.0,10.0,-11.0,-52.38
YWS01652,16.0,8.0,-8.0,-50.0
YWS01653,6.0,2.0,-4.0,-66.67
YWS01654,0.0,0.0,0.0,
YWS01655,3.0,1.0,-2.0,-66.67
YWS01656,8.0,9.0,1.0,12.5
YWS01657,43.0,22.0,-21.0,-48.84
YWS01658,76.0,54.0,-22.0,-28.95
YWS01659,79.0,52.0,-27.0,-34.18
YWS01660,20.0,32.0,12.0,60.0
YWS01661,5.0,5.0,0.0,0.0
YWS01662,39.0,26.0,-13.0,-33.33
YWS01663,1.0,6.0,5.0,500.0
YWS01664,5.0,2.0,-3.0,-60.0
YWS01665,0.0,0.0,0.0,
YWS01666,12.0,14.0,2.0,16.67
YWS01667,47.0,28.0,-19.0,-40.43
YWS01668,48.0,32.0,-16.0,-33.33
YWS01669,1.0,2.0,1.0,100.0
YWS01670,70.0,104.0,34.0,48.57
YWS01671,0.0,0.0,0.0,
YWS01672,27.0,16.0,-11.0,-40.74
YWS01673,32.0,14.0,-18.0,-56.25
YWS01674,67.0,51.0,-16.0,-23.88
YWS01675,3.0,4.0,1.0,33.33
YWS01676,12.0,12.0,0.0,0.0
YWS01677,24.0,16.0,-8.0,-33.33
YWS01678,7.0,6.0,-1.0,-14.29
YWS01679,1.0,0.0,-1.0,-100.0
YWS01680,0.0,2.0,2.0,
YWS01681,11.0,10.0,-1.0,-9.09
YWS01682,21.0,11.0,-10.0,-47.62
YWS01683,31.0,30.0,-1.0,-3.23
YWS01684,11.0,9.0,-2.0,-18.18
YWS01685,82.0,44.0,-38.0,-46.34
YWS01686,0.0,0.0,0.0,
YWS01687,11.0,1.0,-10.0,-90.91
YWS01688,26.0,28.0,2.0,7.69
YWS01689,1.0,0.0,-1.0,-100.0
YWS01690,1.0,1.0,0.0,0.0
YWS01691,25.0,14.0,-11.0,-44.0
YWS01692,25.0,19.0,-6.0,-24.0
YWS01693,4.0,3.0,-1.0,-25.0
YWS01694,147.0,99.0,-48.0,-32.65
YWS01695,33.0,22.0,-11.0,-33.33
YWS01696,1.0,5.0,4.0,400.0
YWS01697,51.0,8.0,-43.0,-84.31
YWS01698,86.0,40.0,-46.0,-53.49
YWS01699,126.0,75.0,-51.0,-40.48
YWS01700,54.0,47.0,-7.0,-12.96
YWS01701,8.0,1.0,-7.0,-87.5
YWS01702,30.0,31.0,1.0,3.33
YWS01703,0.0,1.0,1.0,
YWS01704,10.0,36.0,26.0,260.0
YWS01705,33.0,24.0,-9.0,-27.27
YWS01706,0.0,1.0,1.0,
YWS01707,9.0,9.0,0.0,0.0
YWS01708,20.0,18.0,-2.0,-10.0
YWS01709,7.0,8.0,1.0,14.29
YWS01710,2.0,1.0,-1.0,-50.0
YWS01711,47.0,31.0,-16.0,-34.04
YWS01712,6.0,15.0,9.0,150.0
YWS01713,96.0,77.0,-19.0,-19.79
YWS01714,47.0,35.0,-12.0,-25.53
YWS01715,89.0,79.0,-10.0,-11.24
YWS01716,8.0,8.0,0.0,0.0
YWS01717,11.0,8.0,-3.0,-27.27
YWS01718,153.0,129.0,-24.0,-15.69
YWS01719,191.0,213.0,22.0,11.52
YWS01720,119.0,154.0,35.0,29.41
YWS01721,,8.0,,
YWS01722,54.0,54.0,0.0,0.0
YWS01723,34.0,37.0,3.0,8.82
YWS01724,3.0,10.0,7.0,233.33
YWS01725,0.0,4.0,4.0,
YWS01726,42.0,26.0,-16.0,-38.1
YWS01727,43.0,34.0,-9.0,-20.93
YWS01728,5.0,8.0,3.0,60.0
YWS01729,106.0,33.0,-73.0,-68.87
YWS01730,36.0,34.0,-2.0,-5.56
YWS01731,109.0,186.0,77.0,70.64
YWS01732,1.0,0.0,-1.0,-100.0
YWS01733,75.0,44.0,-31.0,-41.33
YWS01734,86.0,50.0,-36.0,-41.86
YWS01735,11.0,8.0,-3.0,-27.27
YWS01736,2.0,0.0,-2.0,-100.0
YWS01737,16.0,9.0,-7.0,-43.75
YWS01738,35.0,46.0,11.0,31.43
YWS01739,69.0,61.0,-8.0,-11.59
YWS01740,55.0,45.0,-10.0,-18.18
YWS01741,19.0,12.0,-7.0,-36.84
YWS01742,64.0,43.0,-21.0,-32.81
YWS01743,29.0,50.0,21.0,72.41
YWS01744,104.0,80.0,-24.0,-23.08
YWS01745,0.0,1.0,1.0,
YWS01746,,8.0,,
YWS01747,9.0,1.0,-8.0,-88.89
YWS01748,54.0,22.0,-32.0,-59.26
YWS01749,1.0,4.0,3.0,300.0
YWS01750,95.0,19.0,-76.0,-80.0
YWS01751,106.0,80.0,-26.0,-24.53
YWS01752,108.0,80.0,-28.0,-25.93
YWS01753,118.0,87.0,-31.0,-26.27
YWS01754,26.0,7.0,-19.0,-73.08
YWS01755,63.0,33.0,-30.0,-47.62
YWS01756,114.0,80.0,-34.0,-29.82
YWS01757,73.0,55.0,-18.0,-24.66
YWS01758,0.0,2.0,2.0,
YWS01759,12.0,4.0,-8.0,-66.67
YWS01760,17.0,17.0,0.0,0.0
YWS01761,25.0,24.0,-1.0,-4.0
YWS01762,48.0,30.0,-18.0,-37.5
YWS01763,37.0,33.0,-4.0,-10.81
YWS01764,83.0,58.0,-25.0,-30.12
YWS01765,56.0,41.0,-15.0,-26.79
YWS01766,27.0,6.0,-21.0,-77.78
YWS01767,162.0,144.0,-18.0,-11.11
YWS01768,144.0,38.0,-106.0,-73.61
YWS01769,163.0,149.0,-14.0,-8.59
YWS01770,17.0,4.0,-13.0,-76.47
YWS01771,96.0,67.0,-29.0,-30.21
YWS01772,4.0,2.0,-2.0,-50.0
YWS01773,56.0,26.0,-30.0,-53.57
YWS01774,51.0,25.0,-26.0,-50.98
YWS01775,141.0,122.0,-19.0,-13.48
YWS01776,44.0,25.0,-19.0,-43.18
YWS01777,45.0,34.0,-11.0,-24.44
YWS01778,103.0,106.0,3.0,2.91
YWS01779,86.0,70.0,-16.0,-18.6
YWS01780,6.0,5.0,-1.0,-16.67
YWS01781,,0.0,,
YWS01782,54.0,57.0,3.0,5.56
YWS01783,9.0,9.0,0.0,0.0
YWS01784,27.0,17.0,-10.0,-37.04
YWS01785,78.0,56.0,-22.0,-28.21
YWS01786,21.0,16.0,-5.0,-23.81
YWS01787,0.0,0.0,0.0,
YWS01788,132.0,106.0,-26.0,-19.7
YWS01789,68.0,42.0,-26.0,-38.24
YWS01790,0.0,1.0,1.0,
YWS01791,0.0,1.0,1.0,
YWS01792,21.0,24.0,3.0,14.29
YWS01793,95.0,69.0,-26.0,-27.37
YWS01794,4.0,0.0,-4.0,-100.0
YWS01795,57.0,53.0,-4.0,-7.02
YWS01796,51.0,33.0,-18.0,-35.29
YWS01797,36.0,23.0,-13.0,-36.11
YWS01798,20.0,11.0,-9.0,-45.0
YWS01799,4.0,3.0,-1.0,-25.0
YWS01800,1.0,2.0,1.0,100.0
YWS01801,20.0,13.0,-7.0,-35.0
YWS01802,1.0,1.0,0.0,0.0
YWS01803,18.0,12.0,-6.0,-33.33
YWS01804,138.0,116.0,-22.0,-15.94
YWS01805,5.0,11.0,6.0,120.0
YWS01806,0.0,0.0,0.0,
YWS01807,16.0,20.0,4.0,25.0
YWS01808,15.0,6.0,-9.0,-60.0
YWS01809,67.0,67.0,0.0,0.0
YWS01810,0.0,0.0,0.0,
YWS01811,42.0,27.0,-15.0,-35.71
YWS01812,45.0,41.0,-4.0,-8.89
YWS01813,20.0,18.0,-2.0,-10.0
YWS01814,0.0,0.0,0.0,
YWS01815,32.0,48.0,16.0,50.0
YWS01816,10.0,21.0,11.0,110.0
YWS01817,46.0,29.0,-17.0,-36.96
YWS01818,1.0,1.0,0.0,0.0
YWS01819,69.0,51.0,-18.0,-26.09
YWS01820,14.0,10.0,-4.0,-28.57
YWS01821,0.0,15.0,15.0,
YWS01822,50.0,32.0,-18.0,-36.0
YWS01823,75.0,54.0,-21.0,-28.0
YWS01824,2.0,3.0,1.0,50.0
YWS01825,130.0,104.0,-26.0,-20.0
YWS01826,108.0,86.0,-22.0,-20.37
YWS01827,0.0,1.0,1.0,
YWS01828,45.0,40.0,-5.0,-11.11
YWS01829,79.0,66.0,-13.0,-16.46
YWS01830,4.0,2.0,-2.0,-50.0
YWS01831,34.0,29.0,-5.0,-14.71
YWS01832,50.0,53.0,3.0,6.0
YWS01833,37.0,7.0,-30.0,-81.08
YWS01834,0.0,73.0,73.0,
YWS01835,1.0,0.0,-1.0,-100.0
YWS01836,5.0,8.0,3.0,60.0
YWS01837,0.0,1.0,1.0,
YWS01838,0.0,1.0,1.0,
YWS01839,101.0,115.0,14.0,13.86
YWS01840,9.0,12.0,3.0,33.33
YWS01841,17.0,17.0,0.0,0.0
YWS01842,1.0,18.0,17.0,1700.0
YWS01843,0.0,0.0,0.0,
YWS01844,8.0,6.0,-2.0,-25.0
YWS01845,5.0,,,
YWS01846,0.0,0.0,0.0,
YWS01847,14.0,11.0,-3.0,-21.43
YWS01848,54.0,70.0,16.0,29.63
YWS01849,52.0,37.0,-15.0,-28.85
YWS01850,25.0,27.0,2.0,8.0
YWS01851,4.0,3.0,-1.0,-25.0
YWS01852,6.0,9.0,3.0,50.0
YWS01853,2.0,9.0,7.0,350.0
YWS01854,25.0,12.0,-13.0,-52.0
YWS01855,18.0,12.0,-6.0,-33.33
YWS01856,60.0,56.0,-4.0,-6.67
YWS01857,61.0,41.0,-20.0,-32.79
YWS01858,89.0,66.0,-23.0,-25.84
YWS01859,5.0,3.0,-2.0,-40.0
YWS01860,84.0,55.0,-29.0,-34.52
YWS01861,50.0,35.0,-15.0,-30.0
YWS01862,59.0,24.0,-35.0,-59.32
YWS01863,68.0,54.0,-14.0,-20.59
YWS01864,34.0,20.0,-14.0,-41.18
YWS01865,1.0,3.0,2.0,200.0
YWS01866,18.0,13.0,-5.0,-27.78
YWS01867,13.0,12.0,-1.0,-7.69
YWS01868,9.0,6.0,-3.0,-33.33
YWS01869,26.0,15.0,-11.0,-42.31
YWS01870,0.0,0.0,0.0,
YWS01871,3.0,2.0,-1.0,-33.33
YWS01872,57.0,85.0,28.0,49.12
YWS01873,49.0,33.0,-16.0,-32.65
YWS01874,0.0,0.0,0.0,
YWS01875,2.0,2.0,0.0,0.0
YWS01876,11.0,13.0,2.0,18.18
YWS01877,46.0,39.0,-7.0,-15.22
YWS01878,62.0,54.0,-8.0,-12.9
YWS01879,0.0,0.0,0.0,
YWS01880,26.0,27.0,1.0,3.85
YWS01881,53.0,29.0,-24.0,-45.28
YWS01882,0.0,,,
YWS01883,59.0,42.0,-17.0,-28.81
YWS01884,31.0,25.0,-6.0,-19.35
YWS01885,23.0,52.0,29.0,126.09
YWS01886,83.0,19.0,-64.0,-77.11
YWS01887,71.0,58.0,-13.0,-18.31
YWS01888,0.0,9.0,9.0,
YWS01889,20.0,15.0,-5.0,-25.0
YWS01890,3.0,1.0,-2.0,-66.67
YWS01891,60.0,52.0,-8.0,-13.33
YWS01892,25.0,18.0,-7.0,-28.0
YWS01893,0.0,0.0,0.0,
YWS01894,2.0,3.0,1.0,50.0
YWS01895,85.0,56.0,-29.0,-34.12
YWS01896,7.0,4.0,-3.0,-42.86
YWS01897,72.0,54.0,-18.0,-25.0
YWS01898,4.0,6.0,2.0,50.0
YWS01899,66.0,24.0,-42.0,-63.64
YWS01900,37.0,23.0,-14.0,-37.84
YWS01901,38.0,30.0,-8.0,-21.05
YWS01902,89.0,87.0,-2.0,-2.25
YWS01903,36.0,73.0,37.0,102.78
YWS01904,9.0,6.0,-3.0,-33.33
YWS01905,51.0,47.0,-4.0,-7.84
YWS01906,3.0,6.0,3.0,100.0
YWS01908,0.0,0.0,0.0,
YWS01909,4.0,,,
YWS01910,0.0,,,
YWS01911,26.0,23.0,-3.0,-11.54
YWS01912,1.0,1.0,0.0,0.0
YWS01913,9.0,10.0,1.0,11.11
YWS01915,18.0,12.0,-6.0,-33.33
YWS01916,5.0,12.0,7.0,140.0
YWS01917,13.0,12.0,-1.0,-7.69
YWS01918,21.0,13.0,-8.0,-38.1
YWS01919,1.0,0.0,-1.0,-100.0
YWS01920,6.0,1.0,-5.0,-83.33
YWS01921,0.0,3.0,3.0,
YWS01922,0.0,0.0,0.0,
YWS01923,17.0,13.0,-4.0,-23.53
YWS01924,63.0,57.0,-6.0,-9.52
YWS01925,21.0,24.0,3.0,14.29
YWS01926,0.0,0.0,0.0,
YWS01927,1.0,0.0,-1.0,-100.0
YWS01928,47.0,39.0,-8.0,-17.02
YWS01929,1.0,1.0,0.0,0.0
YWS01930,2.0,0.0,-2.0,-100.0
YWS01931,1.0,0.0,-1.0,-100.0
YWS01932,2.0,0.0,-2.0,-100.0
YWS01933,9.0,16.0,7.0,77.78
YWS01934,9.0,4.0,-5.0,-55.56
YWS01935,43.0,14.0,-29.0,-67.44
YWS01936,28.0,18.0,-10.0,-35.71
YWS01937,1.0,0.0,-1.0,-100.0
YWS01938,28.0,27.0,-1.0,-3.57
YWS01939,19.0,13.0,-6.0,-31.58
YWS01940,7.0,3.0,-4.0,-57.14
YWS01941,102.0,80.0,-22.0,-21.57
YWS01942,43.0,29.0,-14.0,-32.56
YWS01943,0.0,0.0,0.0,
YWS01944,32.0,19.0,-13.0,-40.62
YWS01945,27.0,15.0,-12.0,-44.44
YWS01946,77.0,15.0,-62.0,-80.52
YWS01947,60.0,30.0,-30.0,-50.0
YWS01948,0.0,0.0,0.0,
YWS01949,36.0,23.0,-13.0,-36.11
YWS01950,40.0,24.0,-16.0,-40.0
YWS01952,66.0,44.0,-22.0,-33.33
YWS01953,51.0,30.0,-21.0,-41.18
YWS01954,11.0,26.0,15.0,136.36
YWS01955,1.0,0.0,-1.0,-100.0
YWS01956,121.0,97.0,-24.0,-19.83
YWS01957,20.0,67.0,47.0,235.0
YWS01958,0.0,1.0,1.0,
YWS01959,15.0,11.0,-4.0,-26.67
YWS01960,77.0,77.0,0.0,0.0
YWS01961,0.0,0.0,0.0,
YWS01962,0.0,1.0,1.0,
YWS01963,31.0,21.0,-10.0,-32.26
YWS01964,25.0,16.0,-9.0,-36.0
YWS01965,4.0,69.0,65.0,1625.0
YWS01966,0.0,1.0,1.0,
YWS01967,24.0,14.0,-10.0,-41.67
YWS01968,17.0,21.0,4.0,23.53
YWS01969,0.0,5.0,5.0,
YWS01970,40.0,44.0,4.0,10.0
YWS01971,103.0,121.0,18.0,17.48
YWS01972,0.0,0.0,0.0,
YWS01973,37.0,35.0,-2.0,-5.41
YWS01974,95.0,112.0,17.0,17.89
YWS01975,59.0,67.0,8.0,13.56
YWS01976,30.0,93.0,63.0,210.0
YWS01977,15.0,0.0,-15.0,-100.0
YWS01978,11.0,7.0,-4.0,-36.36
YWS01979,2.0,1.0,-1.0,-50.0
YWS01980,58.0,32.0,-26.0,-44.83
YWS01981,1.0,5.0,4.0,400.0
YWS01982,,12.0,,
YWS01983,0.0,0.0,0.0,
YWS01984,74.0,72.0,-2.0,-2.7
YWS01985,0.0,149.0,149.0,
YWS01986,25.0,15.0,-10.0,-40.0
YWS01987,27.0,5.0,-22.0,-81.48
YWS01988,38.0,32.0,-6.0,-15.79
YWS01989,127.0,81.0,-46.0,-36.22
YWS01990,31.0,39.0,8.0,25.81
YWS01991,1.0,1.0,0.0,0.0
YWS01992,11.0,12.0,1.0,9.09
YWS01993,0.0,0.0,0.0,
YWS01994,31.0,18.0,-13.0,-41.94
YWS01995,34.0,5.0,-29.0,-85.29
YWS01996,101.0,80.0,-21.0,-20.79
YWS01997,90.0,37.0,-53.0,-58.89
YWS01998,34.0,11.0,-23.0,-67.65
YWS01999,26.0,14.0,-12.0,-46.15
YWS02000,14.0,8.0,-6.0,-42.86
YWS02001,0.0,0.0,0.0,
YWS02002,4.0,2.0,-2.0,-50.0
YWS02003,16.0,18.0,2.0,12.5
YWS02004,14.0,15.0,1.0,7.14
YWS02005,3.0,1.0,-2.0,-66.67
YWS02006,27.0,100.0,73.0,270.37
YWS02007,,11.0,,
YWS02008,2.0,7.0,5.0,250.0
YWS02009,1.0,4.0,3.0,300.0
YWS02010,34.0,25.0,-9.0,-26.47
YWS02011,1.0,3.0,2.0,200.0
YWS02012,0.0,0.0,0.0,
YWS02013,1.0,0.0,-1.0,-100.0
YWS02014,66.0,61.0,-5.0,-7.58
YWS02015,4.0,6.0,2.0,50.0
YWS02016,40.0,41.0,1.0,2.5
YWS02017,9.0,9.0,0.0,0.0
YWS02018,3.0,1.0,-2.0,-66.67
YWS02019,0.0,0.0,0.0,
YWS02020,4.0,3.0,-1.0,-25.0
YWS02021,35.0,18.0,-17.0,-48.57
YWS02022,0.0,0.0,0.0,
YWS02023,56.0,41.0,-15.0,-26.79
YWS02024,0.0,0.0,0.0,
YWS02025,2.0,1.0,-1.0,-50.0
YWS02026,1.0,9.0,8.0,800.0
YWS02027,0.0,0.0,0.0,
YWS02029,,0.0,,
YWS02030,63.0,49.0,-14.0,-22.22
YWS02031,2.0,2.0,0.0,0.0
YWS02032,17.0,11.0,-6.0,-35.29
YWS02033,1.0,0.0,-1.0,-100.0
YWS02034,1.0,0.0,-1.0,-100.0
YWS02035,3.0,4.0,1.0,33.33
YWS02037,0.0,0.0,0.0,
YWS02038,13.0,49.0,36.0,276.92
YWS02039,3.0,4.0,1.0,33.33
YWS02040,41.0,39.0,-2.0,-4.88
YWS02041,,0.0,,
YWS02042,72.0,57.0,-15.0,-20.83
YWS02043,9.0,19.0,10.0,111.11
YWS02044,50.0,28.0,-22.0,-44.0
YWS02045,29.0,57.0,28.0,96.55
YWS02046,2.0,1.0,-1.0,-50.0
YWS02047,18.0,21.0,3.0,16.67
YWS02048,10.0,6.0,-4.0,-40.0
YWS02049,0.0,1.0,1.0,
YWS02050,0.0,1.0,1.0,
YWS02051,0.0,5.0,5.0,
YWS02052,9.0,15.0,6.0,66.67
YWS02053,0.0,0.0,0.0,
YWS02054,7.0,6.0,-1.0,-14.29
YWS02055,10.0,8.0,-2.0,-20.0
YWS02056,56.0,37.0,-19.0,-33.93
YWS02057,1.0,2.0,1.0,100.0
YWS02058,0.0,17.0,17.0,
YWS02059,0.0,0.0,0.0,
YWS02060,1.0,1.0,0.0,0.0
YWS02061,1.0,0.0,-1.0,-100.0
YWS02062,3.0,2.0,-1.0,-33.33
YWS02063,0.0,0.0,0.0,
YWS02064,56.0,46.0,-10.0,-17.86
YWS02065,67.0,39.0,-28.0,-41.79
YWS02066,54.0,47.0,-7.0,-12.96
YWS02067,34.0,27.0,-7.0,-20.59
YWS02069,0.0,0.0,0.0,
YWS02070,3.0,0.0,-3.0,-100.0
YWS02071,30.0,27.0,-3.0,-10.0
YWS02072,17.0,41.0,24.0,141.18
YWS02073,0.0,0.0,0.0,
YWS02074,34.0,32.0,-2.0,-5.88
YWS02075,41.0,18.0,-23.0,-56.1
YWS02076,7.0,10.0,3.0,42.86
YWS02077,32.0,18.0,-14.0,-43.75
YWS02078,33.0,50.0,17.0,51.52
YWS02079,0.0,1.0,1.0,
YWS02081,24.0,32.0,8.0,33.33
YWS02082,34.0,22.0,-12.0,-35.29
YWS02083,10.0,10.0,0.0,0.0
YWS02084,25.0,17.0,-8.0,-32.0
YWS02085,28.0,21.0,-7.0,-25.0
YWS02086,,2.0,,
YWS02087,2.0,1.0,-1.0,-50.0
YWS02088,23.0,17.0,-6.0,-26.09
YWS02089,3.0,1.0,-2.0,-66.67
YWS02090,2.0,1.0,-1.0,-50.0
YWS02091,14.0,15.0,1.0,7.14
YWS02092,43.0,30.0,-13.0,-30.23
YWS02093,3.0,0.0,-3.0,-100.0
YWS02095,0.0,0.0,0.0,
YWS02096,14.0,31.0,17.0,121.43
YWS02097,9.0,8.0,-1.0,-11.11
YWS02098,0.0,0.0,0.0,
YWS02099,1.0,3.0,2.0,200.0
YWS02100,10.0,13.0,3.0,30.0
YWS02101,0.0,18.0,18.0,
YWS02102,0.0,0.0,0.0,
YWS02103,35.0,12.0,-23.0,-65.71
YWS02104,3.0,2.0,-1.0,-33.33
YWS02105,24.0,37.0,13.0,54.17
YWS02106,6.0,1.0,-5.0,-83.33
YWS02107,6.0,4.0,-2.0,-33.33
YWS02108,3.0,0.0,-3.0,-100.0
YWS02109,4.0,1.0,-3.0,-75.0
YWS02110,41.0,42.0,1.0,2.44
YWS02111,37.0,18.0,-19.0,-51.35
YWS02112,55.0,37.0,-18.0,-32.73
YWS02113,65.0,39.0,-26.0,-40.0
YWS02114,114.0,71.0,-43.0,-37.72
YWS02115,0.0,0.0,0.0,
YWS02116,53.0,75.0,22.0,41.51
YWS02117,9.0,9.0,0.0,0.0
YWS02118,19.0,30.0,11.0,57.89
YWS02119,55.0,28.0,-27.0,-49.09
YWS02120,32.0,17.0,-15.0,-46.88
YWS02121,1.0,37.0,36.0,3600.0
YWS02122,134.0,137.0,3.0,2.24
YWS02123,18.0,16.0,-2.0,-11.11
YWS02124,113.0,110.0,-3.0,-2.65
YWS02125,10.0,2.0,-8.0,-80.0
YWS02126,0.0,0.0,0.0,
YWS02127,5.0,0.0,-5.0,-100.0
YWS02128,9.0,7.0,-2.0,-22.22
YWS02129,25.0,25.0,0.0,0.0
YWS02130,1.0,0.0,-1.0,-100.0
YWS02131,2.0,0.0,-2.0,-100.0
YWS02132,34.0,13.0,-21.0,-61.76
YWS02133,71.0,69.0,-2.0,-2.82
YWS02134,11.0,9.0,-2.0,-18.18
YWS02135,0.0,,,
YWS02136,62.0,59.0,-3.0,-4.84
YWS02137,0.0,0.0,0.0,
YWS02138,29.0,23.0,-6.0,-20.69
YWS02139,42.0,30.0,-12.0,-28.57
YWS02140,34.0,28.0,-6.0,-17.65
YWS02141,17.0,21.0,4.0,23.53
YWS02142,0.0,0.0,0.0,
YWS02143,2.0,3.0,1.0,50.0
YWS02145,3.0,1.0,-2.0,-66.67
YWS02147,8.0,17.0,9.0,112.5
YWS02148,0.0,0.0,0.0,
YWS02149,28.0,21.0,-7.0,-25.0
YWS02150,8.0,8.0,0.0,0.0
YWS02151,121.0,92.0,-29.0,-23.97
YWS02152,9.0,0.0,-9.0,-100.0
YWS02153,0.0,0.0,0.0,
YWS02154,20.0,9.0,-11.0,-55.0
YWS02155,0.0,0.0,0.0,
YWS02156,0.0,0.0,0.0,
YWS02157,36.0,29.0,-7.0,-19.44
YWS02158,85.0,43.0,-42.0,-49.41
YWS02160,0.0,0.0,0.0,
YWS02161,0.0,0.0,0.0,
YWS02162,2.0,2.0,0.0,0.0
YWS02163,122.0,90.0,-32.0,-26.23
YWS02164,4.0,2.0,-2.0,-50.0
YWS02165,3.0,1.0,-2.0,-66.67
YWS02166,117.0,41.0,-76.0,-64.96
YWS02167,23.0,22.0,-1.0,-4.35
YWS02168,23.0,10.0,-13.0,-56.52
YWS02169,8.0,11.0,3.0,37.5
YWS02170,91.0,38.0,-53.0,-58.24
YWS02171,62.0,58.0,-4.0,-6.45
YWS02173,54.0,,,
YWS02174,98.0,67.0,-31.0,-31.63
YWS02175,55.0,66.0,11.0,20.0
YWS02176,20.0,16.0,-4.0,-20.0
YWS02177,1.0,7.0,6.0,600.0
YWS02178,12.0,10.0,-2.0,-16.67
YWS02179,0.0,1.0,1.0,
YWS02180,0.0,2.0,2.0,
YWS02181,1.0,1.0,0.0,0.0
YWS02182,149.0,57.0,-92.0,-61.74
YWS02183,66.0,64.0,-2.0,-3.03
YWS02184,43.0,0.0,-43.0,-100.0
YWS02185,0.0,29.0,29.0,
YWS02186,3.0,2.0,-1.0,-33.33
YWS02188,11.0,19.0,8.0,72.73
YWS02189,6.0,1.0,-5.0,-83.33
YWS02190,75.0,19.0,-56.0,-74.67
YWS02191,6.0,7.0,1.0,16.67
YWS02192,45.0,6.0,-39.0,-86.67
YWS02194,1.0,1.0,0.0,0.0
YWS02195,74.0,66.0,-8.0,-10.81
YWS02196,70.0,35.0,-35.0,-50.0
YWS02197,148.0,136.0,-12.0,-8.11
YWS02198,0.0,,,
YWS02199,10.0,5.0,-5.0,-50.0
YWS02200,0.0,50.0,50.0,
YWS02202,23.0,15.0,-8.0,-34.78
YWS02203,0.0,1.0,1.0,
YWS02204,0.0,0.0,0.0,
YWS02205,5.0,2.0,-3.0,-60.0
YWS02206,0.0,0.0,0.0,
YWS02207,2.0,0.0,-2.0,-100.0
YWS02210,40.0,33.0,-7.0,-17.5
YWS02211,23.0,14.0,-9.0,-39.13
YWS02212,2.0,2.0,0.0,0.0
YWS02213,1.0,2.0,1.0,100.0
YWS02214,0.0,0.0,0.0,
YWS02215,110.0,84.0,-26.0,-23.64
YWS02216,0.0,0.0,0.0,
YWS02217,2.0,1.0,-1.0,-50.0
YWS02220,,1.0,,
YWS02222,60.0,42.0,-18.0,-30.0
YWS02223,0.0,0.0,0.0,
YWS02226,0.0,0.0,0.0,
YWS02227,2.0,13.0,11.0,550.0
YWS02230,2.0,3.0,1.0,50.0
YWS02231,2.0,,,
YWS02232,2.0,3.0,1.0,50.0
YWS02233,0.0,16.0,16.0,
YWS02234,0.0,0.0,0.0,
YWS02236,103.0,91.0,-12.0,-11.65
YWS02238,0.0,5.0,5.0,
YWS02240,5.0,5.0,0.0,0.0
YWS02241,7.0,6.0,-1.0,-14.29
YWS02242,0.0,4.0,4.0,
YWS02243,75.0,65.0,-10.0,-13.33
YWS02244,105.0,43.0,-62.0,-59.05
YWS02245,0.0,55.0,55.0,
YWS02246,40.0,100.0,60.0,150.0
YWS02247,33.0,10.0,-23.0,-69.7
YWS02248,73.0,,,
YWS02249,0.0,2.0,2.0,
YWS02251,0.0,0.0,0.0,
YWS02252,10.0,13.0,3.0,30.0
YWS02253,42.0,66.0,24.0,57.14
YWS02254,2.0,14.0,12.0,600.0
YWS02255,0.0,0.0,0.0,
YWS02256,45.0,32.0,-13.0,-28.89
YWS02257,24.0,41.0,17.0,70.83
YWS02259,96.0,86.0,-10.0,-10.42
YWS02260,0.0,1.0,1.0,
YWS02262,1.0,0.0,-1.0,-100.0
YWS02264,23.0,33.0,10.0,43.48
YWS02267,,10.0,,
YWS02269,0.0,1.0,1.0,
YWS02270,62.0,97.0,35.0,56.45
YWS02271,2.0,2.0,0.0,0.0
YWS02272,0.0,,,
YWS02273,6.0,21.0,15.0,250.0
YWS02275,30.0,22.0,-8.0,-26.67
YWS02276,0.0,5.0,5.0,
YWS02278,12.0,19.0,7.0,58.33
YWS02279,1.0,0.0,-1.0,-100.0
YWS02281,0.0,1.0,1.0,
YWS02284,1.0,2.0,1.0,100.0
YWS02285,44.0,23.0,-21.0,-47.73
YWS02287,31.0,25.0,-6.0,-19.35
YWS02289,11.0,10.0,-1.0,-9.09
YWS02290,35.0,20.0,-15.0,-42.86
YWS02291,48.0,22.0,-26.0,-54.17
YWS02293,7.0,12.0,5.0,71.43
YWS02294,,21.0,,
YWS02295,,12.0,,
YWS02296,,17.0,,
